0.0,0.0,0.0,-0.07433003187179565,-0.026810407638549805,-0.031484704464673996,-0.13904285430908203,-0.10339277982711792,-0.04844360426068306,-0.15317845344543457,-0.20253247022628784,-0.06378769874572754,-0.1142725944519043,-0.2424525022506714,-0.06977120041847229,-0.09334015846252441,-0.25554877519607544,-0.015235739760100842,-0.09751307964324951,-0.3398420810699463,-0.05051726475358009,-0.09198099374771118,-0.23585420846939087,-0.06452653557062149,-0.08837944269180298,-0.2054656744003296,-0.07073795050382614,-0.05038321018218994,-0.2637277841567993,-0.013576284982264042,-0.05500262975692749,-0.33856648206710815,-0.05008646845817566,-0.050485312938690186,-0.21765351295471191,-0.05243431404232979,-0.05217772722244263,-0.20679521560668945,-0.046848513185977936,-0.007655620574951172,-0.2679741382598877,-0.01899142749607563,-0.009823083877563477,-0.3419175148010254,-0.05481422320008278,-0.01188427209854126,-0.22667628526687622,-0.03801916539669037,-0.012275636196136475,-0.2102895975112915,-0.018504198640584946,0.03597146272659302,-0.26150065660476685,-0.027739286422729492,0.032888829708099365,-0.32515013217926025,-0.04493887722492218,0.025004863739013672,-0.24179857969284058,-0.030002349987626076,0.022739171981811523,-0.21719497442245483,-0.01444451604038477
0.0,0.0,0.0,-0.07331764698028564,-0.021934032440185547,-0.03063194267451763,-0.13895606994628906,-0.10026806592941284,-0.04677329212427139,-0.15471434593200684,-0.2003224492073059,-0.06152234598994255,-0.11584001779556274,-0.2415899634361267,-0.06708893924951553,-0.09317934513092041,-0.2533872723579407,-0.013608158566057682,-0.09752041101455688,-0.3377428650856018,-0.04942585155367851,-0.09145039319992065,-0.23350828886032104,-0.06340491026639938,-0.08771491050720215,-0.20286309719085693,-0.06940009444952011,-0.04980653524398804,-0.26203662157058716,-0.012736762873828411,-0.055427372455596924,-0.336786150932312,-0.05028373748064041,-0.05049401521682739,-0.2155008316040039,-0.052700888365507126,-0.051552414894104004,-0.20499014854431152,-0.04648676514625549,-0.006716370582580566,-0.26674818992614746,-0.019048796966671944,-0.0104750394821167,-0.33926230669021606,-0.05588814243674278,-0.011649131774902344,-0.22335666418075562,-0.03909142315387726,-0.011114418506622314,-0.2088908553123474,-0.019030237570405006,0.037738680839538574,-0.26101958751678467,-0.028622068464756012,0.03267568349838257,-0.32142961025238037,-0.046778712421655655,0.025650739669799805,-0.23666608333587646,-0.03201095759868622,0.024576425552368164,-0.21364825963974,-0.016193224117159843
0.0,0.0,0.0,-0.07351863384246826,-0.023625493049621582,-0.031031951308250427,-0.13880419731140137,-0.10005795955657959,-0.04776797816157341,-0.15456879138946533,-0.19851809740066528,-0.06318087875843048,-0.11686402559280396,-0.24230855703353882,-0.06931751221418381,-0.09423309564590454,-0.25252223014831543,-0.0136571591719985,-0.0987960696220398,-0.33700793981552124,-0.049462128430604935,-0.09315437078475952,-0.23296326398849487,-0.06380315870046616,-0.08969414234161377,-0.2034463882446289,-0.07017487287521362,-0.051299333572387695,-0.26164668798446655,-0.012627091258764267,-0.05678987503051758,-0.33685916662216187,-0.05036722123622894,-0.05207306146621704,-0.21541523933410645,-0.05311039090156555,-0.05339682102203369,-0.2045544981956482,-0.047294508665800095,-0.00873410701751709,-0.26680588722229004,-0.018818477168679237,-0.011908948421478271,-0.34075677394866943,-0.05576268956065178,-0.013255536556243896,-0.22491341829299927,-0.03896154463291168,-0.012990176677703857,-0.2084437608718872,-0.01897086761891842,0.03538191318511963,-0.2616320848464966,-0.02833014726638794,0.03091365098953247,-0.3226686120033264,-0.046341802924871445,0.023775160312652588,-0.2396763563156128,-0.03169897943735123,0.022392630577087402,-0.21646195650100708,-0.016091709956526756
0.0,0.0,0.0,-0.07235807180404663,-0.01950383186340332,-0.033196162432432175,-0.13693147897720337,-0.09492254257202148,-0.05136256292462349,-0.150942862033844,-0.19471502304077148,-0.06756386905908585,-0.11279559135437012,-0.2370237112045288,-0.07460866123437881,-0.09279894828796387,-0.24986594915390015,-0.0184413380920887,-0.09653759002685547,-0.334166944026947,-0.05433201044797897,-0.08989894390106201,-0.2320815920829773,-0.0672437995672226,-0.08617216348648071,-0.20086586475372314,-0.07235851883888245,-0.0494694709777832,-0.25913262367248535,-0.016553154215216637,-0.054068684577941895,-0.3316314220428467,-0.0546603798866272,-0.04879814386367798,-0.21152925491333008,-0.056707724928855896,-0.05044138431549072,-0.20070576667785645,-0.05014561116695404,-0.0064849853515625,-0.2636464834213257,-0.021845869719982147,-0.009229660034179688,-0.33241283893585205,-0.059869296848773956,-0.010338068008422852,-0.21752607822418213,-0.04355312138795853,-0.010462403297424316,-0.20287102460861206,-0.023619187995791435,0.03742492198944092,-0.25729894638061523,-0.03044089488685131,0.0330544114112854,-0.31750762462615967,-0.050055015832185745,0.02652794122695923,-0.23221707344055176,-0.03598802909255028,0.024952054023742676,-0.2074190378189087,-0.020444462075829506
0.0,0.0,0.0,-0.07355540990829468,-0.02228182554244995,-0.0316174142062664,-0.13792109489440918,-0.09407174587249756,-0.04995254427194595,-0.15148574113845825,-0.19357049465179443,-0.06700547784566879,-0.11308938264846802,-0.23218047618865967,-0.07510719448328018,-0.09301376342773438,-0.2507053017616272,-0.015979290008544922,-0.09836572408676147,-0.3346439003944397,-0.051162928342819214,-0.09219354391098022,-0.2359721064567566,-0.06363671272993088,-0.08766520023345947,-0.20250344276428223,-0.06806466728448868,-0.050347089767456055,-0.26013946533203125,-0.014586403965950012,-0.056596338748931885,-0.3328348398208618,-0.05115191638469696,-0.05074375867843628,-0.2133921980857849,-0.05172532796859741,-0.05037957429885864,-0.1980191469192505,-0.04424028843641281,-0.008410334587097168,-0.2643929123878479,-0.020444855093955994,-0.012524545192718506,-0.3352302312850952,-0.05684836953878403,-0.013155221939086914,-0.22020018100738525,-0.03941496089100838,-0.01183927059173584,-0.19833898544311523,-0.01881341077387333,0.034919917583465576,-0.2565101981163025,-0.029652340337634087,0.02989119291305542,-0.32191574573516846,-0.047599539160728455,0.02262711524963379,-0.23878806829452515,-0.03276743367314339,0.021196842193603516,-0.2103205919265747,-0.016817428171634674
0.0,0.0,0.0,-0.07681035995483398,-0.026134252548217773,-0.03393290936946869,-0.14297175407409668,-0.09794169664382935,-0.05330294370651245,-0.1571142077445984,-0.20057296752929688,-0.07065394520759583,-0.11584794521331787,-0.23574447631835938,-0.07860454171895981,-0.0966576337814331,-0.25419795513153076,-0.018755463883280754,-0.10317736864089966,-0.3336767554283142,-0.053658902645111084,-0.09757280349731445,-0.23179423809051514,-0.0670071691274643,-0.09077447652816772,-0.201360821723938,-0.07294559478759766,-0.05362248420715332,-0.26428675651550293,-0.015773875638842583,-0.06090456247329712,-0.3353675603866577,-0.051950179040431976,-0.05654442310333252,-0.21519756317138672,-0.05262993276119232,-0.05545300245285034,-0.20137536525726318,-0.046482644975185394,-0.011754155158996582,-0.2686160206794739,-0.019965514540672302,-0.015905439853668213,-0.3402649164199829,-0.05494994670152664,-0.018830955028533936,-0.22550088167190552,-0.036809418350458145,-0.01711350679397583,-0.2042338252067566,-0.016956374049186707,0.03147333860397339,-0.26067906618118286,-0.027901045978069305,0.025649845600128174,-0.3253796100616455,-0.04436246678233147,0.01668757200241089,-0.2424444556236267,-0.029185188934206963,0.015225589275360107,-0.2139003872871399,-0.013943520374596119
0.0,0.0,0.0,-0.07616668939590454,-0.025146663188934326,-0.035656385123729706,-0.14372259378433228,-0.0950818657875061,-0.05678671970963478,-0.1575985550880432,-0.19678300619125366,-0.07569665461778641,-0.11520874500274658,-0.22907644510269165,-0.08524169027805328,-0.09692806005477905,-0.25431907176971436,-0.022195322439074516,-0.1054958701133728,-0.33147647976875305,-0.05888949707150459,-0.0983891487121582,-0.22728729248046875,-0.07325844466686249,-0.09078848361968994,-0.19941455125808716,-0.07983911037445068,-0.05355656147003174,-0.2626887559890747,-0.019220368936657906,-0.062275469303131104,-0.33292344212532043,-0.05771290883421898,-0.056449294090270996,-0.20984786748886108,-0.05878014490008354,-0.05478602647781372,-0.19791030883789062,-0.05253879353404045,-0.011365294456481934,-0.26597851514816284,-0.023508885875344276,-0.016708314418792725,-0.33761149644851685,-0.06076342985033989,-0.01896989345550537,-0.2191382646560669,-0.04208626225590706,-0.016833186149597168,-0.19893252849578857,-0.021360699087381363,0.031973958015441895,-0.25704991817474365,-0.0316501222550869,0.02513676881790161,-0.32133159041404724,-0.04942712187767029,0.01624429225921631,-0.2353038191795349,-0.03377005457878113,0.014835476875305176,-0.20633584260940552,-0.017941437661647797
0.0,0.0,0.0,-0.07471072673797607,-0.024725615978240967,-0.035760026425123215,-0.14078837633132935,-0.09464871883392334,-0.056575577706098557,-0.1544443964958191,-0.19555634260177612,-0.07535518705844879,-0.11226838827133179,-0.2308095097541809,-0.08485393971204758,-0.09526216983795166,-0.25577712059020996,-0.019610293209552765,-0.10259205102920532,-0.33167412877082825,-0.05638084560632706,-0.09539526700973511,-0.22947412729263306,-0.07116527855396271,-0.08829528093338013,-0.20032286643981934,-0.07770255208015442,-0.05195820331573486,-0.2646474242210388,-0.01663358137011528,-0.06014823913574219,-0.3330059051513672,-0.05497492477297783,-0.05423480272293091,-0.21158337593078613,-0.056474827229976654,-0.05264168977737427,-0.19833314418792725,-0.050064314156770706,-0.009716331958770752,-0.2681822180747986,-0.0212266705930233,-0.014978528022766113,-0.3383186161518097,-0.05882306769490242,-0.016908884048461914,-0.22053980827331543,-0.04119794815778732,-0.015098989009857178,-0.19932663440704346,-0.020672746002674103,0.03370463848114014,-0.2594340443611145,-0.02964332513511181,0.027090489864349365,-0.32254236936569214,-0.04765096306800842,0.018192708492279053,-0.23760521411895752,-0.03259478136897087,0.016635239124298096,-0.20907050371170044,-0.016847923398017883
0.0,0.0,0.0,-0.0765804648399353,-0.026917994022369385,-0.03244803100824356,-0.14126944541931152,-0.09573668241500854,-0.051597725600004196,-0.15443259477615356,-0.19497603178024292,-0.06890680640935898,-0.11343669891357422,-0.2267613410949707,-0.0770028680562973,-0.09611845016479492,-0.25237953662872314,-0.018447425216436386,-0.10206454992294312,-0.3335516154766083,-0.054498154670000076,-0.09595251083374023,-0.23111271858215332,-0.06979992240667343,-0.09069418907165527,-0.19738131761550903,-0.07669908553361893,-0.052747488021850586,-0.2615051865577698,-0.015929829329252243,-0.06042635440826416,-0.33624446392059326,-0.05171990022063255,-0.05486714839935303,-0.2143087387084961,-0.05307076498866081,-0.05439966917037964,-0.19751465320587158,-0.04725652560591698,-0.010615944862365723,-0.2670196294784546,-0.02038537710905075,-0.015848875045776367,-0.3409295082092285,-0.055097516626119614,-0.01775074005126953,-0.22302907705307007,-0.03679194301366806,-0.016427278518676758,-0.19823002815246582,-0.01659555919468403,0.03235071897506714,-0.26071685552597046,-0.028422173112630844,0.02566683292388916,-0.3262292444705963,-0.04485383257269859,0.017611443996429443,-0.24186092615127563,-0.029094133526086807,0.01660388708114624,-0.21249502897262573,-0.013134591281414032
0.0,0.0,0.0,-0.07665538787841797,-0.024477660655975342,-0.034106045961380005,-0.14341437816619873,-0.09735727310180664,-0.05370183289051056,-0.15724551677703857,-0.1999395489692688,-0.07150455564260483,-0.11497491598129272,-0.23239994049072266,-0.0801137164235115,-0.09702914953231812,-0.2548938989639282,-0.01814623922109604,-0.104495108127594,-0.33282530307769775,-0.05395805463194847,-0.09778004884719849,-0.23066681623458862,-0.06826010346412659,-0.0902167558670044,-0.20018082857131958,-0.07467400282621384,-0.05367511510848999,-0.2647412419319153,-0.01542706973850727,-0.062116801738739014,-0.3349055051803589,-0.052883267402648926,-0.05671226978302002,-0.21375799179077148,-0.0541585236787796,-0.05494660139083862,-0.19895529747009277,-0.047782789915800095,-0.011482656002044678,-0.2699236273765564,-0.020074177533388138,-0.017155945301055908,-0.339386910200119,-0.05616375058889389,-0.019360065460205078,-0.223150372505188,-0.03864181414246559,-0.017024099826812744,-0.20229029655456543,-0.0185664352029562,0.03222256898880005,-0.26347100734710693,-0.028476767241954803,0.02492576837539673,-0.3258015513420105,-0.04502959921956062,0.016412436962127686,-0.24251914024353027,-0.03003448247909546,0.01576554775238037,-0.2151392102241516,-0.014696772210299969
0.0,0.0,0.0,-0.07474970817565918,-0.024904608726501465,-0.035112470388412476,-0.14070916175842285,-0.0961335301399231,-0.0554836131632328,-0.15469735860824585,-0.198541522026062,-0.0740872472524643,-0.11280703544616699,-0.23037195205688477,-0.08355388045310974,-0.09518766403198242,-0.25355130434036255,-0.018239647150039673,-0.10235536098480225,-0.3332231044769287,-0.055239468812942505,-0.09586018323898315,-0.23138374090194702,-0.07050757110118866,-0.08880442380905151,-0.19901597499847412,-0.07718409597873688,-0.052086472511291504,-0.2637907862663269,-0.015388907864689827,-0.059988439083099365,-0.33542564511299133,-0.05360765382647514,-0.054648756980895996,-0.21459490060806274,-0.05524797737598419,-0.05284994840621948,-0.19859647750854492,-0.04868270456790924,-0.010182440280914307,-0.26893097162246704,-0.02014881558716297,-0.01544499397277832,-0.33938151597976685,-0.057121556252241135,-0.01768893003463745,-0.22289645671844482,-0.03961336612701416,-0.015372097492218018,-0.20001959800720215,-0.019065817818045616,0.03303658962249756,-0.2620011568069458,-0.028774486854672432,0.025975584983825684,-0.32437798380851746,-0.046063609421253204,0.017187118530273438,-0.24092084169387817,-0.031056784093379974,0.01606684923171997,-0.21230101585388184,-0.015364332124590874
0.0,0.0,0.0,-0.07349944114685059,-0.021646559238433838,-0.03365744650363922,-0.13849300146102905,-0.09408652782440186,-0.05280555039644241,-0.15174239873886108,-0.19095712900161743,-0.07022285461425781,-0.11202055215835571,-0.22881293296813965,-0.07851096242666245,-0.09479457139968872,-0.2472783327102661,-0.020281245931982994,-0.10044282674789429,-0.330878347158432,-0.05754559114575386,-0.09362906217575073,-0.22710293531417847,-0.0721496120095253,-0.08786427974700928,-0.19484460353851318,-0.07825209200382233,-0.051139235496520996,-0.25612884759902954,-0.017934011295437813,-0.05796098709106445,-0.3317558467388153,-0.05599002167582512,-0.05253493785858154,-0.20905131101608276,-0.05698779225349426,-0.052131712436676025,-0.19197362661361694,-0.0500030480325222,-0.008565366268157959,-0.2623037099838257,-0.022877370938658714,-0.01364511251449585,-0.3364754617214203,-0.06022270396351814,-0.014715790748596191,-0.21726179122924805,-0.04210283234715462,-0.01343601942062378,-0.1941254734992981,-0.02098146267235279,0.03506660461425781,-0.2580438256263733,-0.031394362449645996,0.028131961822509766,-0.3230418264865875,-0.04950179532170296,0.021544992923736572,-0.23915374279022217,-0.03449668362736702,0.021167755126953125,-0.21171033382415771,-0.01860019937157631
0.0,0.0,0.0,-0.07701665163040161,-0.02523285150527954,-0.03304222598671913,-0.14344006776809692,-0.09582221508026123,-0.052420977503061295,-0.1574353575706482,-0.1977783441543579,-0.07010447233915329,-0.11516976356506348,-0.22998493909835815,-0.07850739359855652,-0.09742468595504761,-0.2535344362258911,-0.01842896081507206,-0.10469335317611694,-0.3310297429561615,-0.05414516478776932,-0.09884363412857056,-0.22824323177337646,-0.06807722896337509,-0.09214526414871216,-0.20106011629104614,-0.0744539126753807,-0.0539584755897522,-0.26267415285110474,-0.016157347708940506,-0.06301045417785645,-0.33203545212745667,-0.05314118042588234,-0.05747044086456299,-0.21001958847045898,-0.053785692900419235,-0.05553168058395386,-0.1990346908569336,-0.04743101820349693,-0.01156538724899292,-0.26761937141418457,-0.02108343504369259,-0.01801973581314087,-0.3393727242946625,-0.05699906125664711,-0.019603252410888672,-0.22165626287460327,-0.03867606818675995,-0.01665860414505005,-0.20129728317260742,-0.018348846584558487,0.032270073890686035,-0.2612341642379761,-0.029623469337821007,0.024078667163848877,-0.32636773586273193,-0.04608713462948799,0.01614910364151001,-0.24190831184387207,-0.030432915315032005,0.01628929376602173,-0.2138487696647644,-0.01471339538693428
0.0,0.0,0.0,-0.07726484537124634,-0.026673436164855957,-0.03409165143966675,-0.1431533694267273,-0.0995907187461853,-0.0545189343392849,-0.15710949897766113,-0.200545072555542,-0.07296770066022873,-0.11500364542007446,-0.23284107446670532,-0.08204315602779388,-0.0962672233581543,-0.2587125897407532,-0.0207769013941288,-0.10293090343475342,-0.33670178055763245,-0.05707305297255516,-0.0974736213684082,-0.23435962200164795,-0.07157920300960541,-0.0911257266998291,-0.2041569948196411,-0.07805974036455154,-0.052909255027770996,-0.2664335370063782,-0.01789345219731331,-0.06181967258453369,-0.3358040750026703,-0.054754775017499924,-0.05688196420669556,-0.21416950225830078,-0.05558929592370987,-0.0551874041557312,-0.2007802128791809,-0.04937632381916046,-0.010269641876220703,-0.2711368203163147,-0.0221541877835989,-0.01699507236480713,-0.34357672929763794,-0.05761722847819328,-0.019073665142059326,-0.2255595326423645,-0.039348602294921875,-0.016630232334136963,-0.20361894369125366,-0.019159896299242973,0.03336286544799805,-0.2653003931045532,-0.030130280181765556,0.025151968002319336,-0.33007726073265076,-0.0464087538421154,0.01697784662246704,-0.24616503715515137,-0.030855529010295868,0.016941428184509277,-0.21829438209533691,-0.01516154408454895
0.0,0.0,0.0,-0.07649749517440796,-0.026244819164276123,-0.03410736098885536,-0.14265817403793335,-0.10075432062149048,-0.05439527705311775,-0.1558365821838379,-0.20194822549819946,-0.07276449352502823,-0.11358010768890381,-0.23552125692367554,-0.08200721442699432,-0.09562689065933228,-0.2578248977661133,-0.021392712369561195,-0.10244297981262207,-0.33626067638397217,-0.057858921587467194,-0.09727329015731812,-0.23326057195663452,-0.07218773663043976,-0.09007751941680908,-0.20415544509887695,-0.0785520151257515,-0.05217045545578003,-0.264862060546875,-0.018517186865210533,-0.06136244535446167,-0.3337782919406891,-0.055401816964149475,-0.05648010969161987,-0.21271240711212158,-0.05572542920708656,-0.05362725257873535,-0.20001792907714844,-0.04916968196630478,-0.009543895721435547,-0.26917576789855957,-0.022876471281051636,-0.016429603099822998,-0.34138426184654236,-0.05885825678706169,-0.01861286163330078,-0.22358888387680054,-0.040886878967285156,-0.015321075916290283,-0.20110958814620972,-0.020734835416078568,0.03443467617034912,-0.2629673480987549,-0.030891479924321175,0.025872647762298584,-0.3299823999404907,-0.04799625277519226,0.01745682954788208,-0.24500787258148193,-0.032916441559791565,0.01759493350982666,-0.21445930004119873,-0.017402134835720062
0.0,0.0,0.0,-0.07452601194381714,-0.02301204204559326,-0.03339565545320511,-0.13978981971740723,-0.09626400470733643,-0.05300506204366684,-0.1522613763809204,-0.19602042436599731,-0.07120300084352493,-0.11120325326919556,-0.23150163888931274,-0.080587238073349,-0.09417128562927246,-0.2495993971824646,-0.01892840303480625,-0.09986025094985962,-0.3314427435398102,-0.055938102304935455,-0.09383678436279297,-0.22962063550949097,-0.07090529799461365,-0.08705657720565796,-0.19591540098190308,-0.07726595550775528,-0.05074179172515869,-0.25864607095718384,-0.01690661907196045,-0.05764269828796387,-0.33353787660598755,-0.054820239543914795,-0.053298234939575195,-0.21255981922149658,-0.055963873863220215,-0.05168050527572632,-0.1942921280860901,-0.04913431406021118,-0.008333921432495117,-0.26407861709594727,-0.022247111424803734,-0.01262199878692627,-0.3379703164100647,-0.05914676934480667,-0.015508413314819336,-0.22021275758743286,-0.04114293307065964,-0.013742685317993164,-0.19621998071670532,-0.020355021581053734,0.03542435169219971,-0.25797373056411743,-0.0312517024576664,0.029169559478759766,-0.3228887617588043,-0.0487949401140213,0.020349740982055664,-0.23904263973236084,-0.03359498083591461,0.019445180892944336,-0.21032214164733887,-0.017811888828873634
0.0,0.0,0.0,-0.07550299167633057,-0.024876952171325684,-0.03316643089056015,-0.1400589942932129,-0.09349888563156128,-0.053308527916669846,-0.1514386534690857,-0.19148486852645874,-0.07171446830034256,-0.11171257495880127,-0.23306292295455933,-0.08108045160770416,-0.09346270561218262,-0.2495531439781189,-0.02128906175494194,-0.10005563497543335,-0.3308108448982239,-0.05752916261553764,-0.09452146291732788,-0.22970902919769287,-0.07184704393148422,-0.0880197286605835,-0.19680935144424438,-0.07792708277702332,-0.05026727914810181,-0.25836849212646484,-0.01885128952562809,-0.05884253978729248,-0.3313368260860443,-0.055982623249292374,-0.05426132678985596,-0.21072977781295776,-0.05686316266655922,-0.05167430639266968,-0.19310033321380615,-0.050471317023038864,-0.008356809616088867,-0.26382988691329956,-0.023385973647236824,-0.01435232162475586,-0.33713409304618835,-0.05943036079406738,-0.016997098922729492,-0.21967488527297974,-0.04108007624745369,-0.014399826526641846,-0.19449496269226074,-0.02063053660094738,0.034936487674713135,-0.25788360834121704,-0.031485799700021744,0.027369439601898193,-0.32403314113616943,-0.04880792647600174,0.01890486478805542,-0.24033880233764648,-0.03337300568819046,0.018840789794921875,-0.2106415033340454,-0.01754039339721203
0.0,0.0,0.0,-0.07734304666519165,-0.030495285987854004,-0.03289386257529259,-0.14193332195281982,-0.10109394788742065,-0.05333614721894264,-0.15426063537597656,-0.1997191309928894,-0.07205834984779358,-0.11406558752059937,-0.23413217067718506,-0.0818217545747757,-0.09452676773071289,-0.25915980339050293,-0.02051888033747673,-0.10157179832458496,-0.33736327290534973,-0.05589081719517708,-0.09696030616760254,-0.23551392555236816,-0.07034122198820114,-0.08990007638931274,-0.20343226194381714,-0.07696034014225006,-0.05064636468887329,-0.26641684770584106,-0.017750395461916924,-0.06000804901123047,-0.33561137318611145,-0.0535811148583889,-0.05652594566345215,-0.21505337953567505,-0.05497055500745773,-0.05443662405014038,-0.19876402616500854,-0.04976359009742737,-0.008024334907531738,-0.27021872997283936,-0.021759815514087677,-0.015239715576171875,-0.3433420658111572,-0.05615798011422157,-0.01899510622024536,-0.2261396050453186,-0.0382797010242939,-0.01664024591445923,-0.19985634088516235,-0.01891273818910122,0.03607457876205444,-0.2624744176864624,-0.029345737770199776,0.02692776918411255,-0.3291819393634796,-0.04548622667789459,0.017767727375030518,-0.2456037998199463,-0.03015296161174774,0.017606079578399658,-0.21521466970443726,-0.01483434159308672
0.0,0.0,0.0,-0.07401680946350098,-0.023237526416778564,-0.03159443289041519,-0.1385195255279541,-0.09299737215042114,-0.04940911754965782,-0.1506379246711731,-0.1932169795036316,-0.06576905399560928,-0.1098330020904541,-0.22866284847259521,-0.07336167991161346,-0.09233814477920532,-0.24552452564239502,-0.015453805215656757,-0.0982903242111206,-0.32661157846450806,-0.05131231248378754,-0.09023737907409668,-0.22577190399169922,-0.06607015430927277,-0.08408099412918091,-0.1948416829109192,-0.07245765626430511,-0.049510836601257324,-0.25472038984298706,-0.013665124773979187,-0.05604022741317749,-0.32924649119377136,-0.050860777497291565,-0.049369215965270996,-0.20954138040542603,-0.0531596802175045,-0.04888033866882324,-0.1939404010772705,-0.04705866053700447,-0.007777035236358643,-0.26029717922210693,-0.01897318847477436,-0.012284994125366211,-0.33184996247291565,-0.054862212389707565,-0.013131320476531982,-0.21508383750915527,-0.037752676755189896,-0.011946439743041992,-0.19442379474639893,-0.017649266868829727,0.03525257110595703,-0.2540940046310425,-0.02771335281431675,0.029020309448242188,-0.31673887372016907,-0.04479662701487541,0.021850168704986572,-0.23171532154083252,-0.02971365489065647,0.02105128765106201,-0.20442503690719604,-0.013914940878748894
0.0,0.0,0.0,-0.07525312900543213,-0.024524271488189697,-0.033158279955387115,-0.14069455862045288,-0.09588783979415894,-0.05197137966752052,-0.15255749225616455,-0.19768214225769043,-0.06904687732458115,-0.11123305559158325,-0.23391485214233398,-0.07704392820596695,-0.09446734189987183,-0.2490154504776001,-0.017288751900196075,-0.09943264722824097,-0.32931169867515564,-0.05294239893555641,-0.0923454761505127,-0.22789537906646729,-0.0671023577451706,-0.08657491207122803,-0.195290207862854,-0.07312391698360443,-0.05114871263504028,-0.2590182423591614,-0.014736778102815151,-0.05650675296783447,-0.33290329575538635,-0.05138617381453514,-0.051176369190216064,-0.21189069747924805,-0.05269739776849747,-0.05102109909057617,-0.19621628522872925,-0.04641273245215416,-0.009014546871185303,-0.26395273208618164,-0.019383061677217484,-0.011619389057159424,-0.3368881344795227,-0.05524016171693802,-0.0139542818069458,-0.21983033418655396,-0.03734862804412842,-0.013612866401672363,-0.197623610496521,-0.01702691800892353,0.03409510850906372,-0.2561383843421936,-0.027622738853096962,0.02997380495071411,-0.3201383352279663,-0.04474659636616707,0.021741271018981934,-0.2367064356803894,-0.029589423909783363,0.019834041595458984,-0.20951002836227417,-0.013962885364890099
0.0,0.0,0.0,-0.07417231798171997,-0.022393345832824707,-0.03363635763525963,-0.13896989822387695,-0.0974351167678833,-0.052791982889175415,-0.1513882875442505,-0.20062005519866943,-0.07042739540338516,-0.1091848611831665,-0.23436260223388672,-0.07936817407608032,-0.09242933988571167,-0.24804818630218506,-0.01782715879380703,-0.09674745798110962,-0.330915629863739,-0.05433095246553421,-0.09014278650283813,-0.22999393939971924,-0.06875699758529663,-0.08385813236236572,-0.19634616374969482,-0.07469910383224487,-0.04891246557235718,-0.25712722539901733,-0.015399439260363579,-0.053524136543273926,-0.3317944407463074,-0.05277848616242409,-0.04870980978012085,-0.21216940879821777,-0.05407160520553589,-0.0486905574798584,-0.19488686323165894,-0.04731497913599014,-0.006525278091430664,-0.2616886496543884,-0.02035827748477459,-0.008899450302124023,-0.3349355459213257,-0.057368457317352295,-0.011428654193878174,-0.2180696725845337,-0.04016511142253876,-0.011181831359863281,-0.19477134943008423,-0.019736694172024727,0.03691917657852173,-0.2541700601577759,-0.028886741027235985,0.032880187034606934,-0.31949588656425476,-0.04699048399925232,0.024594128131866455,-0.23510974645614624,-0.032398782670497894,0.022449970245361328,-0.20542991161346436,-0.016884781420230865
0.0,0.0,0.0,-0.07393872737884521,-0.024097204208374023,-0.031179621815681458,-0.13819247484207153,-0.09735751152038574,-0.04902973026037216,-0.14963942766189575,-0.19999581575393677,-0.06576937437057495,-0.1075933575630188,-0.23391854763031006,-0.07400611788034439,-0.09156471490859985,-0.2464965581893921,-0.014971309341490269,-0.09608966112136841,-0.3299679160118103,-0.05078836902976036,-0.08897566795349121,-0.22939789295196533,-0.0657072588801384,-0.0829235315322876,-0.1960521936416626,-0.07219403982162476,-0.048301517963409424,-0.25598859786987305,-0.013476933352649212,-0.05307644605636597,-0.33220788836479187,-0.05025375634431839,-0.047557294368743896,-0.214133620262146,-0.052675761282444,-0.04818844795227051,-0.1963253617286682,-0.04690677300095558,-0.0061081647872924805,-0.26157981157302856,-0.01906292326748371,-0.009034872055053711,-0.33613908290863037,-0.05457639694213867,-0.010926485061645508,-0.22048801183700562,-0.037732843309640884,-0.01111823320388794,-0.1973665952682495,-0.017983974888920784,0.03736990690231323,-0.2552306056022644,-0.028051763772964478,0.03258711099624634,-0.3207041323184967,-0.044789526611566544,0.024927139282226562,-0.23725897073745728,-0.029910992830991745,0.023031890392303467,-0.2087656855583191,-0.014463732950389385
0.0,0.0,0.0,-0.07352340221405029,-0.024645507335662842,-0.035989902913570404,-0.13764196634292603,-0.10082101821899414,-0.056720346212387085,-0.14821195602416992,-0.20020169019699097,-0.07537633180618286,-0.10714775323867798,-0.23899370431900024,-0.08496177941560745,-0.09249109029769897,-0.25543874502182007,-0.02041432447731495,-0.09431689977645874,-0.33335617184638977,-0.05718550831079483,-0.09022700786590576,-0.2322482466697693,-0.07145527750253677,-0.08482223749160767,-0.2029450535774231,-0.07756129652261734,-0.04836302995681763,-0.2632620334625244,-0.017204592004418373,-0.05203592777252197,-0.3340689539909363,-0.05519939959049225,-0.04981154203414917,-0.2134748101234436,-0.05621069669723511,-0.04928380250930786,-0.19916576147079468,-0.04930700361728668,-0.005574822425842285,-0.26672589778900146,-0.021637380123138428,-0.007384002208709717,-0.3373735249042511,-0.05927824229001999,-0.011607527732849121,-0.22054582834243774,-0.042376451194286346,-0.010444462299346924,-0.19931286573410034,-0.022226305678486824,0.038278162479400635,-0.26002663373947144,-0.02978961169719696,0.033689677715301514,-0.322866827249527,-0.048096369951963425,0.02492600679397583,-0.23972123861312866,-0.03404339402914047,0.024043381214141846,-0.21247321367263794,-0.019007939845323563
0.0,0.0,0.0,-0.07362306118011475,-0.026757359504699707,-0.03549836203455925,-0.1381899118423462,-0.09858345985412598,-0.05568262189626694,-0.14909732341766357,-0.1984308958053589,-0.07374662905931473,-0.1073116660118103,-0.23572683334350586,-0.08271928131580353,-0.0900912880897522,-0.2530273199081421,-0.019080834463238716,-0.09433180093765259,-0.3323995769023895,-0.054799165576696396,-0.08925813436508179,-0.2315056324005127,-0.06880270689725876,-0.0837673544883728,-0.2009010910987854,-0.07471822947263718,-0.04686993360519409,-0.26059091091156006,-0.015773121267557144,-0.051404356956481934,-0.3322311043739319,-0.05304466933012009,-0.04847872257232666,-0.2140442132949829,-0.05515136942267418,-0.048359811305999756,-0.20081913471221924,-0.04922245070338249,-0.004716634750366211,-0.2634812593460083,-0.019874362275004387,-0.006444871425628662,-0.33473360538482666,-0.05635315552353859,-0.011136531829833984,-0.2209450602531433,-0.04022277891635895,-0.010857462882995605,-0.20167922973632812,-0.020959649235010147,0.038736939430236816,-0.25547289848327637,-0.027641257271170616,0.03503227233886719,-0.32055753469467163,-0.045007966458797455,0.024969041347503662,-0.23682314157485962,-0.030535699799656868,0.022483110427856445,-0.2084065079689026,-0.015333157032728195
0.0,0.0,0.0,-0.07380849123001099,-0.026208043098449707,-0.03758491948246956,-0.1372656226158142,-0.09944289922714233,-0.059162065386772156,-0.1468878984451294,-0.1967219114303589,-0.07827167212963104,-0.10719895362854004,-0.24216383695602417,-0.08817727118730545,-0.0927160382270813,-0.25543373823165894,-0.02306327596306801,-0.0940733551979065,-0.33541470766067505,-0.06083160638809204,-0.08905869722366333,-0.23367351293563843,-0.0761922299861908,-0.08419650793075562,-0.20242279767990112,-0.08278403431177139,-0.047807276248931885,-0.26211369037628174,-0.019183127209544182,-0.050139784812927246,-0.33423474431037903,-0.0580529049038887,-0.04785269498825073,-0.21474963426589966,-0.060970600694417953,-0.04933673143386841,-0.19908756017684937,-0.055656325072050095,-0.004299759864807129,-0.2650861144065857,-0.02278141677379608,-0.004427909851074219,-0.3372710943222046,-0.06139449402689934,-0.008882462978363037,-0.2211281657218933,-0.04499100148677826,-0.010376989841461182,-0.19909882545471191,-0.02519935555756092,0.03980296850204468,-0.2574591636657715,-0.03011266700923443,0.03702157735824585,-0.3224658668041229,-0.04936234652996063,0.02878338098526001,-0.2391478419303894,-0.03510206565260887,0.026239871978759766,-0.21117103099822998,-0.019781747832894325
0.0,0.0,0.0,-0.07667309045791626,-0.03471267223358154,-0.03452953323721886,-0.1405547857284546,-0.10696911811828613,-0.055509258061647415,-0.1502363085746765,-0.20636850595474243,-0.07424972951412201,-0.108082115650177,-0.2435009479522705,-0.08363328874111176,-0.0917123556137085,-0.2654953598976135,-0.0215720534324646,-0.09410226345062256,-0.3424995541572571,-0.056875839829444885,-0.09036397933959961,-0.24048185348510742,-0.07128631323575974,-0.08604174852371216,-0.20847254991531372,-0.07782329618930817,-0.04659533500671387,-0.2705121636390686,-0.01817070133984089,-0.0503576397895813,-0.34163904190063477,-0.054465603083372116,-0.049313902854919434,-0.22116351127624512,-0.05698206648230553,-0.05090439319610596,-0.20441055297851562,-0.0526147224009037,-0.0032259225845336914,-0.27186083793640137,-0.021497702226042747,-0.004464685916900635,-0.34565919637680054,-0.05658518522977829,-0.011054158210754395,-0.22907894849777222,-0.03909282758831978,-0.012947618961334229,-0.2030741572380066,-0.019959816709160805,0.04080605506896973,-0.26163017749786377,-0.0284175593405962,0.03756481409072876,-0.32923296093940735,-0.04485667496919632,0.02686905860900879,-0.24576246738433838,-0.0292781013995409,0.023506522178649902,-0.21604585647583008,-0.013813721016049385
0.0,0.0,0.0,-0.07429105043411255,-0.025879621505737305,-0.03538581728935242,-0.13902324438095093,-0.10016322135925293,-0.05599873140454292,-0.1489020586013794,-0.2011028528213501,-0.07406984269618988,-0.10639452934265137,-0.23813635110855103,-0.08283113688230515,-0.09144890308380127,-0.2567257881164551,-0.023386899381875992,-0.09333425760269165,-0.3344021439552307,-0.058139149099588394,-0.08870947360992432,-0.23266154527664185,-0.07094168663024902,-0.08488774299621582,-0.20222961902618408,-0.07650218158960342,-0.04737687110900879,-0.2637004852294922,-0.01982186548411846,-0.04991734027862549,-0.33321788907051086,-0.055833131074905396,-0.047647833824157715,-0.21267473697662354,-0.056875504553318024,-0.049751102924346924,-0.19904130697250366,-0.05136343091726303,-0.004693090915679932,-0.26600468158721924,-0.023079151287674904,-0.0039711594581604,-0.33759182691574097,-0.05878075212240219,-0.009548842906951904,-0.22055882215499878,-0.04143412038683891,-0.011908173561096191,-0.19885319471359253,-0.022285744547843933,0.0384751558303833,-0.2569501996040344,-0.02989831380546093,0.03712725639343262,-0.3201737403869629,-0.047402579337358475,0.027094483375549316,-0.23600679636001587,-0.03277914226055145,0.022925734519958496,-0.2088368535041809,-0.018003780394792557
0.0,0.0,0.0,-0.07393962144851685,-0.0260850191116333,-0.036041513085365295,-0.13750845193862915,-0.10258239507675171,-0.056395020335912704,-0.14693140983581543,-0.20249426364898682,-0.07433706521987915,-0.10618776082992554,-0.2417624592781067,-0.08292883634567261,-0.09075820446014404,-0.2574111223220825,-0.02152113802731037,-0.09212714433670044,-0.33619794249534607,-0.05836671218276024,-0.08670580387115479,-0.23436301946640015,-0.0727178156375885,-0.08193707466125488,-0.20413684844970703,-0.07877999544143677,-0.04646366834640503,-0.2637496590614319,-0.018091700971126556,-0.04849737882614136,-0.33500880002975464,-0.055553581565618515,-0.04607325792312622,-0.2144044041633606,-0.056836605072021484,-0.04741251468658447,-0.20285028219223022,-0.05051799863576889,-0.003390967845916748,-0.266109824180603,-0.022124845534563065,-0.003045797348022461,-0.33543068170547485,-0.05947874113917351,-0.0076081156730651855,-0.2198670506477356,-0.042472098022699356,-0.008351564407348633,-0.20348918437957764,-0.022609591484069824,0.04047304391860962,-0.2578967809677124,-0.029813135042786598,0.03793931007385254,-0.31983789801597595,-0.047869857400655746,0.02934420108795166,-0.2368159294128418,-0.033263951539993286,0.027188658714294434,-0.21256572008132935,-0.01801173947751522
0.0,0.0,0.0,-0.07477247714996338,-0.02641957998275757,-0.03519854694604874,-0.1390264630317688,-0.10207557678222656,-0.05513399839401245,-0.14840686321258545,-0.20258957147598267,-0.07279463112354279,-0.10694259405136108,-0.2381470799446106,-0.08119591325521469,-0.09027969837188721,-0.2559298872947693,-0.02041616663336754,-0.09155714511871338,-0.33350613713264465,-0.05594893917441368,-0.08724260330200195,-0.23266756534576416,-0.06964053958654404,-0.08342289924621582,-0.20351189374923706,-0.07558071613311768,-0.04641282558441162,-0.2622072696685791,-0.017170431092381477,-0.04855513572692871,-0.33353739976882935,-0.053639791905879974,-0.046858131885528564,-0.21427273750305176,-0.05501303821802139,-0.04848909378051758,-0.20298224687576294,-0.04910536855459213,-0.0037755370140075684,-0.26493245363235474,-0.021181540563702583,-0.003120601177215576,-0.3349961042404175,-0.057450778782367706,-0.008618414402008057,-0.22009867429733276,-0.04079774394631386,-0.009865939617156982,-0.20244348049163818,-0.021549906581640244,0.03967881202697754,-0.25729823112487793,-0.028804533183574677,0.03789466619491577,-0.3192051649093628,-0.04612037166953087,0.028284072875976562,-0.23615288734436035,-0.031626999378204346,0.025448501110076904,-0.21062487363815308,-0.016704147681593895
0.0,0.0,0.0,-0.07626283168792725,-0.029490530490875244,-0.034543726593256,-0.1404743790626526,-0.10357439517974854,-0.05462060123682022,-0.15043973922729492,-0.2033286690711975,-0.07228274643421173,-0.10937434434890747,-0.24116724729537964,-0.08047706633806229,-0.09316164255142212,-0.2618717551231384,-0.01998702622950077,-0.09467732906341553,-0.337208092212677,-0.054941240698099136,-0.09093725681304932,-0.23742669820785522,-0.06881135702133179,-0.0872451663017273,-0.21164196729660034,-0.07511495053768158,-0.04878842830657959,-0.2673574686050415,-0.01657680980861187,-0.052025794982910156,-0.33495694398880005,-0.05215253680944443,-0.050364553928375244,-0.21558845043182373,-0.05372564122080803,-0.05237847566604614,-0.20538467168807983,-0.04845919460058212,-0.005710721015930176,-0.2687273621559143,-0.020242048427462578,-0.006661057472229004,-0.3385448455810547,-0.0554395392537117,-0.012004852294921875,-0.2230096459388733,-0.03884776681661606,-0.013367116451263428,-0.20451468229293823,-0.02010553702712059,0.03791451454162598,-0.2601765990257263,-0.02739444002509117,0.0349045991897583,-0.3231392800807953,-0.04398104175925255,0.025609314441680908,-0.2406398057937622,-0.02941003441810608,0.02323758602142334,-0.21538317203521729,-0.01454261876642704
0.0,0.0,0.0,-0.07395851612091064,-0.026959776878356934,-0.03570972755551338,-0.1376853585243225,-0.10275667905807495,-0.0555962435901165,-0.14719277620315552,-0.202595055103302,-0.07297053188085556,-0.10567092895507812,-0.2386922836303711,-0.0810200423002243,-0.09145283699035645,-0.2570856213569641,-0.0207092072814703,-0.09195679426193237,-0.33425372838974,-0.056805096566677094,-0.08674609661102295,-0.23207521438598633,-0.07120510190725327,-0.08341675996780396,-0.20198947191238403,-0.07750735431909561,-0.0471920371055603,-0.26349306106567383,-0.017026711255311966,-0.04857349395751953,-0.33345335721969604,-0.05350629612803459,-0.046036362648010254,-0.21335619688034058,-0.05540259927511215,-0.04906296730041504,-0.2020776867866516,-0.0499345026910305,-0.004051864147186279,-0.265622079372406,-0.02062688209116459,-0.0031372904777526855,-0.33478373289108276,-0.05698511376976967,-0.007690608501434326,-0.2192971110343933,-0.04051875323057175,-0.009818673133850098,-0.20207524299621582,-0.021416055038571358,0.03950774669647217,-0.2571263909339905,-0.02780778333544731,0.03770709037780762,-0.31876713037490845,-0.045279137790203094,0.029273271560668945,-0.23536741733551025,-0.030785441398620605,0.026520848274230957,-0.2104474902153015,-0.01579929143190384
0.0,0.0,0.0,-0.07412219047546387,-0.02733004093170166,-0.03635593503713608,-0.13823848962783813,-0.10010379552841187,-0.057234879583120346,-0.14898455142974854,-0.2001279592514038,-0.07546821236610413,-0.10785090923309326,-0.2379714846611023,-0.08431901037693024,-0.09273350238800049,-0.25763601064682007,-0.021975385025143623,-0.09226125478744507,-0.33588212728500366,-0.057262714952230453,-0.08784544467926025,-0.23530805110931396,-0.07032640278339386,-0.08471471071243286,-0.20405220985412598,-0.07572129368782043,-0.048221588134765625,-0.2650609016418457,-0.018020780757069588,-0.048383891582489014,-0.33460116386413574,-0.054532334208488464,-0.04668325185775757,-0.2153022289276123,-0.056173261255025864,-0.049968838691711426,-0.20169597864151,-0.05056806653738022,-0.0050209760665893555,-0.26734161376953125,-0.02123783342540264,-0.0026325583457946777,-0.33512693643569946,-0.057403407990932465,-0.008302927017211914,-0.22041016817092896,-0.04104940593242645,-0.011509120464324951,-0.20035874843597412,-0.022140389308333397,0.038440048694610596,-0.2585546374320984,-0.028072047978639603,0.03801518678665161,-0.3191654086112976,-0.04547189548611641,0.028506040573120117,-0.2357833981513977,-0.0312221460044384,0.0243910551071167,-0.2094416618347168,-0.016507849097251892
0.0,0.0,0.0,-0.07702171802520752,-0.0348781943321228,-0.03523910418152809,-0.14047563076019287,-0.10939323902130127,-0.056299448013305664,-0.14925742149353027,-0.20774924755096436,-0.07463451474905014,-0.10768753290176392,-0.2463507056236267,-0.08351153135299683,-0.09118819236755371,-0.2643420696258545,-0.024361267685890198,-0.09243911504745483,-0.33995965123176575,-0.05942249298095703,-0.09016674757003784,-0.23766708374023438,-0.07370497286319733,-0.08495742082595825,-0.21060675382614136,-0.08080915361642838,-0.046147048473358154,-0.2682381272315979,-0.020333824679255486,-0.050005555152893066,-0.33624449372291565,-0.055297233164310455,-0.05022710561752319,-0.21649986505508423,-0.05708006024360657,-0.05079960823059082,-0.20512014627456665,-0.0531885139644146,-0.002615034580230713,-0.2688751220703125,-0.02296794019639492,-0.0036182403564453125,-0.342430055141449,-0.057187825441360474,-0.011390864849090576,-0.22686481475830078,-0.03976479172706604,-0.012052714824676514,-0.2037329077720642,-0.02142568863928318,0.04160267114639282,-0.2594149112701416,-0.029179615899920464,0.03742480278015137,-0.3252604901790619,-0.04545903950929642,0.026481568813323975,-0.24262499809265137,-0.030314816161990166,0.02415364980697632,-0.2138182520866394,-0.015513155609369278
0.0,0.0,0.0,-0.07844239473342896,-0.036533355712890625,-0.0337103009223938,-0.1426907777786255,-0.11118024587631226,-0.053887881338596344,-0.15168136358261108,-0.2096768021583557,-0.07148027420043945,-0.10996991395950317,-0.24657541513442993,-0.07950624823570251,-0.09253454208374023,-0.2649073004722595,-0.023111004382371902,-0.09444969892501831,-0.3412116467952728,-0.057992640882730484,-0.09199190139770508,-0.23839271068572998,-0.07253100723028183,-0.08712160587310791,-0.2106844186782837,-0.07991556823253632,-0.04764413833618164,-0.26866066455841064,-0.019672226160764694,-0.05250990390777588,-0.3379356861114502,-0.05415481701493263,-0.05201268196105957,-0.21768486499786377,-0.05621202290058136,-0.05276864767074585,-0.20655065774917603,-0.05290306732058525,-0.004271030426025391,-0.26990020275115967,-0.022710014134645462,-0.005936264991760254,-0.345412939786911,-0.05594657361507416,-0.013135373592376709,-0.2293764352798462,-0.038110215216875076,-0.014169096946716309,-0.20639562606811523,-0.019991779699921608,0.03966093063354492,-0.26057833433151245,-0.02929779700934887,0.03505915403366089,-0.326166033744812,-0.04482332989573479,0.024589955806732178,-0.243486225605011,-0.02924303710460663,0.022107183933258057,-0.21543532609939575,-0.014398482628166676
0.0,0.0,0.0,-0.077159583568573,-0.03515654802322388,-0.034053217619657516,-0.14086240530014038,-0.1113736629486084,-0.054260145872831345,-0.15020376443862915,-0.21267378330230713,-0.07196897268295288,-0.10751885175704956,-0.24608314037322998,-0.08014316111803055,-0.09154874086380005,-0.2688789963722229,-0.020761709660291672,-0.0930517315864563,-0.34296196699142456,-0.05499536544084549,-0.08950573205947876,-0.24303346872329712,-0.06925445795059204,-0.08546876907348633,-0.21520203351974487,-0.07607190310955048,-0.04680079221725464,-0.27302616834640503,-0.016967343166470528,-0.05098879337310791,-0.34059593081474304,-0.050625529140233994,-0.04891824722290039,-0.2212483286857605,-0.05200633034110069,-0.050457894802093506,-0.2084079384803772,-0.04752456769347191,-0.003560960292816162,-0.2737545967102051,-0.019931204617023468,-0.004948854446411133,-0.3479015529155731,-0.05271090939640999,-0.010603487491607666,-0.23258358240127563,-0.035425134003162384,-0.012255251407623291,-0.20815885066986084,-0.01705927774310112,0.040101706981658936,-0.26344597339630127,-0.026488961651921272,0.036891162395477295,-0.33019891381263733,-0.041685521602630615,0.02667403221130371,-0.24913305044174194,-0.026718541979789734,0.023501574993133545,-0.22074806690216064,-0.011946755461394787
0.0,0.0,0.0,-0.0769774317741394,-0.034413695335388184,-0.03520015999674797,-0.1405189037322998,-0.10856729745864868,-0.05554955080151558,-0.14994287490844727,-0.20783770084381104,-0.0729970932006836,-0.10862225294113159,-0.24584585428237915,-0.08066648244857788,-0.09316164255142212,-0.2690895199775696,-0.021585553884506226,-0.09356242418289185,-0.34313440322875977,-0.05638500675559044,-0.08940201997756958,-0.2432454228401184,-0.07100030034780502,-0.08635622262954712,-0.21626466512680054,-0.07779759913682938,-0.04834890365600586,-0.27256011962890625,-0.01709386147558689,-0.05110764503479004,-0.339640736579895,-0.05139543488621712,-0.0488397479057312,-0.21991437673568726,-0.053676407784223557,-0.05214989185333252,-0.20847564935684204,-0.04963461682200432,-0.0048694610595703125,-0.27303117513656616,-0.019410312175750732,-0.004743993282318115,-0.34570229053497314,-0.05319484695792198,-0.010367631912231445,-0.22983527183532715,-0.036482103168964386,-0.013987898826599121,-0.20677047967910767,-0.018224794417619705,0.03847771883010864,-0.26325803995132446,-0.025289570912718773,0.037168264389038086,-0.3293895125389099,-0.04129206761717796,0.02741086483001709,-0.24723678827285767,-0.02646500989794731,0.02322542667388916,-0.21924030780792236,-0.011560475453734398
0.0,0.0,0.0,-0.07836872339248657,-0.038009822368621826,-0.03553488105535507,-0.14271897077560425,-0.11277449131011963,-0.05675894021987915,-0.1529698371887207,-0.21355372667312622,-0.07511589676141739,-0.11043000221252441,-0.2493044137954712,-0.08375561982393265,-0.09347361326217651,-0.27113163471221924,-0.023716604337096214,-0.09435814619064331,-0.3479587137699127,-0.057930849492549896,-0.09176117181777954,-0.24548786878585815,-0.07158798724412918,-0.08858823776245117,-0.21690720319747925,-0.07809744030237198,-0.04858255386352539,-0.2749332785606384,-0.019132813438773155,-0.0515860915184021,-0.3445693850517273,-0.05330696329474449,-0.05127060413360596,-0.22353553771972656,-0.054970160126686096,-0.05426990985870361,-0.21071481704711914,-0.05091814324259758,-0.0049887895584106445,-0.2757095694541931,-0.021129153668880463,-0.00507122278213501,-0.35071662068367004,-0.05438531935214996,-0.012426137924194336,-0.23395013809204102,-0.03679162263870239,-0.01564735174179077,-0.2092023491859436,-0.018422698602080345,0.038449764251708984,-0.26589035987854004,-0.02677108906209469,0.03705626726150513,-0.3339863717556,-0.042466115206480026,0.025576770305633545,-0.2507946491241455,-0.027124198153614998,0.021127760410308838,-0.22089940309524536,-0.01217688713222742
0.0,0.0,0.0,-0.07717770338058472,-0.03523987531661987,-0.0348384864628315,-0.141413152217865,-0.10835802555084229,-0.05514230579137802,-0.15220993757247925,-0.20886003971099854,-0.07304280251264572,-0.10946804285049438,-0.2404038906097412,-0.08130953460931778,-0.09209316968917847,-0.2644924521446228,-0.020423557609319687,-0.09339666366577148,-0.341688871383667,-0.054586563259363174,-0.09088653326034546,-0.23920899629592896,-0.06750048696994781,-0.08683401346206665,-0.20955497026443481,-0.07332632690668106,-0.04739868640899658,-0.270161509513855,-0.016601094976067543,-0.05022650957107544,-0.3377953767776489,-0.05211905762553215,-0.050026535987854004,-0.21638840436935425,-0.05350184813141823,-0.05184745788574219,-0.20389842987060547,-0.0485360249876976,-0.004572927951812744,-0.27076661586761475,-0.019695375114679337,-0.004940390586853027,-0.33945325016975403,-0.05418965965509415,-0.01197880506515503,-0.22465956211090088,-0.03685682266950607,-0.013662099838256836,-0.2037750482559204,-0.018026798963546753,0.03881353139877319,-0.2598878741264343,-0.02641509287059307,0.036408305168151855,-0.32429084181785583,-0.042079903185367584,0.025542080402374268,-0.2425413727760315,-0.026689641177654266,0.021863341331481934,-0.2154473066329956,-0.01160582434386015
0.0,0.0,0.0,-0.07730478048324585,-0.03409773111343384,-0.03385017067193985,-0.14098519086837769,-0.10985672473907471,-0.05396319925785065,-0.1505577564239502,-0.2081599235534668,-0.07179613411426544,-0.10937529802322388,-0.2449914813041687,-0.08026617765426636,-0.09092330932617188,-0.2644651532173157,-0.022422147914767265,-0.09286874532699585,-0.3407915532588959,-0.05744849517941475,-0.09066283702850342,-0.23836207389831543,-0.07119491696357727,-0.08523565530776978,-0.20955759286880493,-0.0776444673538208,-0.04609578847885132,-0.2687132954597473,-0.01917409338057041,-0.04970675706863403,-0.33685100078582764,-0.05462026223540306,-0.05008256435394287,-0.21609807014465332,-0.055799130350351334,-0.05059725046157837,-0.20364558696746826,-0.051006246358156204,-0.0027487874031066895,-0.2695014476776123,-0.02264268696308136,-0.0036360621452331543,-0.341663658618927,-0.057315725833177567,-0.01108694076538086,-0.2260124683380127,-0.03936339542269707,-0.011664509773254395,-0.2031586766242981,-0.020253079012036324,0.04133635759353638,-0.2596209645271301,-0.02962605096399784,0.03813731670379639,-0.3263925015926361,-0.0460006520152092,0.026981890201568604,-0.24371331930160522,-0.030423002317547798,0.024317562580108643,-0.21521472930908203,-0.01510655041784048
0.0,0.0,0.0,-0.07581585645675659,-0.03131836652755737,-0.03399507328867912,-0.13997721672058105,-0.10876423120498657,-0.05388763174414635,-0.1499851942062378,-0.20967364311218262,-0.07166383415460587,-0.10816478729248047,-0.24490970373153687,-0.08010919392108917,-0.09173303842544556,-0.2632058262825012,-0.021294785663485527,-0.09165537357330322,-0.3427557647228241,-0.05581867694854736,-0.08860117197036743,-0.24038946628570557,-0.06867790222167969,-0.08478289842605591,-0.20898127555847168,-0.07432188838720322,-0.04693681001663208,-0.2683665156364441,-0.018205054104328156,-0.0480799674987793,-0.3379247188568115,-0.05376613512635231,-0.0480877161026001,-0.21751725673675537,-0.055035289376974106,-0.05099081993103027,-0.20344185829162598,-0.04999123513698578,-0.0034567713737487793,-0.26957494020462036,-0.021940002217888832,-0.0023139119148254395,-0.341741144657135,-0.05711985379457474,-0.009570181369781494,-0.22589713335037231,-0.0399019792675972,-0.012354910373687744,-0.20265144109725952,-0.021013056859374046,0.04059082269668579,-0.2599864602088928,-0.029146594926714897,0.03899502754211426,-0.32452312111854553,-0.046011921018362045,0.028380990028381348,-0.2422020435333252,-0.031229058280587196,0.024573981761932373,-0.21437078714370728,-0.01645663008093834
0.0,0.0,0.0,-0.07478511333465576,-0.03481936454772949,-0.035710737109184265,-0.13808852434158325,-0.10993921756744385,-0.05661043897271156,-0.14868414402008057,-0.20670300722122192,-0.07491137087345123,-0.10808426141738892,-0.24699771404266357,-0.08351758867502213,-0.0906406044960022,-0.2677517533302307,-0.02196308597922325,-0.09078323841094971,-0.3448411822319031,-0.05744262412190437,-0.08792299032211304,-0.24284613132476807,-0.0715167298913002,-0.08450442552566528,-0.21224713325500488,-0.077668197453022,-0.04565030336380005,-0.2719179391860962,-0.018001550808548927,-0.04783070087432861,-0.34031543135643005,-0.054187290370464325,-0.047642529010772705,-0.21969127655029297,-0.05640396848320961,-0.05031543970108032,-0.20522922277450562,-0.05154891684651375,-0.0019661784172058105,-0.27261847257614136,-0.02105707675218582,-0.00203782320022583,-0.34350958466529846,-0.05669264867901802,-0.008535981178283691,-0.22818279266357422,-0.0400945246219635,-0.010923564434051514,-0.2051737904548645,-0.021179040893912315,0.042075932025909424,-0.262748122215271,-0.027680711820721626,0.03970450162887573,-0.32832545042037964,-0.044699762016534805,0.029464900493621826,-0.24619191884994507,-0.029933683574199677,0.026234745979309082,-0.2182999849319458,-0.014733492396771908
0.0,0.0,0.0,-0.07464760541915894,-0.034805893898010254,-0.034012917429208755,-0.13722968101501465,-0.10990118980407715,-0.05380135029554367,-0.14709579944610596,-0.20787924528121948,-0.07135380804538727,-0.10664761066436768,-0.2479414939880371,-0.07934242486953735,-0.09057581424713135,-0.26615482568740845,-0.018917113542556763,-0.0913429856300354,-0.34489569067955017,-0.054642390459775925,-0.0877121090888977,-0.2446080446243286,-0.0699266716837883,-0.08425521850585938,-0.21449726819992065,-0.07680503278970718,-0.045950114727020264,-0.27010488510131836,-0.015472753904759884,-0.04907768964767456,-0.3394874930381775,-0.05094296485185623,-0.04733937978744507,-0.22073662281036377,-0.05378701910376549,-0.049756765365600586,-0.20758837461471558,-0.04944777861237526,-0.0024190545082092285,-0.270793616771698,-0.019074199721217155,-0.0029667019844055176,-0.34288930892944336,-0.05387195572257042,-0.008342862129211426,-0.22912323474884033,-0.037767063826322556,-0.010274171829223633,-0.20685434341430664,-0.0192511435598135,0.041392385959625244,-0.26140570640563965,-0.026148851960897446,0.038971781730651855,-0.3276123106479645,-0.042423315346241,0.029308319091796875,-0.24700969457626343,-0.027732711285352707,0.026322543621063232,-0.21944785118103027,-0.012600964866578579
0.0,0.0,0.0,-0.07392632961273193,-0.03578376770019531,-0.03353819251060486,-0.13656949996948242,-0.10927224159240723,-0.052942316979169846,-0.1464713215827942,-0.2076743245124817,-0.07002072781324387,-0.10620647668838501,-0.25262451171875,-0.0775345042347908,-0.08977299928665161,-0.2614063024520874,-0.019165361300110817,-0.09066224098205566,-0.3438231945037842,-0.053690239787101746,-0.08588945865631104,-0.24334293603897095,-0.06842280179262161,-0.08280366659164429,-0.2128070592880249,-0.07523684948682785,-0.04517155885696411,-0.2667466402053833,-0.01567022129893303,-0.04844200611114502,-0.3384940028190613,-0.05017799884080887,-0.04560357332229614,-0.2205287218093872,-0.053575702011585236,-0.049256324768066406,-0.2055492401123047,-0.05010940134525299,-0.0015917420387268066,-0.2685392498970032,-0.018866412341594696,-0.0019393563270568848,-0.3443785011768341,-0.05274268984794617,-0.005914092063903809,-0.23082923889160156,-0.03663849085569382,-0.009099960327148438,-0.20566439628601074,-0.018533460795879364,0.041928231716156006,-0.2600827217102051,-0.025461990386247635,0.04042637348175049,-0.32858479022979736,-0.04200016334652901,0.03171718120574951,-0.24887597560882568,-0.027686983346939087,0.028002560138702393,-0.22052425146102905,-0.01294690277427435
0.0,0.0,0.0,-0.07435941696166992,-0.03856086730957031,-0.03141214698553085,-0.13747048377990723,-0.10975217819213867,-0.049352020025253296,-0.1461760401725769,-0.21073907613754272,-0.06507156044244766,-0.10502040386199951,-0.25459855794906616,-0.07117433100938797,-0.09070247411727905,-0.26308661699295044,-0.017868077382445335,-0.09201675653457642,-0.34495657682418823,-0.05017826706171036,-0.08660739660263062,-0.24356091022491455,-0.06266119331121445,-0.08436733484268188,-0.21237266063690186,-0.06826156377792358,-0.04585224390029907,-0.2686203718185425,-0.015187349170446396,-0.0482519268989563,-0.3408375084400177,-0.04804001376032829,-0.04583686590194702,-0.22235310077667236,-0.05084134638309479,-0.05097615718841553,-0.20912855863571167,-0.04737043380737305,-0.0019589662551879883,-0.2695263624191284,-0.018737731501460075,-0.002089381217956543,-0.34453630447387695,-0.05129029601812363,-0.006116807460784912,-0.23146110773086548,-0.03450796753168106,-0.010001003742218018,-0.20891493558883667,-0.016531718894839287,0.04119443893432617,-0.25930339097976685,-0.02548922412097454,0.03961145877838135,-0.32766664028167725,-0.04148285463452339,0.031116485595703125,-0.24759376049041748,-0.0263467188924551,0.02749079465866089,-0.22013121843338013,-0.01125574205070734
0.0,0.0,0.0,-0.0743861198425293,-0.03877311944961548,-0.03108600713312626,-0.13617515563964844,-0.10746592283248901,-0.04903514310717583,-0.1447770595550537,-0.20766377449035645,-0.06500959396362305,-0.1050366759300232,-0.25262707471847534,-0.07158590108156204,-0.08920449018478394,-0.2622104287147522,-0.015001949854195118,-0.09012246131896973,-0.3421039879322052,-0.04746851325035095,-0.08538198471069336,-0.2420937418937683,-0.06123947352170944,-0.08304238319396973,-0.20925182104110718,-0.06762188673019409,-0.045078933238983154,-0.26689624786376953,-0.012581066228449345,-0.04610085487365723,-0.3386949896812439,-0.045352984219789505,-0.044614434242248535,-0.2219509482383728,-0.04923858121037483,-0.04943215847015381,-0.2069031000137329,-0.04637695103883743,-0.0017900466918945312,-0.2666098475456238,-0.016527734696865082,-0.00019848346710205078,-0.3407581150531769,-0.048817865550518036,-0.005078375339508057,-0.2296302318572998,-0.03275984898209572,-0.009250998497009277,-0.20522862672805786,-0.01516923401504755,0.041085779666900635,-0.2547574043273926,-0.023706378415226936,0.04102802276611328,-0.32050132751464844,-0.03961608186364174,0.032319843769073486,-0.2420501708984375,-0.02492515929043293,0.02832275629043579,-0.21512794494628906,-0.010065007954835892
0.0,0.0,0.0,-0.07333153486251831,-0.03541553020477295,-0.0322357676923275,-0.1352832317352295,-0.10575854778289795,-0.05059417709708214,-0.14365214109420776,-0.20512908697128296,-0.06708251684904099,-0.10337620973587036,-0.2504073977470398,-0.07435810565948486,-0.08673286437988281,-0.25771385431289673,-0.015505890361964703,-0.08688312768936157,-0.3379386067390442,-0.05011984705924988,-0.08323836326599121,-0.23681020736694336,-0.0651882216334343,-0.08125728368759155,-0.20431256294250488,-0.07211591303348541,-0.04288226366043091,-0.26164549589157104,-0.013175684958696365,-0.04294842481613159,-0.33418071269989014,-0.04871819168329239,-0.042498648166656494,-0.21725404262542725,-0.05363158881664276,-0.047462522983551025,-0.20199137926101685,-0.05072542279958725,3.129243850708008e-05,-0.2619813084602356,-0.017569832503795624,0.0026507973670959473,-0.3366142213344574,-0.05275917053222656,-0.003119170665740967,-0.223416268825531,-0.03753999248147011,-0.007705330848693848,-0.19988906383514404,-0.01961376704275608,0.04295480251312256,-0.25205594301223755,-0.025212816894054413,0.04367345571517944,-0.31656402349472046,-0.04291587695479393,0.034825801849365234,-0.23605340719223022,-0.028879355639219284,0.030471861362457275,-0.20948946475982666,-0.014061718247830868
0.0,0.0,0.0,-0.07351183891296387,-0.035039663314819336,-0.034913986921310425,-0.13566595315933228,-0.10815232992172241,-0.054521456360816956,-0.14511489868164062,-0.20814496278762817,-0.07159031182527542,-0.10405623912811279,-0.24900281429290771,-0.0791720375418663,-0.08926808834075928,-0.2604944705963135,-0.02012898027896881,-0.08676809072494507,-0.3405267894268036,-0.0544404499232769,-0.08273559808731079,-0.2397260069847107,-0.06769891828298569,-0.08209419250488281,-0.20584994554519653,-0.07335136085748672,-0.04458707571029663,-0.26593583822250366,-0.016432002186775208,-0.04303795099258423,-0.3372670114040375,-0.05194324627518654,-0.041891634464263916,-0.2181064486503601,-0.055458735674619675,-0.04818826913833618,-0.203524649143219,-0.05162649229168892,-0.0005944967269897461,-0.2669079899787903,-0.01945125311613083,0.0028441548347473145,-0.33677148818969727,-0.05510414019227028,-0.002812683582305908,-0.2223881483078003,-0.03958578035235405,-0.008712410926818848,-0.20054155588150024,-0.02148755080997944,0.04276841878890991,-0.25658726692199707,-0.025827884674072266,0.04398226737976074,-0.3196275234222412,-0.04385923221707344,0.03525054454803467,-0.237385094165802,-0.029701804742217064,0.02972477674484253,-0.21042072772979736,-0.014881736598908901
0.0,0.0,0.0,-0.0740312933921814,-0.03928995132446289,-0.034065306186676025,-0.1360940933227539,-0.11273831129074097,-0.05390394106507301,-0.1455376148223877,-0.21090394258499146,-0.07135743647813797,-0.10452514886856079,-0.2527526617050171,-0.07924727350473404,-0.08940035104751587,-0.26555609703063965,-0.01962861977517605,-0.0887899398803711,-0.34523922204971313,-0.05397381633520126,-0.08562666177749634,-0.24483615159988403,-0.06813833862543106,-0.08353888988494873,-0.21327489614486694,-0.074524886906147,-0.04390990734100342,-0.26944828033447266,-0.01606294885277748,-0.0457456111907959,-0.3405735492706299,-0.050597548484802246,-0.044815123081207275,-0.2209121584892273,-0.053434502333402634,-0.04820352792739868,-0.2063414454460144,-0.049539342522621155,0.00023889541625976562,-0.2688570022583008,-0.019219866022467613,0.0007488727569580078,-0.3419710397720337,-0.053697362542152405,-0.005294620990753174,-0.22788488864898682,-0.03725366294384003,-0.008535444736480713,-0.20320451259613037,-0.018842609599232674,0.04409724473953247,-0.2569320797920227,-0.025748448446393013,0.04253894090652466,-0.3243882656097412,-0.04247978702187538,0.03241521120071411,-0.2436230182647705,-0.02743140421807766,0.02841240167617798,-0.21483194828033447,-0.012156740762293339
0.0,0.0,0.0,-0.07272601127624512,-0.033703625202178955,-0.035208556801080704,-0.13502240180969238,-0.10946029424667358,-0.055219076573848724,-0.14603722095489502,-0.20839524269104004,-0.07262487709522247,-0.105185866355896,-0.2466120719909668,-0.08057640492916107,-0.08841866254806519,-0.26189160346984863,-0.021569138392806053,-0.08729654550552368,-0.3417019546031952,-0.05615619197487831,-0.08328753709793091,-0.24030709266662598,-0.06905796378850937,-0.08171600103378296,-0.2096325159072876,-0.07449501007795334,-0.043640196323394775,-0.26586008071899414,-0.017890827730298042,-0.04356783628463745,-0.33690527081489563,-0.05300500616431236,-0.04215598106384277,-0.21607732772827148,-0.054620806127786636,-0.04721349477767944,-0.2036852240562439,-0.04945064336061478,0.00013720989227294922,-0.2655661106109619,-0.021117741242051125,0.0024611353874206543,-0.3361741602420807,-0.05691777914762497,-0.0030405521392822266,-0.22002744674682617,-0.040367305278778076,-0.00761491060256958,-0.19942748546600342,-0.02148963324725628,0.04360991716384888,-0.25427746772766113,-0.02769903466105461,0.043363213539123535,-0.31939932703971863,-0.04560006409883499,0.03436267375946045,-0.2358730435371399,-0.030925307422876358,0.029878079891204834,-0.20882940292358398,-0.01576896570622921
0.0,0.0,0.0,-0.07642495632171631,-0.03959912061691284,-0.033190418034791946,-0.1388927698135376,-0.11306428909301758,-0.05298817157745361,-0.14933514595031738,-0.21245861053466797,-0.07045446336269379,-0.10828745365142822,-0.24887216091156006,-0.07839291542768478,-0.09009569883346558,-0.26873791217803955,-0.019282996654510498,-0.08868223428726196,-0.3460454046726227,-0.05351409688591957,-0.087801992893219,-0.2464945912361145,-0.06757152080535889,-0.08654701709747314,-0.21473419666290283,-0.07396319508552551,-0.04479789733886719,-0.27184027433395386,-0.015795860439538956,-0.04585683345794678,-0.3405519425868988,-0.05000252649188042,-0.047568321228027344,-0.2211761474609375,-0.05267855152487755,-0.05196946859359741,-0.20777297019958496,-0.04912785440683365,-0.001080632209777832,-0.2704553008079529,-0.018903203308582306,-4.571676254272461e-05,-0.341798335313797,-0.05261724442243576,-0.009006023406982422,-0.22758162021636963,-0.03603223338723183,-0.013245046138763428,-0.20404666662216187,-0.018105050548911095,0.04218477010726929,-0.2577611207962036,-0.025332460179924965,0.040890276432037354,-0.32341212034225464,-0.04140423610806465,0.02911895513534546,-0.24102866649627686,-0.026071785017848015,0.024398624897003174,-0.2122354507446289,-0.010950441472232342
0.0,0.0,0.0,-0.0745730996131897,-0.038154542446136475,-0.034378789365291595,-0.13706833124160767,-0.11158007383346558,-0.05454692244529724,-0.14801758527755737,-0.210271418094635,-0.07225508987903595,-0.10664957761764526,-0.2472614049911499,-0.08036375790834427,-0.08926457166671753,-0.2675226330757141,-0.02011994831264019,-0.08762258291244507,-0.34501102566719055,-0.05493695288896561,-0.08587706089019775,-0.2433832883834839,-0.06890515983104706,-0.08458834886550903,-0.2103273868560791,-0.07498625665903091,-0.043837785720825195,-0.27164292335510254,-0.016437912359833717,-0.04390782117843628,-0.3405084013938904,-0.05142195150256157,-0.0449291467666626,-0.2201329469680786,-0.05383541062474251,-0.04957979917526245,-0.20625364780426025,-0.04963437095284462,0.00022232532501220703,-0.27054113149642944,-0.01957232877612114,0.002296268939971924,-0.34039413928985596,-0.05440526828169823,-0.006031394004821777,-0.22547030448913574,-0.03786274790763855,-0.010497510433197021,-0.20340102910995483,-0.019467798992991447,0.043955445289611816,-0.2578616142272949,-0.026078173890709877,0.04329979419708252,-0.3229985535144806,-0.04264649376273155,0.031967759132385254,-0.2400398850440979,-0.02727383002638817,0.027240395545959473,-0.2125200629234314,-0.01192078273743391
0.0,0.0,0.0,-0.07454907894134521,-0.03667163848876953,-0.03330710902810097,-0.1368541717529297,-0.11219996213912964,-0.052947741001844406,-0.14651453495025635,-0.21108931303024292,-0.07031989842653275,-0.10533541440963745,-0.24849188327789307,-0.07822020351886749,-0.08957082033157349,-0.2660050392150879,-0.02011864259839058,-0.08723193407058716,-0.345660924911499,-0.05506164953112602,-0.0851697325706482,-0.24483239650726318,-0.06889209896326065,-0.08404231071472168,-0.21028977632522583,-0.07473732531070709,-0.04441648721694946,-0.2696731686592102,-0.017143981531262398,-0.043950438499450684,-0.3401056230068207,-0.051945190876722336,-0.04441845417022705,-0.22053074836730957,-0.05409414693713188,-0.048999667167663574,-0.20594733953475952,-0.04964165389537811,-0.0004849433898925781,-0.2691301107406616,-0.020909151062369347,0.0020984411239624023,-0.3406142592430115,-0.055665627121925354,-0.005595743656158447,-0.22555583715438843,-0.0388663187623024,-0.010037720203399658,-0.20288020372390747,-0.02031109854578972,0.04326099157333374,-0.25693511962890625,-0.027984196320176125,0.04310852289199829,-0.3225800096988678,-0.0448722243309021,0.032215893268585205,-0.23917198181152344,-0.029562562704086304,0.027312636375427246,-0.21104294061660767,-0.01421594899147749
0.0,0.0,0.0,-0.07541072368621826,-0.03856992721557617,-0.033660173416137695,-0.13874655961990356,-0.11357319355010986,-0.05342373251914978,-0.14934712648391724,-0.2137882113456726,-0.07068093866109848,-0.10730600357055664,-0.2500476837158203,-0.07826065272092819,-0.09124898910522461,-0.26901406049728394,-0.020177828148007393,-0.08882170915603638,-0.3482409417629242,-0.05423198640346527,-0.08673727512359619,-0.24695146083831787,-0.06746931374073029,-0.08614587783813477,-0.21348357200622559,-0.07322189956903458,-0.04604107141494751,-0.2735735774040222,-0.016724437475204468,-0.04572641849517822,-0.34349724650382996,-0.05057695508003235,-0.045874714851379395,-0.22295790910720825,-0.05250237137079239,-0.051078617572784424,-0.20981866121292114,-0.04829014465212822,-0.001992940902709961,-0.273257315158844,-0.01991214230656624,0.0003120303153991699,-0.34437304735183716,-0.05380762368440628,-0.006930410861968994,-0.22895324230194092,-0.036894503980875015,-0.011776447296142578,-0.20674508810043335,-0.018629271537065506,0.04174017906188965,-0.2608632445335388,-0.02643299289047718,0.04160118103027344,-0.32702285051345825,-0.042902979999780655,0.030903160572052002,-0.2430403232574463,-0.027461925521492958,0.025771677494049072,-0.214510977268219,-0.01218015979975462
0.0,0.0,0.0,-0.07549107074737549,-0.04211634397506714,-0.034385740756988525,-0.13825970888137817,-0.11570042371749878,-0.055144332349300385,-0.14869439601898193,-0.21433788537979126,-0.07359043508768082,-0.10614722967147827,-0.24807631969451904,-0.08233939111232758,-0.0884019136428833,-0.2722320556640625,-0.02018873207271099,-0.0871705412864685,-0.3499405086040497,-0.055538468062877655,-0.08588659763336182,-0.24800419807434082,-0.06993529200553894,-0.08433926105499268,-0.2168339490890503,-0.07623813301324844,-0.04320734739303589,-0.27440494298934937,-0.01664581708610058,-0.04381972551345825,-0.3434380888938904,-0.05241616442799568,-0.044552385807037354,-0.2225847840309143,-0.05505257099866867,-0.048872530460357666,-0.20863842964172363,-0.05086583271622658,0.00041174888610839844,-0.2726319432258606,-0.019955990836024284,0.002187192440032959,-0.34382784366607666,-0.05485640466213226,-0.005717217922210693,-0.2290082573890686,-0.0380079485476017,-0.01019984483718872,-0.2053840160369873,-0.01929795742034912,0.043655216693878174,-0.25978851318359375,-0.02674965187907219,0.04374319314956665,-0.3274123966693878,-0.04270032420754433,0.032358407974243164,-0.24521684646606445,-0.026856526732444763,0.027129769325256348,-0.21604108810424805,-0.011155902408063412
0.0,0.0,0.0,-0.07519346475601196,-0.04121679067611694,-0.03485636040568352,-0.13803577423095703,-0.1141015887260437,-0.05617015063762665,-0.14878922700881958,-0.21276646852493286,-0.07513316720724106,-0.10629040002822876,-0.24882537126541138,-0.08444902300834656,-0.0887487530708313,-0.27014440298080444,-0.021607793867588043,-0.08820003271102905,-0.348996639251709,-0.057472337037324905,-0.08681011199951172,-0.2456539273262024,-0.07229393720626831,-0.0847744345664978,-0.21388638019561768,-0.07894408702850342,-0.043123066425323486,-0.2725420594215393,-0.01787836104631424,-0.04430079460144043,-0.34156495332717896,-0.054044026881456375,-0.044790565967559814,-0.22031110525131226,-0.057004909962415695,-0.048687756061553955,-0.20643895864486694,-0.05329368636012077,0.0007497668266296387,-0.2706862688064575,-0.02093595080077648,0.002142965793609619,-0.342655211687088,-0.05612814798951149,-0.005728781223297119,-0.2274037003517151,-0.0391157828271389,-0.009886622428894043,-0.20340240001678467,-0.020485632121562958,0.04417526721954346,-0.25783854722976685,-0.027486026287078857,0.04360628128051758,-0.3255575895309448,-0.0436963252723217,0.032322704792022705,-0.24297434091567993,-0.027756474912166595,0.027062177658081055,-0.21346443891525269,-0.01208566315472126
0.0,0.0,0.0,-0.0771527886390686,-0.043716371059417725,-0.033916689455509186,-0.14001333713531494,-0.11704576015472412,-0.05451676622033119,-0.15074777603149414,-0.21651524305343628,-0.07257292419672012,-0.10825753211975098,-0.25076043605804443,-0.08089321851730347,-0.08918792009353638,-0.2737903594970703,-0.021856702864170074,-0.08928626775741577,-0.35062748193740845,-0.05663521960377693,-0.08790367841720581,-0.24729567766189575,-0.07151944190263748,-0.08567041158676147,-0.2165176272392273,-0.07873852550983429,-0.04360479116439819,-0.27528607845306396,-0.01782996952533722,-0.04608154296875,-0.34354931116104126,-0.0525861456990242,-0.04665905237197876,-0.22153449058532715,-0.0560009740293026,-0.05075192451477051,-0.20781224966049194,-0.05346982553601265,0.00048351287841796875,-0.27376532554626465,-0.02012801542878151,0.0015168190002441406,-0.34860116243362427,-0.05343587324023247,-0.007275998592376709,-0.2315102219581604,-0.03621474280953407,-0.012200772762298584,-0.20494109392166138,-0.018275965005159378,0.044072508811950684,-0.2608656883239746,-0.02589571103453636,0.043646931648254395,-0.3290258049964905,-0.041136063635349274,0.031236112117767334,-0.24563521146774292,-0.02517164871096611,0.025261342525482178,-0.21559065580368042,-0.009879304096102715
0.0,0.0,0.0,-0.07812732458114624,-0.04662668704986572,-0.035062674432992935,-0.14126908779144287,-0.11948502063751221,-0.05611051246523857,-0.15218722820281982,-0.22119462490081787,-0.07430922985076904,-0.1085854172706604,-0.25297296047210693,-0.08245161175727844,-0.08915376663208008,-0.2777552008628845,-0.022349640727043152,-0.0891340970993042,-0.354839563369751,-0.05710694193840027,-0.08901345729827881,-0.24966704845428467,-0.0720740556716919,-0.08718335628509521,-0.22165662050247192,-0.07957141846418381,-0.04337376356124878,-0.2788931131362915,-0.01763135753571987,-0.04552394151687622,-0.34767627716064453,-0.05200306326150894,-0.04743736982345581,-0.22410821914672852,-0.05505673214793205,-0.05202871561050415,-0.2133808135986328,-0.05259332060813904,0.0007774829864501953,-0.276206374168396,-0.01936064101755619,0.0022620558738708496,-0.3515233099460602,-0.05244384706020355,-0.007681488990783691,-0.2335667610168457,-0.0348338857293129,-0.013307750225067139,-0.20877665281295776,-0.01683063432574272,0.0439491868019104,-0.2623712420463562,-0.024695446714758873,0.044493019580841064,-0.3307485580444336,-0.0394492968916893,0.031220734119415283,-0.24763619899749756,-0.023059777915477753,0.024296343326568604,-0.21809154748916626,-0.007649597711861134
0.0,0.0,0.0,-0.07905709743499756,-0.04772108793258667,-0.03478657081723213,-0.14172327518463135,-0.12292665243148804,-0.05659040808677673,-0.15133577585220337,-0.22326618432998657,-0.0759291723370552,-0.10741376876831055,-0.255889356136322,-0.08523013442754745,-0.08746659755706787,-0.2779078483581543,-0.02307966724038124,-0.08800750970840454,-0.35605794191360474,-0.059416480362415314,-0.08870017528533936,-0.24969559907913208,-0.07537715137004852,-0.08569645881652832,-0.2202969789505005,-0.08351705968379974,-0.04194068908691406,-0.27754759788513184,-0.019013619050383568,-0.04649019241333008,-0.3478347957134247,-0.055083516985177994,-0.048071444034576416,-0.2235592007637024,-0.05848177522420883,-0.049600183963775635,-0.21204423904418945,-0.056014277040958405,0.002256155014038086,-0.27558326721191406,-0.02155507355928421,0.001160740852355957,-0.35364484786987305,-0.05508945509791374,-0.008387506008148193,-0.23571091890335083,-0.03720732778310776,-0.011013329029083252,-0.21113818883895874,-0.01901305466890335,0.04636192321777344,-0.2633630037307739,-0.027844835072755814,0.043657779693603516,-0.3319230079650879,-0.04237307608127594,0.030979454517364502,-0.24967986345291138,-0.026223022490739822,0.027301371097564697,-0.221155047416687,-0.011065925471484661
0.0,0.0,0.0,-0.07845818996429443,-0.047096967697143555,-0.035639628767967224,-0.14195382595062256,-0.12014579772949219,-0.057239092886447906,-0.15213781595230103,-0.22094660997390747,-0.07611233741044998,-0.10838288068771362,-0.25295060873031616,-0.08493117988109589,-0.08909034729003906,-0.27605873346328735,-0.023178452625870705,-0.08839094638824463,-0.35468268394470215,-0.05935763940215111,-0.08865833282470703,-0.24778783321380615,-0.07534968107938766,-0.08606517314910889,-0.21699965000152588,-0.08353954553604126,-0.042969584465026855,-0.2761229872703552,-0.01875237748026848,-0.04498445987701416,-0.34626996517181396,-0.05520809814333916,-0.047073185443878174,-0.2216542363166809,-0.0596458837389946,-0.050375163555145264,-0.20851963758468628,-0.057966671884059906,0.0014584660530090332,-0.27468210458755493,-0.020948676392436028,0.0029588937759399414,-0.35040444135665894,-0.05486224219202995,-0.007042407989501953,-0.23330295085906982,-0.037808939814567566,-0.011629581451416016,-0.2086944580078125,-0.020233163610100746,0.04540282487869263,-0.26230281591415405,-0.0269317589700222,0.0449947714805603,-0.32931193709373474,-0.041715141385793686,0.03226661682128906,-0.24605673551559448,-0.025778446346521378,0.026913225650787354,-0.21709418296813965,-0.010936856269836426
0.0,0.0,0.0,-0.07608634233474731,-0.04420018196105957,-0.03585026413202286,-0.13949066400527954,-0.11434775590896606,-0.05684651434421539,-0.14995259046554565,-0.2151031494140625,-0.0751650333404541,-0.10579407215118408,-0.24675536155700684,-0.08344759792089462,-0.08788394927978516,-0.27314192056655884,-0.019498080015182495,-0.08848243951797485,-0.3491421937942505,-0.054685868322849274,-0.088093101978302,-0.24475884437561035,-0.06974426656961441,-0.08631253242492676,-0.2141655683517456,-0.07692325860261917,-0.042130351066589355,-0.2759074568748474,-0.01511100959032774,-0.043732404708862305,-0.3433031737804413,-0.05131646245718002,-0.04567718505859375,-0.21994894742965698,-0.05505961552262306,-0.04966890811920166,-0.2074211835861206,-0.05195273458957672,0.0016265511512756348,-0.2725602984428406,-0.017682747915387154,0.0026404857635498047,-0.3415725529193878,-0.05238436535000801,-0.00677645206451416,-0.22600609064102173,-0.035772908478975296,-0.01110154390335083,-0.20528310537338257,-0.017618322744965553,0.04513239860534668,-0.25703245401382446,-0.023974845185875893,0.04459923505783081,-0.32206326723098755,-0.03934675455093384,0.03201329708099365,-0.24022597074508667,-0.023439403623342514,0.026188969612121582,-0.21382975578308105,-0.008088374510407448
0.0,0.0,0.0,-0.07443451881408691,-0.04208993911743164,-0.03210258483886719,-0.13804268836975098,-0.11601948738098145,-0.05078468844294548,-0.1468127965927124,-0.21567898988723755,-0.06735730916261673,-0.10418683290481567,-0.254754900932312,-0.0743052214384079,-0.08867895603179932,-0.2680399417877197,-0.01840716041624546,-0.08835434913635254,-0.3484201431274414,-0.05233221873641014,-0.0853995680809021,-0.2443639039993286,-0.06625549495220184,-0.08334076404571533,-0.21171224117279053,-0.07276194542646408,-0.042801737785339355,-0.2713243365287781,-0.015740707516670227,-0.0434725284576416,-0.34525129199028015,-0.05137929320335388,-0.043708860874176025,-0.22270745038986206,-0.055070340633392334,-0.048474013805389404,-0.20603930950164795,-0.051755305379629135,0.001509547233581543,-0.2700425386428833,-0.01937984488904476,0.003538668155670166,-0.3435516059398651,-0.054124776273965836,-0.004557490348815918,-0.22735202312469482,-0.03714535012841225,-0.009613096714019775,-0.20276498794555664,-0.018528196960687637,0.045694947242736816,-0.25713294744491577,-0.02623651549220085,0.045565128326416016,-0.32418301701545715,-0.04268942400813103,0.03423231840133667,-0.24119031429290771,-0.026880156248807907,0.02890986204147339,-0.2134866714477539,-0.011280118487775326
0.0,0.0,0.0,-0.07265275716781616,-0.03774547576904297,-0.03479437902569771,-0.13601535558700562,-0.11221212148666382,-0.05460301414132118,-0.14591890573501587,-0.2121891975402832,-0.07201999425888062,-0.10366261005401611,-0.25134551525115967,-0.08016636222600937,-0.0873681902885437,-0.2642021179199219,-0.020257825031876564,-0.08449476957321167,-0.34298181533813477,-0.054177433252334595,-0.08111852407455444,-0.24049341678619385,-0.06761173158884048,-0.08080357313156128,-0.20744049549102783,-0.07379892468452454,-0.041825175285339355,-0.2688239812850952,-0.016942232847213745,-0.03911411762237549,-0.3415600061416626,-0.05338364094495773,-0.03945565223693848,-0.22017329931259155,-0.05759625509381294,-0.04660534858703613,-0.20370644330978394,-0.05437861382961273,0.0022534728050231934,-0.2673863172531128,-0.02011854201555252,0.007745563983917236,-0.33897361159324646,-0.05637762323021889,-0.00028568506240844727,-0.22350329160690308,-0.040434204041957855,-0.008041739463806152,-0.20148038864135742,-0.02226870320737362,0.04557156562805176,-0.25324684381484985,-0.026600424200296402,0.04882025718688965,-0.31737011671066284,-0.04428628087043762,0.03735154867172241,-0.23312467336654663,-0.029061855748295784,0.029501795768737793,-0.2061508297920227,-0.013919902965426445
0.0,0.0,0.0,-0.07549518346786499,-0.04609280824661255,-0.03338557481765747,-0.13983261585235596,-0.11749041080474854,-0.05174863338470459,-0.14982759952545166,-0.21777933835983276,-0.06755217909812927,-0.1061866283416748,-0.2541657090187073,-0.07345873862504959,-0.088004469871521,-0.27211248874664307,-0.017630798742175102,-0.08815276622772217,-0.3492435812950134,-0.05196046084165573,-0.08617627620697021,-0.24533069133758545,-0.06706671416759491,-0.08510613441467285,-0.21390587091445923,-0.07436791062355042,-0.042347848415374756,-0.2753744125366211,-0.014170200563967228,-0.042427122592926025,-0.34704309701919556,-0.050735488533973694,-0.04372447729110718,-0.22320324182510376,-0.05630336329340935,-0.049803197383880615,-0.2071748971939087,-0.054373979568481445,0.0014451146125793457,-0.27408695220947266,-0.0170742254704237,0.004417836666107178,-0.3456302881240845,-0.052364710718393326,-0.00462186336517334,-0.22879725694656372,-0.03664059191942215,-0.011677384376525879,-0.20546281337738037,-0.018847743049263954,0.04471290111541748,-0.25990206003189087,-0.02331610396504402,0.045819878578186035,-0.32700884342193604,-0.03940220922231674,0.0340118408203125,-0.24295473098754883,-0.023314327001571655,0.026385784149169922,-0.2151278257369995,-0.007615721318870783
0.0,0.0,0.0,-0.07496172189712524,-0.0462874174118042,-0.035383738577365875,-0.1394408941268921,-0.11567997932434082,-0.05424874275922775,-0.14973318576812744,-0.2164686918258667,-0.06978949159383774,-0.1058957576751709,-0.25423580408096313,-0.07496285438537598,-0.08813750743865967,-0.27532607316970825,-0.019529489800333977,-0.08803325891494751,-0.3492847681045532,-0.05436881259083748,-0.08684813976287842,-0.24471604824066162,-0.06972182542085648,-0.08622366189956665,-0.21570134162902832,-0.07722872495651245,-0.0425073504447937,-0.2782908082008362,-0.015131626278162003,-0.04214721918106079,-0.3471013307571411,-0.05180114135146141,-0.04448443651199341,-0.22206008434295654,-0.05752599984407425,-0.05097556114196777,-0.20911234617233276,-0.055960483849048615,0.0013241171836853027,-0.27632731199264526,-0.01724390499293804,0.004592597484588623,-0.3456692099571228,-0.05298260226845741,-0.00522923469543457,-0.22832000255584717,-0.0374002642929554,-0.012765645980834961,-0.20706260204315186,-0.01980302482843399,0.04440206289291382,-0.26112258434295654,-0.0228323582559824,0.045537710189819336,-0.32706737518310547,-0.039281561970710754,0.03348356485366821,-0.2424231767654419,-0.023154452443122864,0.02516406774520874,-0.2149403691291809,-0.007416019216179848
0.0,0.0,0.0,-0.07484942674636841,-0.046920955181121826,-0.03545190766453743,-0.1383839249610901,-0.1172071099281311,-0.054783426225185394,-0.14769023656845093,-0.21730870008468628,-0.07079897820949554,-0.10390889644622803,-0.2542303204536438,-0.07666490226984024,-0.08591777086257935,-0.2735334038734436,-0.02132299728691578,-0.0856252908706665,-0.35046249628067017,-0.055154040455818176,-0.08471453189849854,-0.24536418914794922,-0.06943900883197784,-0.08418136835098267,-0.21452409029006958,-0.0763712152838707,-0.03978949785232544,-0.27668410539627075,-0.016761498525738716,-0.039810359477996826,-0.3475055992603302,-0.052419986575841904,-0.042249441146850586,-0.22323310375213623,-0.05760614946484566,-0.04845362901687622,-0.2091372013092041,-0.05594300106167793,0.004120290279388428,-0.2747182250022888,-0.01843266561627388,0.006806433200836182,-0.34672778844833374,-0.05324461683630943,-0.003033459186553955,-0.22918611764907837,-0.03731762245297432,-0.010202586650848389,-0.2064252495765686,-0.01983780227601528,0.04699605703353882,-0.2596391439437866,-0.023527130484580994,0.047833144664764404,-0.32794103026390076,-0.03977298364043236,0.03584176301956177,-0.2431812882423401,-0.023599157109856606,0.028006136417388916,-0.21450555324554443,-0.007973344065248966
0.0,0.0,0.0,-0.0740475058555603,-0.04387456178665161,-0.03423560410737991,-0.13700199127197266,-0.11633777618408203,-0.05315766856074333,-0.14724284410476685,-0.2186143398284912,-0.0694626048207283,-0.10365188121795654,-0.25601404905319214,-0.07596243917942047,-0.08655864000320435,-0.2711208462715149,-0.0188518688082695,-0.08526420593261719,-0.3506394028663635,-0.05265636742115021,-0.08380299806594849,-0.24680256843566895,-0.06660374999046326,-0.08376568555831909,-0.21425455808639526,-0.07311128079891205,-0.04067254066467285,-0.2740064263343811,-0.015189050696790218,-0.03987741470336914,-0.3474354147911072,-0.05134662240743637,-0.041253089904785156,-0.22356945276260376,-0.05603938177227974,-0.04731130599975586,-0.20763421058654785,-0.05334394797682762,0.0034307241439819336,-0.27156752347946167,-0.017893923446536064,0.006922364234924316,-0.34555625915527344,-0.053324222564697266,-0.002265334129333496,-0.22870147228240967,-0.036956362426280975,-0.009242475032806396,-0.20576030015945435,-0.018633898347616196,0.046253323554992676,-0.25639522075653076,-0.023952243849635124,0.04842454195022583,-0.32557201385498047,-0.040643688291311264,0.03603339195251465,-0.24106723070144653,-0.024416834115982056,0.028122305870056152,-0.2122669816017151,-0.008492709137499332
0.0,0.0,0.0,-0.07375389337539673,-0.04157745838165283,-0.03432266786694527,-0.13654255867004395,-0.11334097385406494,-0.05377108231186867,-0.14617782831192017,-0.21358489990234375,-0.07052525132894516,-0.1041938066482544,-0.25384706258773804,-0.07745619118213654,-0.08891630172729492,-0.2677120566368103,-0.01955312117934227,-0.08733195066452026,-0.3479413688182831,-0.053217191249132156,-0.08462107181549072,-0.24545234441757202,-0.06637059897184372,-0.08391636610031128,-0.2142696976661682,-0.07217224687337875,-0.043192505836486816,-0.2703905701637268,-0.015744447708129883,-0.04340708255767822,-0.3432491719722748,-0.05051595717668533,-0.04375559091567993,-0.2218914031982422,-0.053680505603551865,-0.049270451068878174,-0.2090742588043213,-0.04999313876032829,0.0012359619140625,-0.2685425877571106,-0.018499981611967087,0.0032274723052978516,-0.3414596915245056,-0.0532449409365654,-0.0041422247886657715,-0.22630250453948975,-0.03671586886048317,-0.00951474905014038,-0.20512443780899048,-0.01832863688468933,0.044834673404693604,-0.2556803226470947,-0.02457733266055584,0.04521375894546509,-0.32371026277542114,-0.0414186492562294,0.034798502922058105,-0.24083757400512695,-0.02585744485259056,0.02970588207244873,-0.2133324146270752,-0.010256058536469936
0.0,0.0,0.0,-0.07318234443664551,-0.03917199373245239,-0.03207007423043251,-0.13441920280456543,-0.11337804794311523,-0.049773719161748886,-0.1423029899597168,-0.21433335542678833,-0.06542723625898361,-0.10019028186798096,-0.2534918189048767,-0.07171676307916641,-0.08386337757110596,-0.26362043619155884,-0.01587914116680622,-0.08285599946975708,-0.3437807857990265,-0.04967186972498894,-0.08027005195617676,-0.24110925197601318,-0.06370214372873306,-0.07996004819869995,-0.21017992496490479,-0.07012628018856049,-0.03956568241119385,-0.26608532667160034,-0.013409016653895378,-0.03885573148727417,-0.33971428871154785,-0.04869217053055763,-0.03884005546569824,-0.22031116485595703,-0.053050924092531204,-0.044866859912872314,-0.20743846893310547,-0.04982559010386467,0.004047274589538574,-0.26429831981658936,-0.017444774508476257,0.007063508033752441,-0.3385095000267029,-0.05266476422548294,0.0005995631217956543,-0.22359418869018555,-0.036911867558956146,-0.004785060882568359,-0.20280736684799194,-0.018682917580008507,0.047169029712677,-0.2525116205215454,-0.024633243680000305,0.04812431335449219,-0.31819838285446167,-0.04202066361904144,0.03881484270095825,-0.23600703477859497,-0.02705690637230873,0.03417694568634033,-0.21009725332260132,-0.011663186363875866
0.0,0.0,0.0,-0.07357454299926758,-0.03966397047042847,-0.033804457634687424,-0.134793221950531,-0.11264199018478394,-0.05307327210903168,-0.14387887716293335,-0.21357691287994385,-0.07006055861711502,-0.10182076692581177,-0.25221168994903564,-0.077680803835392,-0.08656907081604004,-0.26351243257522583,-0.018170272931456566,-0.08434605598449707,-0.34364718198776245,-0.051940061151981354,-0.08170032501220703,-0.24243545532226562,-0.06535306572914124,-0.08125990629196167,-0.2083895206451416,-0.0711836889386177,-0.04198211431503296,-0.2678215503692627,-0.014987180009484291,-0.04061704874038696,-0.3415715992450714,-0.04999241605401039,-0.040700316429138184,-0.2222117781639099,-0.0536545105278492,-0.046392977237701416,-0.20730876922607422,-0.0500248447060585,0.0017450451850891113,-0.26682519912719727,-0.01840871013700962,0.004780709743499756,-0.33776411414146423,-0.05345328524708748,-0.0020615458488464355,-0.2239600419998169,-0.03757717087864876,-0.007268130779266357,-0.2023037075996399,-0.019440077245235443,0.04507625102996826,-0.2540166974067688,-0.025105634704232216,0.045379817485809326,-0.32056838274002075,-0.0422518253326416,0.0354461669921875,-0.23729127645492554,-0.026993058621883392,0.030453205108642578,-0.2086571455001831,-0.011569659225642681
0.0,0.0,0.0,-0.07266128063201904,-0.036541104316711426,-0.033113911747932434,-0.13478124141693115,-0.11174356937408447,-0.05271341651678085,-0.14425420761108398,-0.21104693412780762,-0.0704525038599968,-0.10214340686798096,-0.24605464935302734,-0.0790373682975769,-0.08527898788452148,-0.2642614245414734,-0.01903281733393669,-0.08360713720321655,-0.3438532054424286,-0.053817395120859146,-0.08257043361663818,-0.24248409271240234,-0.06773816049098969,-0.08121246099472046,-0.20886707305908203,-0.07376580685377121,-0.040460824966430664,-0.26692789793014526,-0.016347410157322884,-0.03945702314376831,-0.3370208442211151,-0.051878102123737335,-0.04146623611450195,-0.21773624420166016,-0.054608073085546494,-0.04660820960998535,-0.20248252153396606,-0.05045251175761223,0.002919316291809082,-0.2644883990287781,-0.020386582240462303,0.006425023078918457,-0.3362916111946106,-0.05587631091475487,-0.002602815628051758,-0.22154754400253296,-0.039604302495718,-0.0081251859664917,-0.19832360744476318,-0.02118571102619171,0.04570937156677246,-0.2500932216644287,-0.02769443206489086,0.04701751470565796,-0.3156828284263611,-0.044949691742658615,0.035202085971832275,-0.23323959112167358,-0.029954984784126282,0.029395997524261475,-0.20505261421203613,-0.014812100678682327
0.0,0.0,0.0,-0.076382577419281,-0.04144406318664551,-0.03593261539936066,-0.13882482051849365,-0.1187317967414856,-0.05747140571475029,-0.14827430248260498,-0.21947640180587769,-0.07611838728189468,-0.1046375036239624,-0.2516741156578064,-0.08492249995470047,-0.08534711599349976,-0.27224093675613403,-0.02373153157532215,-0.08706343173980713,-0.34923332929611206,-0.06008679419755936,-0.08685702085494995,-0.24386167526245117,-0.07584032416343689,-0.08251422643661499,-0.21422863006591797,-0.08359907567501068,-0.04045349359512329,-0.2723008394241333,-0.01923184096813202,-0.044375479221343994,-0.34044787287712097,-0.05457383766770363,-0.04603701829910278,-0.21769648790359497,-0.057255011051893234,-0.047087669372558594,-0.20637130737304688,-0.05398779362440109,0.0031762123107910156,-0.2691836953163147,-0.021544478833675385,0.0034787654876708984,-0.3446781039237976,-0.05559029057621956,-0.006132245063781738,-0.22785133123397827,-0.038153037428855896,-0.008364081382751465,-0.20452851057052612,-0.019844427704811096,0.046586573123931885,-0.25488197803497314,-0.02759356051683426,0.04481196403503418,-0.3225634694099426,-0.043448273092508316,0.032313525676727295,-0.23979121446609497,-0.027889909222722054,0.028312623500823975,-0.210493803024292,-0.01272435300052166
0.0,0.0,0.0,-0.07392364740371704,-0.040305376052856445,-0.03333162143826485,-0.13629448413848877,-0.11709535121917725,-0.052399132400751114,-0.14528220891952515,-0.21583235263824463,-0.06904374063014984,-0.10354101657867432,-0.24729841947555542,-0.07599399983882904,-0.0834726095199585,-0.27290529012680054,-0.018092339858412743,-0.08446693420410156,-0.3485637307167053,-0.05261179059743881,-0.0834398865699768,-0.2458052635192871,-0.06779534369707108,-0.08164703845977783,-0.21669936180114746,-0.07498954981565475,-0.03953820466995239,-0.2736474871635437,-0.014578798785805702,-0.04269224405288696,-0.3408871293067932,-0.04859158396720886,-0.0431857705116272,-0.22069627046585083,-0.05157150328159332,-0.046377599239349365,-0.2091650366783142,-0.047956567257642746,0.00321882963180542,-0.2702218294143677,-0.017857113853096962,0.003853142261505127,-0.3440609872341156,-0.051166221499443054,-0.003295004367828369,-0.22964251041412354,-0.034790582954883575,-0.00613170862197876,-0.20624017715454102,-0.01667407527565956,0.04621398448944092,-0.2547842264175415,-0.024623753502964973,0.04454714059829712,-0.32158219814300537,-0.04046231508255005,0.034098803997039795,-0.2415565848350525,-0.02561354637145996,0.03075951337814331,-0.21385544538497925,-0.010469035245478153
0.0,0.0,0.0,-0.07416325807571411,-0.04131615161895752,-0.032119400799274445,-0.13489341735839844,-0.11809098720550537,-0.05014217644929886,-0.1435551643371582,-0.21765238046646118,-0.06578752398490906,-0.10267680883407593,-0.24983298778533936,-0.07176144421100616,-0.08289271593093872,-0.2739487290382385,-0.015574153512716293,-0.08407825231552124,-0.3524017333984375,-0.04890839383006096,-0.08337390422821045,-0.25227129459381104,-0.0635821521282196,-0.08182400465011597,-0.22291934490203857,-0.0702843964099884,-0.03993391990661621,-0.2744714021682739,-0.011978955008089542,-0.04276013374328613,-0.3423108756542206,-0.04371899738907814,-0.04355192184448242,-0.22346758842468262,-0.04590728506445885,-0.04694938659667969,-0.21318286657333374,-0.04185130447149277,0.0019227862358093262,-0.2702528238296509,-0.015244311653077602,0.0028995275497436523,-0.34265291690826416,-0.04725632071495056,-0.004699587821960449,-0.2301533818244934,-0.03168673440814018,-0.007510840892791748,-0.20811963081359863,-0.014126555994153023,0.04386579990386963,-0.25480127334594727,-0.021804850548505783,0.043271780014038086,-0.3224904537200928,-0.03714795410633087,0.03224855661392212,-0.24411505460739136,-0.0228112805634737,0.028325557708740234,-0.21602296829223633,-0.00795033574104309
0.0,0.0,0.0,-0.07312637567520142,-0.04233831167221069,-0.03254200890660286,-0.1331871747970581,-0.11575120687484741,-0.05133771523833275,-0.14356422424316406,-0.21675384044647217,-0.06834171712398529,-0.10288679599761963,-0.25534123182296753,-0.07579963654279709,-0.08215779066085815,-0.2699245810508728,-0.011850672774016857,-0.08316773176193237,-0.349148690700531,-0.0460546612739563,-0.08076238632202148,-0.24891555309295654,-0.061585281044244766,-0.079487144947052,-0.21716177463531494,-0.06859862059354782,-0.03894835710525513,-0.272139310836792,-0.008832578547298908,-0.04122567176818848,-0.3404514491558075,-0.042625244706869125,-0.040757060050964355,-0.2218908667564392,-0.04667719081044197,-0.04475831985473633,-0.2110365629196167,-0.04307198524475098,0.0033362507820129395,-0.2680790424346924,-0.013022110797464848,0.004337906837463379,-0.3398432731628418,-0.046906404197216034,-0.0018738508224487305,-0.22805500030517578,-0.031865913420915604,-0.005127370357513428,-0.2061259150505066,-0.013872691430151463,0.0454670786857605,-0.2530890703201294,-0.020575137808918953,0.04491913318634033,-0.31694138050079346,-0.03717905655503273,0.03493082523345947,-0.24001586437225342,-0.02323172055184841,0.03138607740402222,-0.21427470445632935,-0.008178499527275562
0.0,0.0,0.0,-0.07376784086227417,-0.04710125923156738,-0.031809065490961075,-0.13266295194625854,-0.11611342430114746,-0.049375902861356735,-0.1430373191833496,-0.21713393926620483,-0.06505896896123886,-0.1035693883895874,-0.2586919665336609,-0.0711284726858139,-0.08233386278152466,-0.27259087562561035,-0.008048636838793755,-0.08238059282302856,-0.34827864170074463,-0.04092284291982651,-0.08064889907836914,-0.2494795322418213,-0.056935131549835205,-0.0810697078704834,-0.21742749214172363,-0.06449655443429947,-0.03917187452316284,-0.274837851524353,-0.0049553182907402515,-0.04092133045196533,-0.3418051600456238,-0.03789995610713959,-0.04074239730834961,-0.22473376989364624,-0.04390591382980347,-0.04546076059341431,-0.21345961093902588,-0.04181651771068573,0.0034939050674438477,-0.2705598473548889,-0.008888600394129753,0.00413137674331665,-0.3412306308746338,-0.041581232100725174,-0.0021132230758666992,-0.2315119504928589,-0.027311207726597786,-0.006357550621032715,-0.20890074968338013,-0.01010766439139843,0.04536360502243042,-0.2551325559616089,-0.016182007268071175,0.04527008533477783,-0.31800317764282227,-0.031825318932533264,0.03515225648880005,-0.24228107929229736,-0.017465315759181976,0.031177639961242676,-0.216589093208313,-0.0021964802872389555
0.0,0.0,0.0,-0.07363766431808472,-0.044272780418395996,-0.03347132354974747,-0.13247686624526978,-0.11479133367538452,-0.05261584371328354,-0.14286738634109497,-0.2147616147994995,-0.06966082751750946,-0.1031455397605896,-0.25671708583831787,-0.07722152024507523,-0.08175349235534668,-0.26771336793899536,-0.012667822651565075,-0.08075207471847534,-0.3459375500679016,-0.04577183350920677,-0.07913082838058472,-0.24678385257720947,-0.06084716320037842,-0.07958018779754639,-0.2147049903869629,-0.06787943840026855,-0.03848749399185181,-0.2700892686843872,-0.009030130691826344,-0.03952819108963013,-0.3381955921649933,-0.04228375107049942,-0.039616405963897705,-0.22074639797210693,-0.0473984032869339,-0.04459226131439209,-0.2100236415863037,-0.04490901902318001,0.00422513484954834,-0.2661682367324829,-0.012342841364443302,0.005738556385040283,-0.3389485478401184,-0.04548904672265053,-0.0008657574653625488,-0.22844213247299194,-0.030697382986545563,-0.0054433345794677734,-0.2060920000076294,-0.013345427811145782,0.04557555913925171,-0.2516658902168274,-0.01908213086426258,0.04651063680648804,-0.31536251306533813,-0.03557301312685013,0.03615462779998779,-0.2389351725578308,-0.02158466912806034,0.031535446643829346,-0.21256965398788452,-0.006719042081385851
0.0,0.0,0.0,-0.07365471124649048,-0.04637002944946289,-0.033148087561130524,-0.13328814506530762,-0.11684906482696533,-0.0510687381029129,-0.14378803968429565,-0.2194088101387024,-0.06677936762571335,-0.10334515571594238,-0.26113438606262207,-0.07280275970697403,-0.08168834447860718,-0.26976823806762695,-0.010725550353527069,-0.08189445734024048,-0.3481590449810028,-0.0431259460747242,-0.07986652851104736,-0.24859505891799927,-0.058206625282764435,-0.07976537942886353,-0.21904724836349487,-0.06541752815246582,-0.03872549533843994,-0.27221012115478516,-0.0067696101032197475,-0.04017215967178345,-0.3398170471191406,-0.03912857919931412,-0.040031254291534424,-0.22278046607971191,-0.0443260557949543,-0.04482066631317139,-0.21322357654571533,-0.04207628220319748,0.003912687301635742,-0.2680817246437073,-0.009833641350269318,0.004580438137054443,-0.34194743633270264,-0.0418802909553051,-0.0013127326965332031,-0.2324252724647522,-0.02705944888293743,-0.005805671215057373,-0.20940262079238892,-0.009813905693590641,0.045259833335876465,-0.2537541389465332,-0.016401192173361778,0.045496582984924316,-0.31885868310928345,-0.031710341572761536,0.03564554452896118,-0.2442176342010498,-0.017517009750008583,0.031219005584716797,-0.21778953075408936,-0.0026077742222696543
0.0,0.0,0.0,-0.07432109117507935,-0.045643627643585205,-0.03339593857526779,-0.1332685947418213,-0.11707323789596558,-0.052101682871580124,-0.14334571361541748,-0.2185971736907959,-0.06856714189052582,-0.10338473320007324,-0.26070642471313477,-0.07541416585445404,-0.0826106071472168,-0.267703115940094,-0.01270187646150589,-0.08109062910079956,-0.34816017746925354,-0.045192599296569824,-0.07973819971084595,-0.24882662296295166,-0.0595734566450119,-0.0799444317817688,-0.21622836589813232,-0.0661577358841896,-0.03875851631164551,-0.27088528871536255,-0.008717725053429604,-0.039630234241485596,-0.3393707871437073,-0.04089183732867241,-0.03990131616592407,-0.22218281030654907,-0.04536086693406105,-0.045065462589263916,-0.21091341972351074,-0.042802050709724426,0.0040572285652160645,-0.2679121494293213,-0.011660104617476463,0.0056362152099609375,-0.34152883291244507,-0.04372995346784592,-0.0006781816482543945,-0.23112118244171143,-0.02844329923391342,-0.0052828192710876465,-0.20705729722976685,-0.011104609817266464,0.045484185218811035,-0.25410401821136475,-0.018069155514240265,0.046169400215148926,-0.31955188512802124,-0.03382673114538193,0.036398231983184814,-0.2432096004486084,-0.019654931500554085,0.032285332679748535,-0.21561503410339355,-0.004869207739830017
0.0,0.0,0.0,-0.07281309366226196,-0.045181989669799805,-0.03371407836675644,-0.1319614052772522,-0.11834096908569336,-0.05234334245324135,-0.14147800207138062,-0.22037261724472046,-0.06895467638969421,-0.10109114646911621,-0.2621522545814514,-0.07608640938997269,-0.07960224151611328,-0.26910728216171265,-0.011180086992681026,-0.07876211404800415,-0.3495502471923828,-0.04383787512779236,-0.0783272385597229,-0.25029802322387695,-0.058829911053180695,-0.07742398977279663,-0.21991044282913208,-0.06605131924152374,-0.03631949424743652,-0.2713356614112854,-0.007345147896558046,-0.03763514757156372,-0.3404862880706787,-0.04064652696251869,-0.03926604986190796,-0.22475457191467285,-0.04576989635825157,-0.042089760303497314,-0.2141832709312439,-0.04311509057879448,0.006310939788818359,-0.26724153757095337,-0.010692091658711433,0.006974697113037109,-0.34209999442100525,-0.04329724609851837,-0.0006311535835266113,-0.23460876941680908,-0.02872088924050331,-0.003023803234100342,-0.21212106943130493,-0.011478410102427006,0.047949254512786865,-0.25341087579727173,-0.01763124391436577,0.04750126600265503,-0.3183801770210266,-0.033654000610113144,0.03599649667739868,-0.24430614709854126,-0.020304793491959572,0.03287637233734131,-0.217268705368042,-0.005926158744841814
0.0,0.0,0.0,-0.0722116231918335,-0.046131134033203125,-0.03237680718302727,-0.1318427324295044,-0.11928719282150269,-0.05016558989882469,-0.14170396327972412,-0.2211223840713501,-0.06611450761556625,-0.10107189416885376,-0.2620627284049988,-0.07261930406093597,-0.07912009954452515,-0.26890456676483154,-0.010724968276917934,-0.07876807451248169,-0.347721129655838,-0.04324798285961151,-0.0784919261932373,-0.24798935651779175,-0.05797623470425606,-0.07829749584197998,-0.21898925304412842,-0.0650765523314476,-0.035722970962524414,-0.2709219455718994,-0.007443991955369711,-0.037346482276916504,-0.3391728103160858,-0.04049241170287132,-0.03925657272338867,-0.22305798530578613,-0.04527789726853371,-0.04261666536331177,-0.21416467428207397,-0.042584601789712906,0.007139384746551514,-0.2665528655052185,-0.011190163902938366,0.00758671760559082,-0.3409287929534912,-0.04367145523428917,7.545948028564453e-05,-0.2330072522163391,-0.028663231059908867,-0.0025216341018676758,-0.21145981550216675,-0.01123130600899458,0.04892086982727051,-0.2522401213645935,-0.01840820163488388,0.04817819595336914,-0.31726837158203125,-0.03419259935617447,0.03700500726699829,-0.2431941032409668,-0.020411953330039978,0.03403836488723755,-0.21720534563064575,-0.005792423151433468
0.0,0.0,0.0,-0.07366257905960083,-0.045732975006103516,-0.03347298875451088,-0.13274073600769043,-0.11852103471755981,-0.05212615430355072,-0.14216428995132446,-0.221088707447052,-0.06839154660701752,-0.10165292024612427,-0.26260077953338623,-0.07491331547498703,-0.08114790916442871,-0.2697684168815613,-0.01392095722258091,-0.08022129535675049,-0.35084521770477295,-0.04655551537871361,-0.07870322465896606,-0.25015437602996826,-0.06088170036673546,-0.07847732305526733,-0.21786999702453613,-0.067539744079113,-0.03765016794204712,-0.27206677198410034,-0.010125504806637764,-0.03876703977584839,-0.3414727449417114,-0.042504724115133286,-0.038962483406066895,-0.22385430335998535,-0.04675232991576195,-0.043405890464782715,-0.2128661870956421,-0.044109925627708435,0.00500643253326416,-0.26814180612564087,-0.013214298523962498,0.00637894868850708,-0.34308817982673645,-0.045453425496816635,-0.0002765059471130371,-0.23233020305633545,-0.029873549938201904,-0.004708230495452881,-0.20827513933181763,-0.012408464215695858,0.04624176025390625,-0.25352931022644043,-0.019801365211606026,0.047016799449920654,-0.31946176290512085,-0.035918623208999634,0.036683082580566406,-0.24338942766189575,-0.021775877103209496,0.031950294971466064,-0.21593910455703735,-0.0069986190646886826
0.0,0.0,0.0,-0.07268047332763672,-0.04672515392303467,-0.03252510353922844,-0.13168656826019287,-0.1184733510017395,-0.05053507164120674,-0.14162606000900269,-0.2209656834602356,-0.06661036610603333,-0.10122102499008179,-0.26131826639175415,-0.0731695145368576,-0.08115512132644653,-0.27005285024642944,-0.01075046882033348,-0.08021223545074463,-0.3502166271209717,-0.04358067363500595,-0.07900214195251465,-0.25121772289276123,-0.05843498185276985,-0.07936757802963257,-0.21795403957366943,-0.06525848805904388,-0.03756958246231079,-0.2722775340080261,-0.0074421497993171215,-0.03819328546524048,-0.3425372242927551,-0.04071805998682976,-0.03892785310745239,-0.22592812776565552,-0.04609766602516174,-0.04386407136917114,-0.2138659954071045,-0.043711982667446136,0.0054582953453063965,-0.2681068181991577,-0.011071535758674145,0.007037758827209473,-0.34135663509368896,-0.043953269720077515,-0.0001552104949951172,-0.23261725902557373,-0.0292743518948555,-0.00498652458190918,-0.20886832475662231,-0.011969130486249924,0.04716813564300537,-0.25319892168045044,-0.018128173425793648,0.048032283782958984,-0.3171130418777466,-0.03430863469839096,0.03717714548110962,-0.24196112155914307,-0.020383015275001526,0.03211945295333862,-0.21516454219818115,-0.0055870721116662025
0.0,0.0,0.0,-0.0733000636100769,-0.04739642143249512,-0.031615812331438065,-0.13288182020187378,-0.12000173330307007,-0.0489414781332016,-0.14283210039138794,-0.22131848335266113,-0.06448815017938614,-0.10238134860992432,-0.2608439326286316,-0.07053608447313309,-0.0813755989074707,-0.2713184356689453,-0.009989460930228233,-0.08086329698562622,-0.3523836135864258,-0.042545512318611145,-0.08006125688552856,-0.2525065541267395,-0.0576019249856472,-0.08036702871322632,-0.22211003303527832,-0.06485779583454132,-0.03805851936340332,-0.2729002833366394,-0.007021753583103418,-0.03828805685043335,-0.34370332956314087,-0.040089935064315796,-0.03971654176712036,-0.2270503044128418,-0.045785773545503616,-0.0453183650970459,-0.21691399812698364,-0.043748825788497925,0.005079388618469238,-0.26854628324508667,-0.010874496772885323,0.006772339344024658,-0.34310126304626465,-0.043392956256866455,-0.0003432035446166992,-0.23418700695037842,-0.028857264667749405,-0.005311071872711182,-0.21213608980178833,-0.011785848997533321,0.04714405536651611,-0.25437891483306885,-0.018067745491862297,0.04758495092391968,-0.3187134861946106,-0.033716436475515366,0.03722870349884033,-0.24328875541687012,-0.01963578350841999,0.03297877311706543,-0.2175537347793579,-0.004863847512751818
0.0,0.0,0.0,-0.07252621650695801,-0.045328378677368164,-0.03183698281645775,-0.1320602297782898,-0.11905378103256226,-0.04944891110062599,-0.1420506238937378,-0.21934115886688232,-0.06531310081481934,-0.10199892520904541,-0.2593916654586792,-0.071942999958992,-0.08060705661773682,-0.2690467834472656,-0.011005761101841927,-0.07855749130249023,-0.3490195870399475,-0.04350626841187477,-0.078421950340271,-0.24903243780136108,-0.058533333241939545,-0.07995522022247314,-0.21955621242523193,-0.0658508911728859,-0.037318289279937744,-0.2704741954803467,-0.008021141402423382,-0.036464035511016846,-0.34123581647872925,-0.04175190255045891,-0.03878730535507202,-0.22472327947616577,-0.047903429716825485,-0.04572266340255737,-0.21451658010482788,-0.045981649309396744,0.005920469760894775,-0.2665722966194153,-0.011709843762218952,0.008727788925170898,-0.3419010043144226,-0.045177310705184937,0.0005827546119689941,-0.23160666227340698,-0.03143883869051933,-0.005527794361114502,-0.2098405957221985,-0.014602544717490673,0.04792428016662598,-0.25377023220062256,-0.018574535846710205,0.04922550916671753,-0.3176876902580261,-0.03513384237885475,0.03831595182418823,-0.2408994436264038,-0.021631404757499695,0.03343755006790161,-0.2151452898979187,-0.007093057967722416
0.0,0.0,0.0,-0.07337355613708496,-0.04663926362991333,-0.03315646946430206,-0.13211160898208618,-0.11795800924301147,-0.05163326486945152,-0.14251726865768433,-0.22050923109054565,-0.0682174563407898,-0.10257762670516968,-0.2614588141441345,-0.07530338317155838,-0.08125203847885132,-0.2688246965408325,-0.010519685223698616,-0.08004575967788696,-0.3494550883769989,-0.043521635234355927,-0.0792582631111145,-0.2507137656211853,-0.058514319360256195,-0.07972228527069092,-0.2183305025100708,-0.06546149402856827,-0.03781747817993164,-0.27114200592041016,-0.007012879475951195,-0.03811812400817871,-0.34198540449142456,-0.040520865470170975,-0.039235591888427734,-0.22572970390319824,-0.04593585431575775,-0.044336676597595215,-0.21470952033996582,-0.043456416577100754,0.005186498165130615,-0.267004132270813,-0.0105972308665514,0.007289707660675049,-0.34090685844421387,-0.04389483854174614,-7.158517837524414e-05,-0.23245489597320557,-0.029434435069561005,-0.005117952823638916,-0.20999044179916382,-0.012141436338424683,0.046802520751953125,-0.25273042917251587,-0.01765577308833599,0.048429012298583984,-0.3162528872489929,-0.034101080149412155,0.03719419240951538,-0.2411251664161682,-0.02039189264178276,0.03191649913787842,-0.21472418308258057,-0.005697447340935469
0.0,0.0,0.0,-0.07379871606826782,-0.04781907796859741,-0.03325057774782181,-0.13244962692260742,-0.11799108982086182,-0.05218898132443428,-0.14308464527130127,-0.21967875957489014,-0.0690641701221466,-0.10323995351791382,-0.260955810546875,-0.07634621113538742,-0.0820358395576477,-0.2696076035499573,-0.012146897614002228,-0.08024919033050537,-0.3510403335094452,-0.0447007454931736,-0.07916611433029175,-0.2521076202392578,-0.05908352509140968,-0.08045089244842529,-0.21830672025680542,-0.06552615016698837,-0.038623273372650146,-0.2720756530761719,-0.008338643237948418,-0.03864777088165283,-0.34318807721138,-0.04119472950696945,-0.03922474384307861,-0.22570323944091797,-0.04635659232735634,-0.04539012908935547,-0.21365416049957275,-0.04399250075221062,0.004340112209320068,-0.26800668239593506,-0.011361740529537201,0.0061737895011901855,-0.34262987971305847,-0.04405175521969795,-0.0007649064064025879,-0.23238539695739746,-0.029210224747657776,-0.00666433572769165,-0.20774215459823608,-0.01193263754248619,0.045601487159729004,-0.2534831166267395,-0.017785506322979927,0.04680293798446655,-0.31900542974472046,-0.0339675210416317,0.036038994789123535,-0.24291342496871948,-0.019803717732429504,0.03020387887954712,-0.2147800326347351,-0.00487139169126749
0.0,0.0,0.0,-0.0739946961402893,-0.047061145305633545,-0.03319943696260452,-0.13259726762771606,-0.11862814426422119,-0.05160120502114296,-0.14251458644866943,-0.22111141681671143,-0.0677097961306572,-0.10151183605194092,-0.2621390223503113,-0.07401999831199646,-0.08163309097290039,-0.2711663246154785,-0.01180843636393547,-0.08140331506729126,-0.35098329186439514,-0.04479404166340828,-0.07973736524581909,-0.25131553411483765,-0.05982112139463425,-0.0794798731803894,-0.219859778881073,-0.0667404904961586,-0.038138747215270996,-0.2732572555541992,-0.007869976572692394,-0.039775967597961426,-0.3413323760032654,-0.040016449987888336,-0.03967750072479248,-0.2236972451210022,-0.04462064430117607,-0.04447072744369507,-0.21349602937698364,-0.04218713566660881,0.004568636417388916,-0.2690609097480774,-0.010970006696879864,0.005288362503051758,-0.34204909205436707,-0.04313778132200241,-0.0009118318557739258,-0.23133456707000732,-0.027959780767560005,-0.0054506659507751465,-0.2073979377746582,-0.010627181269228458,0.046051979064941406,-0.25420522689819336,-0.017540737986564636,0.04614681005477905,-0.3200889229774475,-0.033200982958078384,0.036087632179260254,-0.2436177134513855,-0.018789367750287056,0.031258583068847656,-0.21555519104003906,-0.0037526488304138184
0.0,0.0,0.0,-0.07366108894348145,-0.046510159969329834,-0.03306911140680313,-0.13263583183288574,-0.11863535642623901,-0.050879377871751785,-0.14211535453796387,-0.2215331792831421,-0.06632848083972931,-0.10101848840713501,-0.2619958519935608,-0.07199133187532425,-0.08070623874664307,-0.2703486680984497,-0.011670723557472229,-0.08041751384735107,-0.3500717580318451,-0.044160157442092896,-0.0787084698677063,-0.249972403049469,-0.05878745764493942,-0.0785875916481018,-0.21969139575958252,-0.06560356169939041,-0.037530481815338135,-0.2723708152770996,-0.007774077355861664,-0.03890794515609741,-0.3405474126338959,-0.03984798118472099,-0.03888493776321411,-0.22267669439315796,-0.044334255158901215,-0.043604135513305664,-0.21318107843399048,-0.041783176362514496,0.004942953586578369,-0.26820605993270874,-0.010889852419495583,0.005920231342315674,-0.34171897172927856,-0.04317767173051834,-0.0003120899200439453,-0.23087823390960693,-0.02791193313896656,-0.004845798015594482,-0.20776331424713135,-0.010447729378938675,0.046159982681274414,-0.2534644603729248,-0.017470138147473335,0.04660820960998535,-0.31918787956237793,-0.03332788497209549,0.036695778369903564,-0.2428370714187622,-0.019016504287719727,0.03190547227859497,-0.2155255675315857,-0.004026135895401239
0.0,0.0,0.0,-0.07364082336425781,-0.047319233417510986,-0.032885510474443436,-0.13217639923095703,-0.11813461780548096,-0.051498640328645706,-0.14277929067611694,-0.2188795804977417,-0.06795509904623032,-0.10326051712036133,-0.2596776485443115,-0.07480528205633163,-0.08188861608505249,-0.2694239616394043,-0.012953841127455235,-0.08007550239562988,-0.35001251101493835,-0.045302052050828934,-0.0790872573852539,-0.2509493827819824,-0.05954325199127197,-0.08048820495605469,-0.21795713901519775,-0.0660332515835762,-0.03835242986679077,-0.2719566822052002,-0.009229879826307297,-0.03859841823577881,-0.3418668210506439,-0.041540518403053284,-0.039256930351257324,-0.224656343460083,-0.046304892748594284,-0.04526805877685547,-0.2138608694076538,-0.043980229645967484,0.004667162895202637,-0.26818615198135376,-0.012222261168062687,0.006530284881591797,-0.3418519198894501,-0.04441651701927185,-0.0003903508186340332,-0.2319008708000183,-0.029341185465455055,-0.005969583988189697,-0.2086055874824524,-0.012196287512779236,0.04596740007400513,-0.2537538409233093,-0.0185881145298481,0.0471271276473999,-0.3185150623321533,-0.03443676233291626,0.03661394119262695,-0.24248570203781128,-0.020112568512558937,0.031184673309326172,-0.21531206369400024,-0.005230349954217672
0.0,0.0,0.0,-0.07268381118774414,-0.04790240526199341,-0.03353359177708626,-0.13121163845062256,-0.11788439750671387,-0.05268445238471031,-0.14181089401245117,-0.21794861555099487,-0.06961352378129959,-0.10154372453689575,-0.25854164361953735,-0.07686879485845566,-0.08105534315109253,-0.271297812461853,-0.01332913339138031,-0.08006900548934937,-0.35059499740600586,-0.046871695667505264,-0.07909059524536133,-0.2510372996330261,-0.06209735944867134,-0.08004570007324219,-0.21818625926971436,-0.06903000921010971,-0.03753548860549927,-0.27297961711883545,-0.009455787017941475,-0.038296282291412354,-0.34211504459381104,-0.04295088350772858,-0.03891265392303467,-0.22426772117614746,-0.048191625624895096,-0.04452592134475708,-0.2127324938774109,-0.04590075463056564,0.005356192588806152,-0.26837050914764404,-0.01245580893009901,0.006971895694732666,-0.34055688977241516,-0.045781802386045456,-0.0004107952117919922,-0.22962230443954468,-0.030986297875642776,-0.005865335464477539,-0.2060377597808838,-0.013639502227306366,0.0468745231628418,-0.25300395488739014,-0.01883906126022339,0.047590672969818115,-0.31773877143859863,-0.03503439947962761,0.03666234016418457,-0.24082666635513306,-0.020620247349143028,0.031006932258605957,-0.2135189175605774,-0.005502703599631786
0.0,0.0,0.0,-0.07240927219390869,-0.04494816064834595,-0.033355843275785446,-0.13155627250671387,-0.11806106567382812,-0.052950669080019,-0.14242422580718994,-0.21813112497329712,-0.07049957662820816,-0.10140597820281982,-0.257704496383667,-0.07841451466083527,-0.08084666728973389,-0.2690175771713257,-0.014328330755233765,-0.08029907941818237,-0.35050126910209656,-0.04854933172464371,-0.0789804458618164,-0.2497713565826416,-0.06366811692714691,-0.07842594385147095,-0.2163090705871582,-0.07032166421413422,-0.037227630615234375,-0.27066725492477417,-0.010691381059587002,-0.03836381435394287,-0.3405917286872864,-0.04416845738887787,-0.03884333372116089,-0.2217438817024231,-0.047957856208086014,-0.04379773139953613,-0.2088794708251953,-0.044562023133039474,0.005215466022491455,-0.26608067750930786,-0.014095093123614788,0.0071520209312438965,-0.33984771370887756,-0.0475614108145237,0.00010317564010620117,-0.2276248335838318,-0.031981732696294785,-0.004490375518798828,-0.20284754037857056,-0.013956229202449322,0.046755850315093994,-0.2505430579185486,-0.02087283320724964,0.04719853401184082,-0.31630247831344604,-0.037216175347566605,0.036726176738739014,-0.23931950330734253,-0.022859010845422745,0.03190106153488159,-0.21190816164016724,-0.007705891039222479
0.0,0.0,0.0,-0.0722309947013855,-0.04276841878890991,-0.03434675559401512,-0.13213080167770386,-0.12187802791595459,-0.05391420051455498,-0.14327728748321533,-0.2228451371192932,-0.07116002589464188,-0.10147637128829956,-0.25776880979537964,-0.07871976494789124,-0.08075302839279175,-0.2686835527420044,-0.01709510013461113,-0.08058780431747437,-0.35174065828323364,-0.05138585343956947,-0.07908320426940918,-0.24908500909805298,-0.06613247096538544,-0.07776570320129395,-0.21888411045074463,-0.07278543710708618,-0.03700661659240723,-0.2691692113876343,-0.012912735342979431,-0.038612425327301025,-0.34055280685424805,-0.04727868735790253,-0.039195716381073,-0.2205865979194641,-0.051052726805210114,-0.0446200966835022,-0.20834463834762573,-0.04761267080903053,0.005486190319061279,-0.2653161287307739,-0.015623229555785656,0.007725954055786133,-0.34117254614830017,-0.04995418339967728,0.0005823373794555664,-0.2269994616508484,-0.0345083512365818,-0.0044547319412231445,-0.20241683721542358,-0.016392389312386513,0.04722952842712402,-0.2516788840293884,-0.021734489127993584,0.048852503299713135,-0.3199998736381531,-0.038461241871118546,0.038451194763183594,-0.24132394790649414,-0.02435801737010479,0.033262789249420166,-0.21240943670272827,-0.009445569477975368
0.0,0.0,0.0,-0.07067430019378662,-0.04008793830871582,-0.03527754172682762,-0.1303367018699646,-0.11899173259735107,-0.055968351662158966,-0.14055657386779785,-0.21807974576950073,-0.0744502991437912,-0.09881812334060669,-0.252449095249176,-0.08356010913848877,-0.0789031982421875,-0.2672799229621887,-0.01817055232822895,-0.07840877771377563,-0.3490523397922516,-0.05276837199926376,-0.07748597860336304,-0.24842506647109985,-0.06719089299440384,-0.07599914073944092,-0.21637892723083496,-0.07331598550081253,-0.03503769636154175,-0.2673797011375427,-0.014127884060144424,-0.036669909954071045,-0.3375970721244812,-0.04917984455823898,-0.038156211376190186,-0.22014260292053223,-0.0527711845934391,-0.04306107759475708,-0.20647966861724854,-0.04875554144382477,0.007478594779968262,-0.2628779411315918,-0.017176959663629532,0.009237408638000488,-0.3365616798400879,-0.052249662578105927,0.0015938282012939453,-0.22477340698242188,-0.03744501620531082,-0.003043949604034424,-0.20047175884246826,-0.019452933222055435,0.04964500665664673,-0.2483837604522705,-0.023668067529797554,0.04998546838760376,-0.3166840076446533,-0.04083317890763283,0.039645373821258545,-0.23886799812316895,-0.0272548608481884,0.034899234771728516,-0.20953112840652466,-0.012604438699781895
0.0,0.0,0.0,-0.07197141647338867,-0.041396498680114746,-0.03393856808543205,-0.1315719485282898,-0.11948692798614502,-0.053804222494363785,-0.14187830686569214,-0.21890902519226074,-0.07135338336229324,-0.10060876607894897,-0.2556014657020569,-0.07937467098236084,-0.08040589094161987,-0.2651401162147522,-0.01863490790128708,-0.07935631275177002,-0.3489903211593628,-0.05277889594435692,-0.07814127206802368,-0.2483845353126526,-0.06705202162265778,-0.0774107575416565,-0.21648895740509033,-0.0732731893658638,-0.036554932594299316,-0.26637983322143555,-0.014713240787386894,-0.03789091110229492,-0.33749276399612427,-0.04832287132740021,-0.03843730688095093,-0.21968024969100952,-0.05148814991116524,-0.043684184551239014,-0.20696067810058594,-0.04790825769305229,0.005923569202423096,-0.2629242539405823,-0.01758475974202156,0.008146882057189941,-0.3385981023311615,-0.05141587182879448,0.0011284947395324707,-0.22598546743392944,-0.03584950044751167,-0.0038619041442871094,-0.20066994428634644,-0.017950283363461494,0.047536253929138184,-0.24940645694732666,-0.02379450760781765,0.04860478639602661,-0.31803715229034424,-0.040794361382722855,0.03838104009628296,-0.24021828174591064,-0.026969168335199356,0.03339946269989014,-0.21079856157302856,-0.012327450327575207
0.0,0.0,0.0,-0.0722726583480835,-0.04383361339569092,-0.031587012112140656,-0.1316038966178894,-0.12038487195968628,-0.05013994872570038,-0.14091366529464722,-0.21861803531646729,-0.06694520264863968,-0.1003006100654602,-0.2554372549057007,-0.0743560791015625,-0.07862997055053711,-0.2675454020500183,-0.013922624289989471,-0.07919830083847046,-0.35012444853782654,-0.04772764444351196,-0.07839632034301758,-0.25063997507095337,-0.06314662843942642,-0.07723146677017212,-0.2188681960105896,-0.07015558332204819,-0.03536021709442139,-0.2675931453704834,-0.01103872712701559,-0.03747689723968506,-0.33893266320228577,-0.04407741501927376,-0.03862595558166504,-0.22272086143493652,-0.04798521474003792,-0.04298299551010132,-0.21008729934692383,-0.04487057030200958,0.006620824337005615,-0.26275765895843506,-0.014974420890212059,0.008401274681091309,-0.33902281522750854,-0.04788174107670784,0.0007801651954650879,-0.22871947288513184,-0.03267725929617882,-0.0032429099082946777,-0.2038111686706543,-0.015055514872074127,0.048482298851013184,-0.2473989725112915,-0.022156089544296265,0.04861229658126831,-0.31595784425735474,-0.03799942880868912,0.03786247968673706,-0.24046868085861206,-0.023873327299952507,0.03375899791717529,-0.21263563632965088,-0.009042372927069664
0.0,0.0,0.0,-0.07308948040008545,-0.04480922222137451,-0.03206798806786537,-0.13232678174972534,-0.11834943294525146,-0.05066859349608421,-0.1412944197654724,-0.21927964687347412,-0.06721644848585129,-0.10017478466033936,-0.2546631693840027,-0.074300616979599,-0.0804949402809143,-0.26831966638565063,-0.014311534352600574,-0.07974040508270264,-0.35071876645088196,-0.04644674435257912,-0.07777082920074463,-0.25137829780578613,-0.06035967916250229,-0.07795357704162598,-0.2180795669555664,-0.06659849733114243,-0.03674602508544922,-0.27062875032424927,-0.010921332985162735,-0.03806507587432861,-0.3402370512485504,-0.042347561568021774,-0.03780698776245117,-0.22293710708618164,-0.04607042297720909,-0.0433804988861084,-0.21063411235809326,-0.04329350218176842,0.005636274814605713,-0.2667708992958069,-0.014175637625157833,0.007598221302032471,-0.34011977910995483,-0.04591313749551773,0.001312255859375,-0.22982048988342285,-0.031158683821558952,-0.003816068172454834,-0.20474648475646973,-0.014326421543955803,0.04697465896606445,-0.2516216039657593,-0.020668473094701767,0.0475810170173645,-0.3193560838699341,-0.03635966032743454,0.0379948616027832,-0.24330228567123413,-0.022526461631059647,0.03308218717575073,-0.21433496475219727,-0.008087368682026863
0.0,0.0,0.0,-0.0727381706237793,-0.0434381365776062,-0.033336225897073746,-0.1316177248954773,-0.11966931819915771,-0.052573200315237045,-0.14020806550979614,-0.21957683563232422,-0.06962767988443375,-0.09853994846343994,-0.2563660740852356,-0.07721790671348572,-0.07889920473098755,-0.26649153232574463,-0.01589544489979744,-0.07823777198791504,-0.34882184863090515,-0.04933708906173706,-0.07698112726211548,-0.24913716316223145,-0.0637122169137001,-0.07592612504959106,-0.21664834022521973,-0.07005192339420319,-0.03523099422454834,-0.2673848271369934,-0.012193582952022552,-0.036216557025909424,-0.33747243881225586,-0.04505178704857826,-0.03727114200592041,-0.22005349397659302,-0.04857625812292099,-0.042130470275878906,-0.20730942487716675,-0.04529232159256935,0.00697249174118042,-0.26327162981033325,-0.015346752479672432,0.009577453136444092,-0.3375003933906555,-0.048799268901348114,0.0018636584281921387,-0.22558563947677612,-0.03348296508193016,-0.002754509449005127,-0.19992083311080933,-0.01577005349099636,0.04859137535095215,-0.24820619821548462,-0.021815478801727295,0.04965221881866455,-0.31634390354156494,-0.038710448890924454,0.03886270523071289,-0.2383607029914856,-0.024759585037827492,0.03392314910888672,-0.2084813117980957,-0.009974818676710129
0.0,0.0,0.0,-0.0728486180305481,-0.04390603303909302,-0.0314004048705101,-0.13153165578842163,-0.1200103759765625,-0.04918598756194115,-0.13923132419586182,-0.21973425149917603,-0.06510651856660843,-0.09886658191680908,-0.25883549451828003,-0.07170551270246506,-0.07837188243865967,-0.267095148563385,-0.013026663102209568,-0.07784175872802734,-0.34853455424308777,-0.04595257714390755,-0.0768122673034668,-0.249262273311615,-0.06083453446626663,-0.07601660490036011,-0.21794670820236206,-0.06771998852491379,-0.035237669944763184,-0.26833975315093994,-0.01000408735126257,-0.036824822425842285,-0.3380576968193054,-0.04257817566394806,-0.037849366664886475,-0.22130483388900757,-0.04689909145236015,-0.04229813814163208,-0.2091914415359497,-0.04416731745004654,0.006738185882568359,-0.26446735858917236,-0.013713208958506584,0.008567273616790771,-0.33912360668182373,-0.0464794784784317,0.0012297630310058594,-0.22817963361740112,-0.03148414194583893,-0.0028160810470581055,-0.2029799222946167,-0.014076991006731987,0.04845148324966431,-0.25001829862594604,-0.02063933201134205,0.04888153076171875,-0.317466139793396,-0.037032004445791245,0.038480401039123535,-0.24093401432037354,-0.02327672205865383,0.034610867500305176,-0.21272462606430054,-0.008649134077131748
0.0,0.0,0.0,-0.07249444723129272,-0.045396387577056885,-0.03362647071480751,-0.13173675537109375,-0.12161922454833984,-0.05301019921898842,-0.1409708857536316,-0.2219102382659912,-0.07014121115207672,-0.09980422258377075,-0.2574835419654846,-0.077775739133358,-0.07912838459014893,-0.27167123556137085,-0.015441160649061203,-0.07752120494842529,-0.3510059118270874,-0.048319850116968155,-0.07705247402191162,-0.25092536211013794,-0.06252321600914001,-0.07788509130477905,-0.21927058696746826,-0.0689849779009819,-0.03558915853500366,-0.2723272442817688,-0.011661592870950699,-0.035664379596710205,-0.34113413095474243,-0.04429469630122185,-0.037398338317871094,-0.22280913591384888,-0.04808484762907028,-0.043226540088653564,-0.21219956874847412,-0.04499562084674835,0.0068621039390563965,-0.26714199781417847,-0.014723249711096287,0.00992429256439209,-0.33977416157722473,-0.047756340354681015,0.0018137097358703613,-0.22875088453292847,-0.03293547034263611,-0.003429889678955078,-0.2059546709060669,-0.015712108463048935,0.04810285568237305,-0.2510327100753784,-0.021112145856022835,0.04922652244567871,-0.3166031241416931,-0.03752390667796135,0.038438260555267334,-0.23989522457122803,-0.023715518414974213,0.03339850902557373,-0.21238964796066284,-0.00916441809386015
0.0,0.0,0.0,-0.07392650842666626,-0.046982407569885254,-0.032316505908966064,-0.1324918270111084,-0.12085831165313721,-0.05052339658141136,-0.14107859134674072,-0.22101271152496338,-0.06655358523130417,-0.10086417198181152,-0.2602599859237671,-0.07307831943035126,-0.07929486036300659,-0.2708372473716736,-0.012658708728849888,-0.07803952693939209,-0.35038188099861145,-0.04512179270386696,-0.07765597105026245,-0.2514954209327698,-0.06007271632552147,-0.07845604419708252,-0.21969467401504517,-0.06704985350370407,-0.03597378730773926,-0.2717156410217285,-0.009024868719279766,-0.03726315498352051,-0.3398852050304413,-0.04111753776669502,-0.03839749097824097,-0.22271525859832764,-0.045971814543008804,-0.04352700710296631,-0.21157193183898926,-0.04375173896551132,0.00622868537902832,-0.2668018341064453,-0.0121507802978158,0.008323311805725098,-0.3399822413921356,-0.04427563026547432,0.0009716153144836426,-0.23020964860916138,-0.029722077772021294,-0.003622591495513916,-0.2060956358909607,-0.012830354273319244,0.047435224056243896,-0.2512376308441162,-0.018568741157650948,0.04822283983230591,-0.31809526681900024,-0.03434140235185623,0.03757071495056152,-0.24253541231155396,-0.020408671349287033,0.032975196838378906,-0.21442145109176636,-0.005756912287324667
0.0,0.0,0.0,-0.07328236103057861,-0.04654264450073242,-0.03330890089273453,-0.13270854949951172,-0.12013232707977295,-0.052372824400663376,-0.14206266403198242,-0.22099363803863525,-0.06901931017637253,-0.10117548704147339,-0.25849324464797974,-0.07595166563987732,-0.08036983013153076,-0.2716560363769531,-0.014970912598073483,-0.07970947027206421,-0.35148972272872925,-0.04811130091547966,-0.07825839519500732,-0.251456081867218,-0.06319119781255722,-0.07883298397064209,-0.2205822467803955,-0.07027921825647354,-0.03728729486465454,-0.2733812928199768,-0.011084173806011677,-0.03837394714355469,-0.3418366611003876,-0.04328340291976929,-0.03827172517776489,-0.22343945503234863,-0.047427162528038025,-0.0435604453086853,-0.2134416699409485,-0.0448046438395977,0.005006015300750732,-0.26833808422088623,-0.01403073687106371,0.007412254810333252,-0.34092748165130615,-0.04634417966008186,0.001162886619567871,-0.23088210821151733,-0.03144193813204765,-0.0036624670028686523,-0.2086259126663208,-0.014396619983017445,0.0460321307182312,-0.25257569551467896,-0.02034877799451351,0.04711395502090454,-0.31760793924331665,-0.03607155755162239,0.036971330642700195,-0.24222314357757568,-0.02193637192249298,0.03163379430770874,-0.21536403894424438,-0.007218122482299805
0.0,0.0,0.0,-0.07298886775970459,-0.04275554418563843,-0.03370271623134613,-0.1325368881225586,-0.11669445037841797,-0.05314190313220024,-0.14267635345458984,-0.21571409702301025,-0.07015787065029144,-0.10191988945007324,-0.25260740518569946,-0.07750945538282394,-0.08030319213867188,-0.2676132917404175,-0.01650400646030903,-0.07877874374389648,-0.345956414937973,-0.049573250114917755,-0.07796889543533325,-0.24579524993896484,-0.06355714052915573,-0.07821565866470337,-0.2166295051574707,-0.069928377866745,-0.03654962778091431,-0.26880788803100586,-0.012479233555495739,-0.03710705041885376,-0.33676278591156006,-0.04541550576686859,-0.03840768337249756,-0.21803349256515503,-0.04879061132669449,-0.04388129711151123,-0.20869982242584229,-0.04550899937748909,0.0059525370597839355,-0.26422756910324097,-0.015235663391649723,0.008700013160705566,-0.33603435754776,-0.04866468906402588,0.0008060932159423828,-0.22421413660049438,-0.033435557037591934,-0.004054427146911621,-0.20304381847381592,-0.01594850793480873,0.04750680923461914,-0.24899804592132568,-0.02127322368323803,0.04830867052078247,-0.313605934381485,-0.03770073130726814,0.037497520446777344,-0.23618042469024658,-0.023699967190623283,0.03276383876800537,-0.20984023809432983,-0.009064629673957825
0.0,0.0,0.0,-0.07429403066635132,-0.04545307159423828,-0.03357076644897461,-0.13303989171981812,-0.11695593595504761,-0.05235600471496582,-0.14306944608688354,-0.21586376428604126,-0.06861692667007446,-0.10282105207443237,-0.25364553928375244,-0.07513823360204697,-0.08207756280899048,-0.26755404472351074,-0.014581476338207722,-0.07987087965011597,-0.34460610151290894,-0.047014933079481125,-0.07872629165649414,-0.24570375680923462,-0.06103206425905228,-0.07979041337966919,-0.21608507633209229,-0.06743911653757095,-0.03816831111907959,-0.2695174217224121,-0.010363258421421051,-0.039190471172332764,-0.33516061305999756,-0.042917512357234955,-0.0394631028175354,-0.21720969676971436,-0.04718117415904999,-0.04462796449661255,-0.20878231525421143,-0.04446015879511833,0.004922032356262207,-0.26531124114990234,-0.012901843525469303,0.0060964226722717285,-0.3357533812522888,-0.04559393972158432,-0.00042563676834106445,-0.2247743010520935,-0.030510956421494484,-0.004818379878997803,-0.20422089099884033,-0.01321707759052515,0.046371281147003174,-0.25089383125305176,-0.01878327690064907,0.046566128730773926,-0.31451216340065,-0.03467598184943199,0.036564767360687256,-0.23789966106414795,-0.02034803107380867,0.03273975849151611,-0.21199822425842285,-0.005421285517513752
0.0,0.0,0.0,-0.07232695817947388,-0.04532665014266968,-0.033955711871385574,-0.1302626132965088,-0.11716759204864502,-0.052994925528764725,-0.14016026258468628,-0.21759003400802612,-0.06959569454193115,-0.10021227598190308,-0.2566792368888855,-0.07657933980226517,-0.08086341619491577,-0.2690131664276123,-0.013212267309427261,-0.07960265874862671,-0.34463608264923096,-0.04597529023885727,-0.07796663045883179,-0.24628889560699463,-0.06081739440560341,-0.07850384712219238,-0.21639227867126465,-0.06770412623882294,-0.0373302698135376,-0.27099597454071045,-0.009027345106005669,-0.03876626491546631,-0.3367515504360199,-0.04175395146012306,-0.038581669330596924,-0.21991682052612305,-0.046260252594947815,-0.043384671211242676,-0.21046286821365356,-0.043477222323417664,0.005153000354766846,-0.2662835717201233,-0.01186925359070301,0.006698310375213623,-0.3356988728046417,-0.0448814295232296,0.0004048943519592285,-0.2268233299255371,-0.030393099412322044,-0.003879249095916748,-0.20545333623886108,-0.013252414762973785,0.046428561210632324,-0.2509918808937073,-0.018113499507308006,0.04664647579193115,-0.31363895535469055,-0.03420218825340271,0.03669607639312744,-0.2386966347694397,-0.02042325772345066,0.03227424621582031,-0.21305638551712036,-0.0058025396429002285
0.0,0.0,0.0,-0.07305514812469482,-0.044196367263793945,-0.032243404537439346,-0.1321825385093689,-0.11639934778213501,-0.05066494643688202,-0.14131587743759155,-0.216194748878479,-0.06702930480241776,-0.10139381885528564,-0.25470542907714844,-0.07397270202636719,-0.08101087808609009,-0.26903849840164185,-0.01178326178342104,-0.07871925830841064,-0.3435054421424866,-0.04450079798698425,-0.07827544212341309,-0.24581122398376465,-0.05971536040306091,-0.07985037565231323,-0.21597546339035034,-0.06703560054302216,-0.037934958934783936,-0.2711520791053772,-0.008659289218485355,-0.037981271743774414,-0.33758270740509033,-0.041710954159498215,-0.03890681266784668,-0.22101634740829468,-0.04667772725224495,-0.04469192028045654,-0.2106606364250183,-0.04420265927910805,0.004267573356628418,-0.26671886444091797,-0.012382767163217068,0.00663071870803833,-0.335940420627594,-0.045866962522268295,-0.00037795305252075195,-0.22570949792861938,-0.031750474125146866,-0.00510936975479126,-0.205169677734375,-0.014845814555883408,0.04599732160568237,-0.25153952836990356,-0.019299551844596863,0.04652124643325806,-0.3134477138519287,-0.035796210169792175,0.03613126277923584,-0.23600858449935913,-0.021929696202278137,0.03197932243347168,-0.2108093500137329,-0.007263696752488613
0.0,0.0,0.0,-0.07250058650970459,-0.04278379678726196,-0.033424265682697296,-0.13137507438659668,-0.11721980571746826,-0.05297131836414337,-0.14113587141036987,-0.2173938751220703,-0.07040706276893616,-0.10064810514450073,-0.2572343349456787,-0.07847980409860611,-0.08130508661270142,-0.26623040437698364,-0.014469027519226074,-0.07927244901657104,-0.34480372071266174,-0.04802171513438225,-0.07786357402801514,-0.24662190675735474,-0.06292690336704254,-0.07772141695022583,-0.21550434827804565,-0.0696796327829361,-0.037724852561950684,-0.2680202126502991,-0.01086815632879734,-0.03870069980621338,-0.3364362120628357,-0.044294413179159164,-0.038693368434906006,-0.21942520141601562,-0.04846010357141495,-0.04344499111175537,-0.20667564868927002,-0.04531380534172058,0.00459975004196167,-0.26414525508880615,-0.014223001897335052,0.006310403347015381,-0.33677494525909424,-0.04811883717775345,-6.783008575439453e-05,-0.22518813610076904,-0.03346460685133934,-0.004471302032470703,-0.2007845640182495,-0.016000760719180107,0.04618489742279053,-0.2496681809425354,-0.02085326425731182,0.04617345333099365,-0.31531232595443726,-0.037816133350133896,0.03608250617980957,-0.2376694679260254,-0.02411516197025776,0.03149139881134033,-0.20918786525726318,-0.009439347311854362
0.0,0.0,0.0,-0.07244020700454712,-0.04469025135040283,-0.03411629796028137,-0.13143044710159302,-0.11625397205352783,-0.05316067487001419,-0.14075207710266113,-0.21724385023117065,-0.06975138187408447,-0.10002404451370239,-0.2560332417488098,-0.07682134956121445,-0.08125543594360352,-0.2716521620750427,-0.012174648232758045,-0.07902729511260986,-0.3444124460220337,-0.045074086636304855,-0.07815736532211304,-0.2442798614501953,-0.06060803681612015,-0.07993954420089722,-0.21562421321868896,-0.06823116540908813,-0.03823906183242798,-0.27357029914855957,-0.00814718659967184,-0.038016319274902344,-0.33929264545440674,-0.04188930615782738,-0.03865933418273926,-0.22143441438674927,-0.04765182361006737,-0.045002281665802,-0.21183913946151733,-0.04544300585985184,0.003986060619354248,-0.2681095600128174,-0.011119457893073559,0.006526470184326172,-0.33529412746429443,-0.045309558510780334,-0.0003523826599121094,-0.2243611216545105,-0.032007988542318344,-0.005727171897888184,-0.2051018476486206,-0.015369472093880177,0.04544645547866821,-0.25242286920547485,-0.01736166514456272,0.04621481895446777,-0.3125009536743164,-0.03419962525367737,0.03627496957778931,-0.23447591066360474,-0.0207221582531929,0.03182947635650635,-0.2100142240524292,-0.0062032476998865604
0.0,0.0,0.0,-0.07307171821594238,-0.042619407176971436,-0.0327179878950119,-0.13223546743392944,-0.11804020404815674,-0.05088813975453377,-0.14051586389541626,-0.21836698055267334,-0.06686720252037048,-0.10048824548721313,-0.2552739977836609,-0.0734875351190567,-0.07952314615249634,-0.2677856683731079,-0.012530780397355556,-0.07764339447021484,-0.3436374366283417,-0.044639576226472855,-0.0773247480392456,-0.24483507871627808,-0.059344831854104996,-0.07785201072692871,-0.2159685492515564,-0.06649913638830185,-0.036586880683898926,-0.2697247266769409,-0.008969997055828571,-0.036647140979766846,-0.3382626175880432,-0.041311781853437424,-0.03844994306564331,-0.22160452604293823,-0.04559628665447235,-0.043564796447753906,-0.21141964197158813,-0.04275933653116226,0.005149126052856445,-0.2655538320541382,-0.012295383960008621,0.007915794849395752,-0.3357059955596924,-0.04513630270957947,0.0001360177993774414,-0.22645658254623413,-0.031182629987597466,-0.0039103031158447266,-0.2060597538948059,-0.014501485042273998,0.046694040298461914,-0.2509755492210388,-0.018862687051296234,0.04696047306060791,-0.31423676013946533,-0.0348137803375721,0.03648298978805542,-0.23771065473556519,-0.021296966820955276,0.03283590078353882,-0.21177417039871216,-0.007066706195473671
0.0,0.0,0.0,-0.07262349128723145,-0.04241520166397095,-0.03203285112977028,-0.13145840167999268,-0.11823219060897827,-0.050512127578258514,-0.14011156558990479,-0.21687990427017212,-0.06707039475440979,-0.09964936971664429,-0.25302767753601074,-0.07445073127746582,-0.08047646284103394,-0.26528042554855347,-0.013492150232195854,-0.07871156930923462,-0.3447941243648529,-0.045660607516765594,-0.07807213068008423,-0.24737459421157837,-0.059774477034807205,-0.07821059226989746,-0.21769100427627563,-0.06623592227697372,-0.0368613600730896,-0.26657313108444214,-0.010140331462025642,-0.03795886039733887,-0.3350101411342621,-0.04231453314423561,-0.03893524408340454,-0.2192203402519226,-0.04630738124251366,-0.044293224811553955,-0.20754611492156982,-0.0433771051466465,0.005433022975921631,-0.2623925805091858,-0.013496673665940762,0.00762176513671875,-0.3354254364967346,-0.04634123668074608,0.0005599260330200195,-0.224845290184021,-0.03209192305803299,-0.004372835159301758,-0.20076864957809448,-0.015188824385404587,0.04720181226730347,-0.24795275926589966,-0.019977061077952385,0.047638535499572754,-0.3147180378437042,-0.03623063489794731,0.03767704963684082,-0.23777711391448975,-0.022768545895814896,0.033430278301239014,-0.20933985710144043,-0.008484267629683018
0.0,0.0,0.0,-0.07251781225204468,-0.04539346694946289,-0.03430124372243881,-0.12992429733276367,-0.11623311042785645,-0.05398998036980629,-0.13940376043319702,-0.216663658618927,-0.07129069417715073,-0.09912616014480591,-0.2568599581718445,-0.07901085168123245,-0.08035826683044434,-0.26871901750564575,-0.013165183365345001,-0.07859212160110474,-0.3451995551586151,-0.04586062580347061,-0.0769619345664978,-0.24700015783309937,-0.060395412147045135,-0.07727116346359253,-0.2143709659576416,-0.06692658364772797,-0.03637290000915527,-0.2705625891685486,-0.008977996185421944,-0.03747355937957764,-0.3374098539352417,-0.04163767769932747,-0.03739643096923828,-0.22062283754348755,-0.046154629439115524,-0.04227769374847412,-0.2084612250328064,-0.04335808381438255,0.00617063045501709,-0.26569223403930664,-0.011864731088280678,0.007628917694091797,-0.33595624566078186,-0.04468497633934021,0.0011547207832336426,-0.22653591632843018,-0.03005734458565712,-0.0034161806106567383,-0.2027413249015808,-0.012916861101984978,0.0474737286567688,-0.2496967315673828,-0.01818826235830784,0.047818005084991455,-0.31376463174819946,-0.034230396151542664,0.03768378496170044,-0.23769283294677734,-0.020294269546866417,0.03285175561904907,-0.21011322736740112,-0.005629279185086489
0.0,0.0,0.0,-0.07149505615234375,-0.04586207866668701,-0.03344576060771942,-0.12914913892745972,-0.11888247728347778,-0.05243177339434624,-0.1383410096168518,-0.22095751762390137,-0.06938677281141281,-0.09706121683120728,-0.25965309143066406,-0.07697130739688873,-0.07899117469787598,-0.2679539918899536,-0.012085518799722195,-0.07709449529647827,-0.3456616997718811,-0.04492828994989395,-0.07545983791351318,-0.24695652723312378,-0.05969858542084694,-0.07622271776199341,-0.21508824825286865,-0.06650354713201523,-0.035412490367889404,-0.2689521908760071,-0.008503210730850697,-0.03563612699508667,-0.3372921347618103,-0.0420086570084095,-0.03588509559631348,-0.2210797667503357,-0.047216497361660004,-0.04127669334411621,-0.20940709114074707,-0.044600166380405426,0.007498025894165039,-0.2638113498687744,-0.011918033473193645,0.009393274784088135,-0.3359296917915344,-0.045287057757377625,0.0026713013648986816,-0.22681736946105957,-0.03098159097135067,-0.0024310946464538574,-0.20400434732437134,-0.013782248832285404,0.049041569232940674,-0.24886178970336914,-0.018728500232100487,0.05024755001068115,-0.31225648522377014,-0.035143665969371796,0.04018586874008179,-0.23697280883789062,-0.021587226539850235,0.03525298833847046,-0.2107607126235962,-0.007077031768858433
0.0,0.0,0.0,-0.07213318347930908,-0.041519999504089355,-0.03549124673008919,-0.1314328908920288,-0.12151086330413818,-0.05598483234643936,-0.14122754335403442,-0.22129088640213013,-0.07414968311786652,-0.0996098518371582,-0.25644373893737793,-0.08286510407924652,-0.07906109094619751,-0.2674434781074524,-0.017330151051282883,-0.0774770975112915,-0.34708139300346375,-0.05179610475897789,-0.0772058367729187,-0.24603432416915894,-0.06663122028112411,-0.07574063539505005,-0.2151525616645813,-0.07328208535909653,-0.034758031368255615,-0.2672685384750366,-0.013030017726123333,-0.0362015962600708,-0.33693501353263855,-0.048291340470314026,-0.03820317983627319,-0.21854227781295776,-0.05247154086828232,-0.042631566524505615,-0.20469248294830322,-0.048963915556669235,0.007998883724212646,-0.26288920640945435,-0.015828432515263557,0.010527849197387695,-0.3373585641384125,-0.05090056732296944,0.002156555652618408,-0.22482937574386597,-0.03607039153575897,-0.0023037195205688477,-0.20010679960250854,-0.018161140382289886,0.050077736377716064,-0.24880099296569824,-0.02213284932076931,0.05136847496032715,-0.31585806608200073,-0.03923625499010086,0.04025161266326904,-0.23734772205352783,-0.025678113102912903,0.035530269145965576,-0.20828461647033691,-0.011145302094519138
0.0,0.0,0.0,-0.07383805513381958,-0.0429837703704834,-0.03551275655627251,-0.1340411901473999,-0.12253403663635254,-0.05647973716259003,-0.14244061708450317,-0.22291940450668335,-0.0749090164899826,-0.09927737712860107,-0.25278806686401367,-0.08362150192260742,-0.07992154359817505,-0.27375972270965576,-0.01793942041695118,-0.07864022254943848,-0.350086510181427,-0.05254368111491203,-0.07833510637283325,-0.2486446499824524,-0.06762798875570297,-0.07740229368209839,-0.21970945596694946,-0.07453153282403946,-0.03597593307495117,-0.2724776864051819,-0.01335147675126791,-0.03821754455566406,-0.3396341800689697,-0.047930847853422165,-0.03985941410064697,-0.22035503387451172,-0.05160628259181976,-0.043683528900146484,-0.2093123197555542,-0.04808739945292473,0.006712675094604492,-0.2668793201446533,-0.015824727714061737,0.008199691772460938,-0.3419775664806366,-0.04989177733659744,-0.00040417909622192383,-0.22808581590652466,-0.0346592515707016,-0.0042639970779418945,-0.2044174075126648,-0.01690136268734932,0.04870903491973877,-0.25154662132263184,-0.021858014166355133,0.04851263761520386,-0.3167162835597992,-0.03804628551006317,0.036977410316467285,-0.23798364400863647,-0.024199413135647774,0.03264641761779785,-0.21013092994689941,-0.009643102064728737
0.0,0.0,0.0,-0.07321131229400635,-0.04014784097671509,-0.0362001433968544,-0.1333848237991333,-0.11990600824356079,-0.05754273757338524,-0.14053791761398315,-0.21947228908538818,-0.07598022371530533,-0.09769982099533081,-0.24965131282806396,-0.0849093571305275,-0.08014661073684692,-0.2692286968231201,-0.022884726524353027,-0.07719928026199341,-0.3446026146411896,-0.056974709033966064,-0.07839542627334595,-0.2443496584892273,-0.07097360491752625,-0.07802391052246094,-0.21641945838928223,-0.07752463966608047,-0.035614967346191406,-0.2684254050254822,-0.017965398728847504,-0.03679919242858887,-0.3336241543292999,-0.05201566964387894,-0.03962594270706177,-0.21598339080810547,-0.054607149213552475,-0.043732523918151855,-0.20514482259750366,-0.050923947244882584,0.007325232028961182,-0.2633230686187744,-0.019769510254263878,0.009747505187988281,-0.33662596344947815,-0.05383380502462387,9.441375732421875e-05,-0.22398656606674194,-0.03834856301546097,-0.004255056381225586,-0.2002517580986023,-0.02088826149702072,0.04944878816604614,-0.24819129705429077,-0.02506531961262226,0.049761176109313965,-0.3137078881263733,-0.04202532768249512,0.037459611892700195,-0.2345949411392212,-0.028460728004574776,0.03221738338470459,-0.20551294088363647,-0.01431944128125906
0.0,0.0,0.0,-0.07239288091659546,-0.040321528911590576,-0.033966898918151855,-0.1321461796760559,-0.12037789821624756,-0.05401007458567619,-0.1395026445388794,-0.2196308970451355,-0.07187075167894363,-0.09751588106155396,-0.2503683567047119,-0.08062303066253662,-0.07880347967147827,-0.26743096113204956,-0.01917412504553795,-0.0753854513168335,-0.34566500782966614,-0.05381044000387192,-0.07749319076538086,-0.2462126612663269,-0.06885947287082672,-0.0775456428527832,-0.21502649784088135,-0.0758596882224083,-0.03475618362426758,-0.26710033416748047,-0.01571807824075222,-0.03466796875,-0.33625099062919617,-0.05045124143362045,-0.03843444585800171,-0.21948403120040894,-0.05382503569126129,-0.04288125038146973,-0.20499813556671143,-0.05016273260116577,0.007610976696014404,-0.262447714805603,-0.01905447617173195,0.01051241159439087,-0.3365950286388397,-0.05369267985224724,0.0004805326461791992,-0.225261390209198,-0.03859464079141617,-0.003986954689025879,-0.19997084140777588,-0.020899353548884392,0.049604833126068115,-0.24733811616897583,-0.025739215314388275,0.050187766551971436,-0.3142342269420624,-0.04298904165625572,0.03763359785079956,-0.2352319359779358,-0.02922286093235016,0.032325565814971924,-0.2050599455833435,-0.01469065248966217
0.0,0.0,0.0,-0.07273930311203003,-0.043996214866638184,-0.036004651337862015,-0.13274496793746948,-0.1213502287864685,-0.05730969086289406,-0.13960421085357666,-0.21839380264282227,-0.07568202167749405,-0.09758853912353516,-0.24994796514511108,-0.08430464565753937,-0.07883107662200928,-0.275130033493042,-0.02116062492132187,-0.07700687646865845,-0.34819158911705017,-0.055638618767261505,-0.07699602842330933,-0.24762314558029175,-0.07078022509813309,-0.07703578472137451,-0.21861326694488525,-0.07790174335241318,-0.034513652324676514,-0.27360230684280396,-0.01634395681321621,-0.03676241636276245,-0.3381325304508209,-0.05073515698313713,-0.0385357141494751,-0.21940714120864868,-0.05470516160130501,-0.042796313762664795,-0.20799297094345093,-0.051845431327819824,0.008275270462036133,-0.2676342725753784,-0.018266523256897926,0.009971201419830322,-0.3403399586677551,-0.05197545140981674,0.0009748935699462891,-0.2275126576423645,-0.036643750965595245,-0.0037184953689575195,-0.20367497205734253,-0.019302206113934517,0.05021965503692627,-0.25096315145492554,-0.02375275082886219,0.050079405307769775,-0.31593406200408936,-0.0400826558470726,0.03838461637496948,-0.2373465895652771,-0.026036761701107025,0.03347676992416382,-0.20966887474060059,-0.011483382433652878
0.0,0.0,0.0,-0.07324665784835815,-0.04642981290817261,-0.035216644406318665,-0.13295835256576538,-0.12206214666366577,-0.056441642343997955,-0.14153951406478882,-0.22133660316467285,-0.07546455413103104,-0.09879028797149658,-0.25157636404037476,-0.08505211770534515,-0.07842773199081421,-0.27291786670684814,-0.016751190647482872,-0.07636821269989014,-0.34800469875335693,-0.05136405676603317,-0.0771210789680481,-0.24718314409255981,-0.06717371195554733,-0.07691419124603271,-0.21744775772094727,-0.07464799284934998,-0.03418099880218506,-0.2715113162994385,-0.012373359873890877,-0.03544813394546509,-0.33746662735939026,-0.046885889023542404,-0.03819775581359863,-0.21932584047317505,-0.05123649537563324,-0.0427854061126709,-0.2072266936302185,-0.0483846552670002,0.00832277536392212,-0.2652814984321594,-0.015044844709336758,0.010904788970947266,-0.339285284280777,-0.048808302730321884,0.001331031322479248,-0.22714728116989136,-0.03368514031171799,-0.0033988356590270996,-0.20265871286392212,-0.016199903562664986,0.05000382661819458,-0.24831503629684448,-0.02130785956978798,0.0509909987449646,-0.3137301206588745,-0.037053655833005905,0.038611412048339844,-0.2358543872833252,-0.022750502452254295,0.03353041410446167,-0.20746451616287231,-0.008021351881325245
0.0,0.0,0.0,-0.07258892059326172,-0.04902386665344238,-0.03512037545442581,-0.13173526525497437,-0.1254284381866455,-0.05597575381398201,-0.14086562395095825,-0.22378337383270264,-0.07424274832010269,-0.09891879558563232,-0.25689321756362915,-0.08272301405668259,-0.07872563600540161,-0.2757989168167114,-0.017433302477002144,-0.07743281126022339,-0.35274213552474976,-0.05096163600683212,-0.07745194435119629,-0.25045448541641235,-0.06538771837949753,-0.07776522636413574,-0.21823281049728394,-0.07178549468517303,-0.034861624240875244,-0.27431756258010864,-0.012843545526266098,-0.03598445653915405,-0.3424420952796936,-0.04715198278427124,-0.0377996563911438,-0.22238558530807495,-0.05200740322470665,-0.04340332746505737,-0.20839905738830566,-0.04942326247692108,0.007642567157745361,-0.26817190647125244,-0.014995243400335312,0.010655760765075684,-0.3429151475429535,-0.04867049306631088,0.0017600059509277344,-0.2292327880859375,-0.03389919549226761,-0.004542708396911621,-0.20213675498962402,-0.016620183363556862,0.04897284507751465,-0.25129610300064087,-0.020605385303497314,0.05149686336517334,-0.3180637061595917,-0.03685445711016655,0.03952383995056152,-0.2397443652153015,-0.023045102134346962,0.03318136930465698,-0.2104589343070984,-0.00855767447501421
0.0,0.0,0.0,-0.0709528923034668,-0.04605412483215332,-0.03446146100759506,-0.12929105758666992,-0.12107545137405396,-0.054960787296295166,-0.1390312910079956,-0.21904420852661133,-0.07336372137069702,-0.09780573844909668,-0.25837594270706177,-0.08233493566513062,-0.0775250792503357,-0.27014273405075073,-0.014908311888575554,-0.07684427499771118,-0.3476267457008362,-0.04933640733361244,-0.0764235258102417,-0.2484239935874939,-0.06488917022943497,-0.07542896270751953,-0.21653008460998535,-0.07190649956464767,-0.03390926122665405,-0.2698596715927124,-0.011152711696922779,-0.03586888313293457,-0.3368183374404907,-0.0463491827249527,-0.03742861747741699,-0.21998333930969238,-0.05185578763484955,-0.041985154151916504,-0.20627868175506592,-0.049258824437856674,0.008314847946166992,-0.264141321182251,-0.014434803277254105,0.010436832904815674,-0.3373902142047882,-0.0494362898170948,0.002782881259918213,-0.22644567489624023,-0.03494500368833542,-0.0017398595809936523,-0.20075350999832153,-0.017246471717953682,0.04979735612869263,-0.24747419357299805,-0.021134063601493835,0.05152159929275513,-0.31468939781188965,-0.03843718767166138,0.040119469165802,-0.23699605464935303,-0.02461925707757473,0.034902334213256836,-0.2076396942138672,-0.009700531139969826
0.0,0.0,0.0,-0.07076436281204224,-0.04543977975845337,-0.03603355213999748,-0.1287902593612671,-0.12083226442337036,-0.057382769882678986,-0.13855868577957153,-0.21878665685653687,-0.07639099657535553,-0.09727436304092407,-0.25908052921295166,-0.0859559178352356,-0.07747554779052734,-0.2693101763725281,-0.01686146855354309,-0.07622098922729492,-0.3471226096153259,-0.051588211208581924,-0.07586038112640381,-0.24804943799972534,-0.06696972995996475,-0.07453662157058716,-0.21622520685195923,-0.07379142194986343,-0.03350025415420532,-0.2691137194633484,-0.01252305693924427,-0.03498482704162598,-0.3366428017616272,-0.04787927493453026,-0.03723543882369995,-0.2201216220855713,-0.05292711779475212,-0.0415615439414978,-0.206213116645813,-0.04990620166063309,0.008861720561981201,-0.2636061906814575,-0.015374463051557541,0.010990738868713379,-0.3356778621673584,-0.05076614394783974,0.002447962760925293,-0.22542226314544678,-0.03638147562742233,-0.002036869525909424,-0.19992876052856445,-0.01858699694275856,0.05041271448135376,-0.24745941162109375,-0.02173125557601452,0.05173301696777344,-0.31480076909065247,-0.039164379239082336,0.0402103066444397,-0.23810046911239624,-0.025478757917881012,0.03510141372680664,-0.2084183692932129,-0.010617353022098541
0.0,0.0,0.0,-0.07167446613311768,-0.04480540752410889,-0.034299615770578384,-0.12989693880081177,-0.12112820148468018,-0.054009877145290375,-0.13887155055999756,-0.21962040662765503,-0.0714104101061821,-0.09788578748703003,-0.2595607042312622,-0.0793265551328659,-0.0782095193862915,-0.26814860105514526,-0.015278711915016174,-0.07658123970031738,-0.34632930159568787,-0.048638965934515,-0.07602375745773315,-0.24729430675506592,-0.06329990178346634,-0.07527482509613037,-0.21734708547592163,-0.07002037018537521,-0.03471934795379639,-0.2682870626449585,-0.011360635980963707,-0.035762131214141846,-0.3360687494277954,-0.04511924088001251,-0.03731048107147217,-0.21972417831420898,-0.04964876547455788,-0.041855573654174805,-0.20793282985687256,-0.046752192080020905,0.00734257698059082,-0.26317548751831055,-0.014428270049393177,0.009416401386260986,-0.3354113698005676,-0.04862796515226364,0.0017873048782348633,-0.22493064403533936,-0.03414364531636238,-0.0024763941764831543,-0.2010936141014099,-0.016724053770303726,0.04876601696014404,-0.24775701761245728,-0.020849285647273064,0.049751877784729004,-0.3140416145324707,-0.03802358731627464,0.038893818855285645,-0.23727566003799438,-0.024527061730623245,0.034135639667510986,-0.2091284990310669,-0.009979781694710255
0.0,0.0,0.0,-0.07247781753540039,-0.04510468244552612,-0.033697012811899185,-0.13062578439712524,-0.12109512090682983,-0.05315575376152992,-0.1396791934967041,-0.22022414207458496,-0.07031327486038208,-0.0987619161605835,-0.25898194313049316,-0.0779707133769989,-0.07820969820022583,-0.26762861013412476,-0.015423975884914398,-0.07694220542907715,-0.3467842638492584,-0.04865337535738945,-0.07600259780883789,-0.247087299823761,-0.0634683147072792,-0.07532960176467896,-0.2177467942237854,-0.07038751989603043,-0.034806668758392334,-0.2678029537200928,-0.011525754816830158,-0.03634828329086304,-0.33661696314811707,-0.04466412588953972,-0.037239789962768555,-0.2195824384689331,-0.04891879856586456,-0.04165703058242798,-0.2087022066116333,-0.04613548889756203,0.0071901679039001465,-0.2627243995666504,-0.014461319893598557,0.00891202688217163,-0.3365076780319214,-0.04790525510907173,0.0015491843223571777,-0.22532564401626587,-0.03299169987440109,-0.002508699893951416,-0.20176547765731812,-0.015607589855790138,0.04848140478134155,-0.24754011631011963,-0.020717032253742218,0.049126505851745605,-0.31468692421913147,-0.037201497703790665,0.038170456886291504,-0.23764526844024658,-0.023214902728796005,0.03350329399108887,-0.2092795968055725,-0.008506815880537033
0.0,0.0,0.0,-0.07200133800506592,-0.0455663800239563,-0.03555798903107643,-0.12990689277648926,-0.11970216035842896,-0.056032489985227585,-0.13906258344650269,-0.21999216079711914,-0.07402091473340988,-0.09743887186050415,-0.2596006989479065,-0.08240953087806702,-0.07839393615722656,-0.2697511315345764,-0.015020549297332764,-0.07682108879089355,-0.34723085165023804,-0.048654504120349884,-0.07618707418441772,-0.2480006217956543,-0.06343608349561691,-0.07568460702896118,-0.21808230876922607,-0.07011369615793228,-0.034491121768951416,-0.2706204056739807,-0.010477202944457531,-0.03576570749282837,-0.3378041982650757,-0.04434684291481972,-0.03691679239273071,-0.2202674150466919,-0.04857708141207695,-0.040971994400024414,-0.2092912793159485,-0.04530353099107742,0.007943212985992432,-0.26496773958206177,-0.013172208331525326,0.009393274784088135,-0.33572542667388916,-0.047461990267038345,0.00212860107421875,-0.2251567840576172,-0.03265882283449173,-0.0015846490859985352,-0.20204341411590576,-0.014944358728826046,0.04950624704360962,-0.24877256155014038,-0.019352905452251434,0.04951202869415283,-0.31424909830093384,-0.03626479208469391,0.03886920213699341,-0.23738616704940796,-0.022372357547283173,0.03459411859512329,-0.20940232276916504,-0.007497179787606001
0.0,0.0,0.0,-0.07169914245605469,-0.04521524906158447,-0.033018842339515686,-0.1298922896385193,-0.12228095531463623,-0.052046917378902435,-0.1390177607536316,-0.22223442792892456,-0.06902191042900085,-0.0980789065361023,-0.2594307065010071,-0.07662833482027054,-0.0770156979560852,-0.26902568340301514,-0.013741119764745235,-0.07538330554962158,-0.34751248359680176,-0.04640095680952072,-0.07504242658615112,-0.24822038412094116,-0.061044175177812576,-0.07497936487197876,-0.21896910667419434,-0.06791026145219803,-0.03378778696060181,-0.2691395878791809,-0.01019068993628025,-0.03449535369873047,-0.33815139532089233,-0.042745500802993774,-0.036152660846710205,-0.22163957357406616,-0.04688432067632675,-0.04114961624145508,-0.2108718752861023,-0.04398127272725105,0.008323967456817627,-0.2635040283203125,-0.013493029400706291,0.01067274808883667,-0.3377405107021332,-0.046452973037958145,0.003013014793395996,-0.22740024328231812,-0.031931690871715546,-0.0013533234596252441,-0.20448309183120728,-0.014815907925367355,0.04976695775985718,-0.24774789810180664,-0.020056625828146935,0.050224125385284424,-0.31428462266921997,-0.03614252805709839,0.039424896240234375,-0.23825865983963013,-0.022413894534111023,0.03495055437088013,-0.21087509393692017,-0.007935491390526295
0.0,0.0,0.0,-0.07207489013671875,-0.044579505920410156,-0.034349262714385986,-0.13032454252243042,-0.12066894769668579,-0.05412524193525314,-0.13957816362380981,-0.22113698720932007,-0.07156089693307877,-0.09824258089065552,-0.25993579626083374,-0.0794726312160492,-0.07788711786270142,-0.26973527669906616,-0.01493319496512413,-0.0767669677734375,-0.34742727875709534,-0.04828530550003052,-0.07569456100463867,-0.2478010058403015,-0.06303726881742477,-0.07486319541931152,-0.21826356649398804,-0.06980496644973755,-0.034349918365478516,-0.2703762650489807,-0.01085088960826397,-0.035726964473724365,-0.33811086416244507,-0.044262826442718506,-0.03691864013671875,-0.22031313180923462,-0.04842810705304146,-0.04135340452194214,-0.20930594205856323,-0.04528136923909187,0.007792055606842041,-0.26487040519714355,-0.01377790980041027,0.00941997766494751,-0.3373830020427704,-0.04770037531852722,0.0019183754920959473,-0.2257378101348877,-0.03296157717704773,-0.0020888447761535645,-0.2021436095237732,-0.015398780815303326,0.049270033836364746,-0.2488410472869873,-0.020056752488017082,0.049475252628326416,-0.3154270648956299,-0.0368741974234581,0.038661181926727295,-0.23801755905151367,-0.02304641716182232,0.03434866666793823,-0.2097129225730896,-0.008256861008703709
0.0,0.0,0.0,-0.07182329893112183,-0.043927013874053955,-0.033783841878175735,-0.13130289316177368,-0.1219702959060669,-0.0532272644340992,-0.1398295760154724,-0.221840500831604,-0.07051856815814972,-0.09798306226730347,-0.25582021474838257,-0.07839004695415497,-0.0766153335571289,-0.2683655619621277,-0.01497498806566,-0.07533079385757446,-0.34806928038597107,-0.04852460324764252,-0.07543545961380005,-0.24765151739120483,-0.06368337571620941,-0.0752822756767273,-0.21845537424087524,-0.0708332434296608,-0.033696532249450684,-0.2674599289894104,-0.011145239695906639,-0.03410917520523071,-0.3379169702529907,-0.044622693210840225,-0.036309659481048584,-0.2210494875907898,-0.04885980114340782,-0.041558265686035156,-0.21036547422409058,-0.04592921957373619,0.00787729024887085,-0.2615559697151184,-0.014279568567872047,0.010933756828308105,-0.33656254410743713,-0.04801812767982483,0.002606034278869629,-0.22628116607666016,-0.03362401947379112,-0.0020125508308410645,-0.20424968004226685,-0.0164144579321146,0.049022138118743896,-0.24598079919815063,-0.020737074315547943,0.05045050382614136,-0.31329599022865295,-0.03698918968439102,0.039430975914001465,-0.23714345693588257,-0.02328333631157875,0.034593164920806885,-0.2096368670463562,-0.008834019303321838
0.0,0.0,0.0,-0.07130587100982666,-0.041720807552337646,-0.034470152109861374,-0.13091617822647095,-0.12073606252670288,-0.05439532920718193,-0.14040309190750122,-0.219731867313385,-0.07208102941513062,-0.09898626804351807,-0.25446051359176636,-0.08042324334383011,-0.07802218198776245,-0.26699167490005493,-0.01692008599638939,-0.07652449607849121,-0.34712204337120056,-0.05088872089982033,-0.07607829570770264,-0.2468218207359314,-0.06567808240652084,-0.07530128955841064,-0.21703720092773438,-0.07244382798671722,-0.03432744741439819,-0.2660332918167114,-0.013097207061946392,-0.035240113735198975,-0.33669304847717285,-0.047596320509910583,-0.036949217319488525,-0.21987426280975342,-0.05176551267504692,-0.04166442155838013,-0.20790547132492065,-0.04840328171849251,0.008030116558074951,-0.2605639696121216,-0.016225287690758705,0.010030567646026611,-0.3352356553077698,-0.050927843898534775,0.0020908117294311523,-0.2238733172416687,-0.036540206521749496,-0.002087116241455078,-0.20141077041625977,-0.018988654017448425,0.049762070178985596,-0.2455359697341919,-0.022680768743157387,0.05015343427658081,-0.3128035068511963,-0.03965228050947189,0.03936278820037842,-0.23579663038253784,-0.026169398799538612,0.03483223915100098,-0.20804506540298462,-0.011697164736688137
0.0,0.0,0.0,-0.07158392667770386,-0.043383240699768066,-0.03419199958443642,-0.1310577392578125,-0.12136614322662354,-0.054034989327192307,-0.14103657007217407,-0.22099876403808594,-0.07173539698123932,-0.0995943546295166,-0.256392240524292,-0.08002948760986328,-0.07804900407791138,-0.26724469661712646,-0.015855910256505013,-0.07640480995178223,-0.348404198884964,-0.05012203007936478,-0.07661205530166626,-0.24782896041870117,-0.06541302055120468,-0.07614290714263916,-0.2176806926727295,-0.07245898991823196,-0.03432947397232056,-0.2662273049354553,-0.011961550451815128,-0.03537946939468384,-0.3379057049751282,-0.046426501125097275,-0.037536680698394775,-0.22057640552520752,-0.050719231367111206,-0.04234272241592407,-0.20842301845550537,-0.04746698588132858,0.007990539073944092,-0.260761022567749,-0.015080535784363747,0.00987309217453003,-0.3362579047679901,-0.049583639949560165,0.0015744566917419434,-0.22487199306488037,-0.03500720486044884,-0.0025658011436462402,-0.20183402299880981,-0.01734297350049019,0.049693942070007324,-0.24593937397003174,-0.021539323031902313,0.04974532127380371,-0.3133244216442108,-0.03814754635095596,0.03862518072128296,-0.2364518642425537,-0.024388665333390236,0.03418666124343872,-0.20840245485305786,-0.00972741562873125
0.0,0.0,0.0,-0.0725129246711731,-0.04443836212158203,-0.03307086601853371,-0.13163381814956665,-0.1234402060508728,-0.05207283794879913,-0.13972508907318115,-0.2232738733291626,-0.06898225098848343,-0.09805810451507568,-0.25815683603286743,-0.07653773576021194,-0.0776132345199585,-0.2677537202835083,-0.015120543539524078,-0.07548916339874268,-0.34758874773979187,-0.048731546849012375,-0.07581347227096558,-0.24702489376068115,-0.06403041630983353,-0.07565838098526001,-0.21729522943496704,-0.0712960958480835,-0.034127235412597656,-0.26682668924331665,-0.011470196768641472,-0.03421938419342041,-0.33768633008003235,-0.0446365624666214,-0.036625683307647705,-0.22086739540100098,-0.04867901653051376,-0.041693150997161865,-0.20952630043029785,-0.04581652954220772,0.007845163345336914,-0.26168394088745117,-0.014685070142149925,0.010908842086791992,-0.3369467258453369,-0.048168644309043884,0.0020512938499450684,-0.22606855630874634,-0.03352826461195946,-0.0024194717407226562,-0.2032114863395691,-0.016325967386364937,0.04927021265029907,-0.24703991413116455,-0.021158667281270027,0.050348877906799316,-0.31467241048812866,-0.037322573363780975,0.03877890110015869,-0.23775714635849,-0.023417145013809204,0.03400862216949463,-0.20926696062088013,-0.00891455914825201
0.0,0.0,0.0,-0.07213765382766724,-0.04165387153625488,-0.035410307347774506,-0.13189297914505005,-0.12211143970489502,-0.055687371641397476,-0.14085805416107178,-0.22135001420974731,-0.07348769903182983,-0.09891307353973389,-0.25539255142211914,-0.08176206797361374,-0.07853329181671143,-0.2691376805305481,-0.017788786441087723,-0.07610964775085449,-0.34832313656806946,-0.052183810621500015,-0.0766400694847107,-0.24715948104858398,-0.0668351948261261,-0.07626718282699585,-0.21656322479248047,-0.07332351803779602,-0.034394800662994385,-0.2678104639053345,-0.013249018229544163,-0.03522735834121704,-0.33707308769226074,-0.04841482266783714,-0.03778719902038574,-0.21837759017944336,-0.05253157764673233,-0.0426904559135437,-0.20554542541503906,-0.049016352742910385,0.00834733247756958,-0.26292282342910767,-0.015727050602436066,0.010738193988800049,-0.33658188581466675,-0.050900332629680634,0.0019226670265197754,-0.22345346212387085,-0.03619031235575676,-0.0026525259017944336,-0.19970685243606567,-0.018368391320109367,0.05044931173324585,-0.24867302179336548,-0.02162262238562107,0.05141705274581909,-0.31521376967430115,-0.03878612071275711,0.0399479866027832,-0.23622918128967285,-0.02516615390777588,0.035148680210113525,-0.2076197862625122,-0.010583773255348206
0.0,0.0,0.0,-0.07198065519332886,-0.04169046878814697,-0.03485645726323128,-0.13180243968963623,-0.12252748012542725,-0.05518524348735809,-0.1394473910331726,-0.22169268131256104,-0.07334922254085541,-0.09687250852584839,-0.2522086501121521,-0.08219791948795319,-0.0772087574005127,-0.2709621787071228,-0.016934659332036972,-0.07549530267715454,-0.3492678105831146,-0.051295727491378784,-0.07594573497772217,-0.24908816814422607,-0.06614775955677032,-0.07492756843566895,-0.21821558475494385,-0.07274594902992249,-0.033438146114349365,-0.26940858364105225,-0.012993782758712769,-0.03428792953491211,-0.33821114897727966,-0.04779514670372009,-0.03738290071487427,-0.22053730487823486,-0.05153977498412132,-0.041932523250579834,-0.2070547342300415,-0.04770813137292862,0.008893430233001709,-0.2636823058128357,-0.016177238896489143,0.011071503162384033,-0.3369317054748535,-0.05122951418161392,0.001497507095336914,-0.22500407695770264,-0.03681118041276932,-0.0028916597366333008,-0.2007010579109192,-0.019094783812761307,0.0511091947555542,-0.24801671504974365,-0.02275754325091839,0.05156677961349487,-0.31562691926956177,-0.03982153162360191,0.0394478440284729,-0.23739665746688843,-0.02630244567990303,0.03452110290527344,-0.2079073190689087,-0.011764317750930786
0.0,0.0,0.0,-0.0715211033821106,-0.04210460186004639,-0.035357050597667694,-0.1311873197555542,-0.12162256240844727,-0.05604900047183037,-0.14071893692016602,-0.22090965509414673,-0.07462771981954575,-0.09886378049850464,-0.2561006546020508,-0.08392149209976196,-0.07728314399719238,-0.2654217481613159,-0.017524143680930138,-0.07630586624145508,-0.3470238745212555,-0.05287164822220802,-0.07649368047714233,-0.24621540307998657,-0.06854203343391418,-0.0746045708656311,-0.21491384506225586,-0.07560016959905624,-0.03346890211105347,-0.2647274136543274,-0.01354463305324316,-0.0350307822227478,-0.33631250262260437,-0.04939567297697067,-0.03763693571090698,-0.21919798851013184,-0.053638916462659836,-0.041304826736450195,-0.20475608110427856,-0.04997071623802185,0.008717060089111328,-0.2600709795951843,-0.016780911013484,0.010313212871551514,-0.3347764015197754,-0.05256526544690132,0.0014502406120300293,-0.2239554524421692,-0.03794272989034653,-0.0021630525588989258,-0.19913673400878906,-0.01981240138411522,0.05052155256271362,-0.24585700035095215,-0.023497527465224266,0.05068594217300415,-0.31490859389305115,-0.040841538459062576,0.03911048173904419,-0.2380373477935791,-0.02716698870062828,0.034622788429260254,-0.20762896537780762,-0.01237358059734106
0.0,0.0,0.0,-0.07169079780578613,-0.04239100217819214,-0.03516860678792,-0.13008475303649902,-0.12122189998626709,-0.055557865649461746,-0.1393904685974121,-0.21985667943954468,-0.07363219559192657,-0.09857738018035889,-0.25740957260131836,-0.08231652528047562,-0.077190101146698,-0.2665402293205261,-0.017629560083150864,-0.07517760992050171,-0.34587112069129944,-0.05196012929081917,-0.0748828649520874,-0.2463412880897522,-0.06690791994333267,-0.0737869143486023,-0.21666169166564941,-0.07371929287910461,-0.03318363428115845,-0.2660362720489502,-0.013504589907824993,-0.034343600273132324,-0.33602315187454224,-0.048470307141542435,-0.03647589683532715,-0.21903133392333984,-0.05273786187171936,-0.04067510366439819,-0.20651531219482422,-0.04947588965296745,0.009213685989379883,-0.2615025043487549,-0.01636907458305359,0.011503815650939941,-0.33627909421920776,-0.05132567510008812,0.003115534782409668,-0.22490566968917847,-0.03642439842224121,-0.0008271932601928711,-0.201288104057312,-0.01860092580318451,0.05091136693954468,-0.24725353717803955,-0.02268741838634014,0.051849424839019775,-0.31564104557037354,-0.03981265798211098,0.04045391082763672,-0.2379017472267151,-0.025937922298908234,0.03592395782470703,-0.2085554599761963,-0.011206885799765587
0.0,0.0,0.0,-0.07194274663925171,-0.043452680110931396,-0.03469996154308319,-0.12996917963027954,-0.12117493152618408,-0.05490725859999657,-0.13923299312591553,-0.21967095136642456,-0.07294916361570358,-0.09875166416168213,-0.26098835468292236,-0.08161810785531998,-0.0776030421257019,-0.26920032501220703,-0.015677036717534065,-0.07631433010101318,-0.347027987241745,-0.050488777458667755,-0.075927734375,-0.24767029285430908,-0.06632128357887268,-0.07410961389541626,-0.21851247549057007,-0.07366062700748444,-0.033863067626953125,-0.26870161294937134,-0.011810315772891045,-0.035404860973358154,-0.3377652168273926,-0.04708567634224892,-0.03780388832092285,-0.22055035829544067,-0.052021611481904984,-0.041563212871551514,-0.20857489109039307,-0.0490453876554966,0.00836092233657837,-0.2637028694152832,-0.015049202367663383,0.010319292545318604,-0.3378821313381195,-0.050409503281116486,0.001499176025390625,-0.226054847240448,-0.035617005079984665,-0.002290487289428711,-0.20236682891845703,-0.017640141770243645,0.050074636936187744,-0.24860602617263794,-0.021700210869312286,0.050825297832489014,-0.3170091211795807,-0.03895881399512291,0.03895127773284912,-0.23885071277618408,-0.024853108450770378,0.03449821472167969,-0.20977342128753662,-0.009792075492441654
0.0,0.0,0.0,-0.0715416669845581,-0.043257176876068115,-0.03299802541732788,-0.12925881147384644,-0.11862844228744507,-0.052270181477069855,-0.13818758726119995,-0.21864569187164307,-0.06969158351421356,-0.09772181510925293,-0.2600966691970825,-0.0778391882777214,-0.07771521806716919,-0.26691925525665283,-0.01331293024122715,-0.07608014345169067,-0.34507638216018677,-0.047080036252737045,-0.07496893405914307,-0.2476155161857605,-0.061964839696884155,-0.07386988401412964,-0.21517181396484375,-0.06849347800016403,-0.03376471996307373,-0.2672695517539978,-0.010188897140324116,-0.03505319356918335,-0.3369676172733307,-0.04416460543870926,-0.03641986846923828,-0.22155678272247314,-0.048386313021183014,-0.04012113809585571,-0.20774507522583008,-0.044935986399650574,0.00855720043182373,-0.2621142268180847,-0.014124438166618347,0.009577512741088867,-0.33429402112960815,-0.04821304231882095,0.001922309398651123,-0.22520941495895386,-0.033208977431058884,-0.001447916030883789,-0.20162397623062134,-0.015303005464375019,0.05033951997756958,-0.2464943528175354,-0.021383611485362053,0.049654364585876465,-0.3137650489807129,-0.037920884788036346,0.03858453035354614,-0.23743140697479248,-0.0236244797706604,0.03456908464431763,-0.20904123783111572,-0.008515727706253529
0.0,0.0,0.0,-0.07183575630187988,-0.042602717876434326,-0.03376741707324982,-0.13026922941207886,-0.12149703502655029,-0.05317516624927521,-0.13920634984970093,-0.22088783979415894,-0.07052906602621078,-0.098621666431427,-0.2599712014198303,-0.07842487096786499,-0.07779932022094727,-0.26578664779663086,-0.015689045190811157,-0.07649970054626465,-0.3465188443660736,-0.050038013607263565,-0.07562673091888428,-0.24716496467590332,-0.0650310143828392,-0.07374745607376099,-0.21784484386444092,-0.07175614684820175,-0.03381335735321045,-0.265516459941864,-0.012077230960130692,-0.03565657138824463,-0.3365623950958252,-0.04672391712665558,-0.03730320930480957,-0.21968084573745728,-0.05057686194777489,-0.04073059558868408,-0.20803874731063843,-0.046867482364177704,0.008726775646209717,-0.261155903339386,-0.015515316277742386,0.009904086589813232,-0.335997998714447,-0.05015064403414726,0.0019109845161437988,-0.22509092092514038,-0.03513418883085251,-0.0011364221572875977,-0.20269793272018433,-0.01704428158700466,0.050988733768463135,-0.24746263027191162,-0.022313192486763,0.0503849983215332,-0.316148579120636,-0.03889353573322296,0.03963404893875122,-0.24015074968338013,-0.024950210005044937,0.03631073236465454,-0.21264857053756714,-0.01008282508701086
0.0,0.0,0.0,-0.07198548316955566,-0.04353731870651245,-0.03406630828976631,-0.13017773628234863,-0.1224365234375,-0.05366300418972969,-0.13878589868545532,-0.2219630479812622,-0.07118233293294907,-0.09790933132171631,-0.2625056505203247,-0.07930862158536911,-0.07847416400909424,-0.2684171199798584,-0.015101892873644829,-0.07642185688018799,-0.3477492034435272,-0.048930004239082336,-0.07607120275497437,-0.24866312742233276,-0.06366564333438873,-0.07459902763366699,-0.21944975852966309,-0.07035312056541443,-0.0343206524848938,-0.26806116104125977,-0.01137732993811369,-0.035533010959625244,-0.33819568157196045,-0.04584111273288727,-0.03798246383666992,-0.2213897705078125,-0.05000177025794983,-0.042012810707092285,-0.20902395248413086,-0.046555887907743454,0.008231163024902344,-0.263092041015625,-0.014692986384034157,0.009930431842803955,-0.3374719023704529,-0.04951697587966919,0.0013330578804016113,-0.2261263132095337,-0.03472648561000824,-0.0025983452796936035,-0.20217937231063843,-0.01678389683365822,0.05036270618438721,-0.2484586238861084,-0.021337538957595825,0.05056428909301758,-0.3167153000831604,-0.03840307518839836,0.03912663459777832,-0.23996639251708984,-0.02464452013373375,0.03482323884963989,-0.21153873205184937,-0.009876664727926254
0.0,0.0,0.0,-0.07185608148574829,-0.04433721303939819,-0.034693341702222824,-0.12997478246688843,-0.12350213527679443,-0.05500461906194687,-0.13832968473434448,-0.22218137979507446,-0.07313798367977142,-0.0975373387336731,-0.26048123836517334,-0.08190714567899704,-0.0773698091506958,-0.2691165804862976,-0.016518237069249153,-0.07492011785507202,-0.3478955328464508,-0.05076675862073898,-0.07565581798553467,-0.24871975183486938,-0.06603631377220154,-0.07477205991744995,-0.21856427192687988,-0.07304992526769638,-0.033408164978027344,-0.26764965057373047,-0.012524344958364964,-0.03467869758605957,-0.3372701108455658,-0.04756584018468857,-0.037737131118774414,-0.22033441066741943,-0.05241740122437477,-0.042016446590423584,-0.20689135789871216,-0.04949192702770233,0.008983194828033447,-0.26231545209884644,-0.015494284220039845,0.01170438528060913,-0.338255912065506,-0.0503266341984272,0.0023455023765563965,-0.22731268405914307,-0.035827506333589554,-0.0022200942039489746,-0.20170170068740845,-0.018197694793343544,0.05081409215927124,-0.24716144800186157,-0.021869875490665436,0.05235487222671509,-0.31694841384887695,-0.03885525092482567,0.04019206762313843,-0.24035775661468506,-0.02522941678762436,0.035024821758270264,-0.2102540135383606,-0.010630909353494644
0.0,0.0,0.0,-0.07175064086914062,-0.0439639687538147,-0.03514000028371811,-0.12994331121444702,-0.12315714359283447,-0.05560249835252762,-0.13798242807388306,-0.22257781028747559,-0.07386430352926254,-0.0967566967010498,-0.2608404755592346,-0.08287159353494644,-0.07694017887115479,-0.2675749659538269,-0.016519948840141296,-0.07439923286437988,-0.34689369797706604,-0.050489652901887894,-0.075400710105896,-0.24775582551956177,-0.06525466591119766,-0.0742793083190918,-0.21752774715423584,-0.0719115138053894,-0.032790541648864746,-0.26628226041793823,-0.012390709482133389,-0.03369498252868652,-0.33612170815467834,-0.047341570258140564,-0.037176549434661865,-0.2199634313583374,-0.051797542721033096,-0.04135394096374512,-0.2058984637260437,-0.04844950512051582,0.009478509426116943,-0.26087045669555664,-0.015338615514338017,0.012064218521118164,-0.33528387546539307,-0.050454944372177124,0.0024499893188476562,-0.22492104768753052,-0.03620829060673714,-0.0019327998161315918,-0.19913792610168457,-0.018557177856564522,0.05130666494369507,-0.24575471878051758,-0.021684307605028152,0.05212986469268799,-0.3149946928024292,-0.03894871100783348,0.04004096984863281,-0.2384313941001892,-0.025615356862545013,0.035106658935546875,-0.20794016122817993,-0.011146842502057552
0.0,0.0,0.0,-0.07296556234359741,-0.04398345947265625,-0.033675700426101685,-0.13132649660110474,-0.123809814453125,-0.052962347865104675,-0.13841819763183594,-0.22400879859924316,-0.07000653445720673,-0.09685951471328735,-0.26223111152648926,-0.07759368419647217,-0.0774456262588501,-0.26844191551208496,-0.015786752104759216,-0.07518380880355835,-0.3477841317653656,-0.049322471022605896,-0.07531654834747314,-0.248149573802948,-0.06418353319168091,-0.07416373491287231,-0.21961861848831177,-0.0712362676858902,-0.03354102373123169,-0.2676640748977661,-0.012133187614381313,-0.0344620943069458,-0.33691129088401794,-0.045882243663072586,-0.03692144155502319,-0.22038370370864868,-0.0499139167368412,-0.0407947301864624,-0.20929068326950073,-0.04688791558146477,0.008728563785552979,-0.2627081274986267,-0.015381790697574615,0.010990798473358154,-0.3374917805194855,-0.0494835190474987,0.002420663833618164,-0.22637152671813965,-0.034383367747068405,-0.0008714795112609863,-0.20308434963226318,-0.016720496118068695,0.05078315734863281,-0.24809163808822632,-0.02197093702852726,0.051292479038238525,-0.31555962562561035,-0.038917697966098785,0.03954517841339111,-0.23821324110031128,-0.02504781074821949,0.03530728816986084,-0.2098766565322876,-0.010410841554403305
0.0,0.0,0.0,-0.07451307773590088,-0.04520457983016968,-0.03397710993885994,-0.13431328535079956,-0.12605738639831543,-0.05341271683573723,-0.14142847061157227,-0.22669517993927002,-0.07040265202522278,-0.09884440898895264,-0.2570418119430542,-0.07780049741268158,-0.07834392786026001,-0.2748410105705261,-0.016261905431747437,-0.07626813650131226,-0.35155507922172546,-0.049824345856904984,-0.07692825794219971,-0.25088977813720703,-0.06471309065818787,-0.07661008834838867,-0.22305917739868164,-0.07164980471134186,-0.03436499834060669,-0.2731650471687317,-0.011811763048171997,-0.035521626472473145,-0.34038710594177246,-0.04502416402101517,-0.038223326206207275,-0.221890389919281,-0.04872676730155945,-0.04300767183303833,-0.21194201707839966,-0.04562612995505333,0.008019208908081055,-0.2675522565841675,-0.014207938686013222,0.010444939136505127,-0.34154531359672546,-0.047242701053619385,0.0009998083114624023,-0.2285146713256836,-0.03228021785616875,-0.0034217238426208496,-0.2057119607925415,-0.015001027844846249,0.04982727766036987,-0.2521516680717468,-0.02000042237341404,0.05116647481918335,-0.31904298067092896,-0.03557620570063591,0.0389859676361084,-0.24024176597595215,-0.021476339548826218,0.03418809175491333,-0.21163547039031982,-0.00689029460772872
0.0,0.0,0.0,-0.07463204860687256,-0.046692728996276855,-0.03459940850734711,-0.13423222303390503,-0.12576323747634888,-0.055032700300216675,-0.14180433750152588,-0.22570699453353882,-0.07290386408567429,-0.09870040416717529,-0.2558029294013977,-0.08103873580694199,-0.07804661989212036,-0.2738281488418579,-0.018620477989315987,-0.07605433464050293,-0.3509131073951721,-0.05303264781832695,-0.07689625024795532,-0.24880927801132202,-0.06827718019485474,-0.0773080587387085,-0.21948719024658203,-0.07540076971054077,-0.03391236066818237,-0.27183997631073,-0.01400256622582674,-0.03543269634246826,-0.34036576747894287,-0.04788203537464142,-0.038243889808654785,-0.22056478261947632,-0.05157962441444397,-0.04311251640319824,-0.2092936635017395,-0.048616256564855576,0.0087776780128479,-0.26577794551849365,-0.016127465292811394,0.011380434036254883,-0.34241247177124023,-0.049193937331438065,0.0013126730918884277,-0.22869455814361572,-0.03328800946474075,-0.003575265407562256,-0.20461082458496094,-0.01560702919960022,0.050458669662475586,-0.24952054023742676,-0.02176712080836296,0.05159991979598999,-0.3154990077018738,-0.03727925568819046,0.038937151432037354,-0.2370336651802063,-0.022749025374650955,0.03372400999069214,-0.20902639627456665,-0.007993190549314022
0.0,0.0,0.0,-0.07532656192779541,-0.048516154289245605,-0.03520737215876579,-0.13527852296829224,-0.1274976134300232,-0.05622055009007454,-0.14313113689422607,-0.2288033366203308,-0.0746731236577034,-0.09934985637664795,-0.2558605670928955,-0.08339745551347733,-0.07902354001998901,-0.27791088819503784,-0.018748588860034943,-0.07704681158065796,-0.35363876819610596,-0.05406725034117699,-0.07872956991195679,-0.25092512369155884,-0.07039058953523636,-0.0788150429725647,-0.22299933433532715,-0.0782780572772026,-0.03464549779891968,-0.27442777156829834,-0.013838626444339752,-0.0368078351020813,-0.3421958386898041,-0.048351917415857315,-0.040213048458099365,-0.22141307592391968,-0.05250638350844383,-0.04461425542831421,-0.21110087633132935,-0.04987224191427231,0.008326888084411621,-0.2672455906867981,-0.015776323154568672,0.010219454765319824,-0.3447573184967041,-0.04914600029587746,-0.0004890561103820801,-0.23044991493225098,-0.03330020233988762,-0.005237698554992676,-0.20585209131240845,-0.015598020516335964,0.049954116344451904,-0.2502114176750183,-0.021294210106134415,0.050476908683776855,-0.31755247712135315,-0.036534521728754044,0.03716742992401123,-0.2387533187866211,-0.02175111509859562,0.03173190355300903,-0.20941907167434692,-0.006816556677222252
0.0,0.0,0.0,-0.07359939813613892,-0.04689544439315796,-0.03442922607064247,-0.13316398859024048,-0.12696290016174316,-0.053803589195013046,-0.14181703329086304,-0.22846686840057373,-0.07073760032653809,-0.09928947687149048,-0.26365792751312256,-0.07808104157447815,-0.07810884714126587,-0.2726132869720459,-0.016493752598762512,-0.07572215795516968,-0.3510614037513733,-0.05104216933250427,-0.07689929008483887,-0.24936836957931519,-0.06694632768630981,-0.07597631216049194,-0.22317564487457275,-0.07469657808542252,-0.03406822681427002,-0.27051079273223877,-0.011917387135326862,-0.03410661220550537,-0.34149661660194397,-0.04633871093392372,-0.037912607192993164,-0.2222185730934143,-0.050838910043239594,-0.043087005615234375,-0.21221578121185303,-0.04817276448011398,0.008681833744049072,-0.26538240909576416,-0.01422642357647419,0.012047529220581055,-0.3412991464138031,-0.04836733639240265,0.0018966197967529297,-0.2282862663269043,-0.03306351229548454,-0.0029987692832946777,-0.20578497648239136,-0.015287183225154877,0.05060392618179321,-0.2514411211013794,-0.019949719309806824,0.052596092224121094,-0.3197389245033264,-0.035842712968587875,0.039984166622161865,-0.24086695909500122,-0.021102258935570717,0.034870922565460205,-0.21197617053985596,-0.006021695211529732
0.0,0.0,0.0,-0.07453089952468872,-0.0484616756439209,-0.0359719842672348,-0.13433080911636353,-0.1266993284225464,-0.056220877915620804,-0.1429552435874939,-0.22763586044311523,-0.07350173592567444,-0.09995913505554199,-0.26009583473205566,-0.08086239546537399,-0.07913810014724731,-0.2760504484176636,-0.018948722630739212,-0.07691681385040283,-0.35226038098335266,-0.05410090461373329,-0.0775907039642334,-0.24980342388153076,-0.07023528963327408,-0.07736474275588989,-0.2232782244682312,-0.07799317687749863,-0.03463858366012573,-0.2734490633010864,-0.013561801053583622,-0.03530961275100708,-0.3426450788974762,-0.04776037856936455,-0.03842020034790039,-0.22208791971206665,-0.05192489176988602,-0.043529510498046875,-0.21317458152770996,-0.04932666942477226,0.008341491222381592,-0.2674247622489929,-0.015148570761084557,0.011225879192352295,-0.34352654218673706,-0.048897210508584976,0.001283407211303711,-0.2290809154510498,-0.03318977355957031,-0.003677546977996826,-0.20714831352233887,-0.015478940680623055,0.04983818531036377,-0.25159382820129395,-0.020330222323536873,0.05164438486099243,-0.31930747628211975,-0.03580045327544212,0.03903692960739136,-0.24020349979400635,-0.020783618092536926,0.0334739089012146,-0.21196740865707397,-0.005695093423128128
0.0,0.0,0.0,-0.07258081436157227,-0.046751439571380615,-0.03349299728870392,-0.1321507692337036,-0.12387758493423462,-0.05292844772338867,-0.14049404859542847,-0.22415685653686523,-0.07012724131345749,-0.09791368246078491,-0.2592817544937134,-0.07791104912757874,-0.07854849100112915,-0.2706753611564636,-0.0163870956748724,-0.07616353034973145,-0.34953874349594116,-0.05075668916106224,-0.0773780345916748,-0.24924135208129883,-0.06676527112722397,-0.07642090320587158,-0.22064119577407837,-0.07460908591747284,-0.034007728099823,-0.2689303159713745,-0.012585914693772793,-0.03398936986923218,-0.3404660224914551,-0.04678597301244736,-0.03789275884628296,-0.22231203317642212,-0.051336757838726044,-0.043084800243377686,-0.20934081077575684,-0.04885401949286461,0.008820176124572754,-0.2636842131614685,-0.015521897003054619,0.011823475360870361,-0.3391876816749573,-0.04961266741156578,0.001350104808807373,-0.22684991359710693,-0.034360356628894806,-0.0039694905281066895,-0.20196133852005005,-0.016771061345934868,0.05081838369369507,-0.24869400262832642,-0.021763969212770462,0.05261671543121338,-0.31755855679512024,-0.037982068955898285,0.03946554660797119,-0.23834311962127686,-0.02313202992081642,0.03357464075088501,-0.2082802653312683,-0.00800578948110342
0.0,0.0,0.0,-0.07266545295715332,-0.04691803455352783,-0.036053773015737534,-0.13222014904022217,-0.12445986270904541,-0.0561162494122982,-0.14177781343460083,-0.22516947984695435,-0.07322318851947784,-0.09978413581848145,-0.2635538578033447,-0.08049210160970688,-0.07893019914627075,-0.2728429436683655,-0.018851302564144135,-0.07625401020050049,-0.34945452213287354,-0.052596066147089005,-0.07671260833740234,-0.24831831455230713,-0.06718279421329498,-0.07625460624694824,-0.22276973724365234,-0.07417745143175125,-0.03493309020996094,-0.2721201181411743,-0.013703204691410065,-0.03471851348876953,-0.3408912718296051,-0.047890931367874146,-0.03791093826293945,-0.22214096784591675,-0.05204599350690842,-0.04336613416671753,-0.21332818269729614,-0.04925476387143135,0.008062243461608887,-0.2674139142036438,-0.015415655449032784,0.01141124963760376,-0.3412328064441681,-0.04969464987516403,0.0022999048233032227,-0.2286238670349121,-0.034529827535152435,-0.0028310418128967285,-0.20822983980178833,-0.01701071299612522,0.049697160720825195,-0.2533748149871826,-0.020611612126231194,0.05232584476470947,-0.32149264216423035,-0.037115853279829025,0.040341079235076904,-0.24215692281723022,-0.022664489224553108,0.03509920835494995,-0.21409457921981812,-0.00779150752350688
0.0,0.0,0.0,-0.07312166690826416,-0.04751187562942505,-0.033979807049036026,-0.13216596841812134,-0.12413877248764038,-0.05310524255037308,-0.14097082614898682,-0.22397148609161377,-0.06963446736335754,-0.09918540716171265,-0.26095348596572876,-0.07650216668844223,-0.07834494113922119,-0.271312952041626,-0.017111336812376976,-0.07582736015319824,-0.348101943731308,-0.05029043182730675,-0.07663846015930176,-0.24779075384140015,-0.06510693579912186,-0.07660049200057983,-0.22185766696929932,-0.0723804458975792,-0.034252703189849854,-0.2705022096633911,-0.012789268977940083,-0.03435999155044556,-0.33988335728645325,-0.0459129735827446,-0.03750365972518921,-0.22170156240463257,-0.050035517662763596,-0.04316151142120361,-0.2121671438217163,-0.04755470156669617,0.008645415306091309,-0.26560699939727783,-0.015081344172358513,0.011492133140563965,-0.3405965566635132,-0.048222076147794724,0.00217437744140625,-0.22835218906402588,-0.032799430191516876,-0.003096342086791992,-0.20637422800064087,-0.015418097376823425,0.05038917064666748,-0.25101953744888306,-0.020713835954666138,0.05215734243392944,-0.31982147693634033,-0.03639020770788193,0.03991180658340454,-0.24126917123794556,-0.021502474322915077,0.03468596935272217,-0.2128412127494812,-0.006481211166828871
0.0,0.0,0.0,-0.07237225770950317,-0.04737508296966553,-0.03502143546938896,-0.1312243938446045,-0.12455403804779053,-0.05494996905326843,-0.1409931182861328,-0.22438091039657593,-0.07219726592302322,-0.09948927164077759,-0.2629890441894531,-0.07981310039758682,-0.07804089784622192,-0.2727277874946594,-0.01789563149213791,-0.07566368579864502,-0.348871648311615,-0.05193234235048294,-0.07660043239593506,-0.24805492162704468,-0.0671968013048172,-0.07623869180679321,-0.2222651243209839,-0.07458340376615524,-0.03404664993286133,-0.27054786682128906,-0.013235320337116718,-0.03375035524368286,-0.34007614850997925,-0.04735930263996124,-0.037762343883514404,-0.22144830226898193,-0.05177774652838707,-0.04358530044555664,-0.21234345436096191,-0.04917120561003685,0.00893312692642212,-0.26433634757995605,-0.01533198356628418,0.01219862699508667,-0.33866390585899353,-0.049355827271938324,0.002230226993560791,-0.2262866497039795,-0.03397931531071663,-0.0033572912216186523,-0.2055683135986328,-0.016356710344552994,0.050409793853759766,-0.2489446997642517,-0.020823396742343903,0.05276697874069214,-0.31704631447792053,-0.036883898079395294,0.0402790904045105,-0.2381819486618042,-0.02196476235985756,0.03482043743133545,-0.210604727268219,-0.0068025970831513405
0.0,0.0,0.0,-0.07331317663192749,-0.04683339595794678,-0.033976126462221146,-0.13226664066314697,-0.1256650686264038,-0.05353470891714096,-0.1406438946723938,-0.22688698768615723,-0.07065917551517487,-0.09876728057861328,-0.26187586784362793,-0.07817520201206207,-0.07822597026824951,-0.2711227536201477,-0.017754502594470978,-0.07539933919906616,-0.3499791622161865,-0.05293027684092522,-0.07671767473220825,-0.2482120394706726,-0.0690634548664093,-0.07648354768753052,-0.21906280517578125,-0.07669723778963089,-0.0337795615196228,-0.26871347427368164,-0.013389927335083485,-0.03314995765686035,-0.34013375639915466,-0.047502677887678146,-0.0371096134185791,-0.220444917678833,-0.05147042125463486,-0.0428309440612793,-0.2088019847869873,-0.04866377264261246,0.009166598320007324,-0.2636870741844177,-0.015842735767364502,0.013539314270019531,-0.34020116925239563,-0.049182865768671036,0.002948462963104248,-0.22701424360275269,-0.03334427252411842,-0.0028505921363830566,-0.20356643199920654,-0.015627723187208176,0.051030874252319336,-0.2488681674003601,-0.02174222469329834,0.05346924066543579,-0.3164748549461365,-0.03704674169421196,0.04088735580444336,-0.2379562258720398,-0.022133689373731613,0.03520631790161133,-0.2100929617881775,-0.007190885487943888
0.0,0.0,0.0,-0.07307577133178711,-0.04587918519973755,-0.03329237923026085,-0.13192933797836304,-0.1260690689086914,-0.052701186388731,-0.13984686136245728,-0.22780156135559082,-0.06996084004640579,-0.09772467613220215,-0.26310932636260986,-0.07783370465040207,-0.07750219106674194,-0.2701095938682556,-0.016490545123815536,-0.07527798414230347,-0.34951362013816833,-0.0505809523165226,-0.07613426446914673,-0.24933230876922607,-0.06619317084550858,-0.07522296905517578,-0.22037267684936523,-0.07374335825443268,-0.03347283601760864,-0.268443763256073,-0.012775969691574574,-0.03384041786193848,-0.3398727774620056,-0.04648947715759277,-0.03726041316986084,-0.22227329015731812,-0.05062016472220421,-0.04233407974243164,-0.2099531888961792,-0.04787331819534302,0.008998572826385498,-0.263130247592926,-0.015789087861776352,0.011738955974578857,-0.33925682306289673,-0.04930229112505913,0.001910865306854248,-0.22774571180343628,-0.03412194922566414,-0.002903580665588379,-0.20312291383743286,-0.01665126346051693,0.051030099391937256,-0.2482326626777649,-0.022119417786598206,0.05217480659484863,-0.3177656829357147,-0.037948742508888245,0.039699554443359375,-0.2402653694152832,-0.023488352075219154,0.0344807505607605,-0.21041065454483032,-0.00871027447283268
0.0,0.0,0.0,-0.07177913188934326,-0.04392361640930176,-0.032901231199502945,-0.1310826539993286,-0.1221892237663269,-0.05202484875917435,-0.13996320962905884,-0.22207969427108765,-0.06911434978246689,-0.09808957576751709,-0.25853580236434937,-0.07690439373254776,-0.07791852951049805,-0.26712775230407715,-0.016691677272319794,-0.07532346248626709,-0.34665364027023315,-0.050290994346141815,-0.0758865475654602,-0.2473694086074829,-0.06482766568660736,-0.07529085874557495,-0.2180163860321045,-0.0716618001461029,-0.033635079860687256,-0.26619184017181396,-0.01342352107167244,-0.03338569402694702,-0.33860743045806885,-0.04725386202335358,-0.03631800413131714,-0.2213442325592041,-0.050605665892362595,-0.04138457775115967,-0.20757389068603516,-0.04708586260676384,0.009146273136138916,-0.2614114284515381,-0.01684652641415596,0.01176685094833374,-0.3369863033294678,-0.05083710327744484,0.00244063138961792,-0.22497063875198364,-0.035142187029123306,-0.0025480985641479492,-0.20064854621887207,-0.01714194193482399,0.05136227607727051,-0.24666249752044678,-0.023520484566688538,0.05218231678009033,-0.31516551971435547,-0.03987948223948479,0.03993070125579834,-0.23683488368988037,-0.025247778743505478,0.03454089164733887,-0.2080863118171692,-0.010264165699481964
0.0,0.0,0.0,-0.07147771120071411,-0.0450892448425293,-0.03576304018497467,-0.12976783514022827,-0.12312626838684082,-0.0568152591586113,-0.14001315832138062,-0.22325539588928223,-0.07562193274497986,-0.09788930416107178,-0.2594156265258789,-0.08504801988601685,-0.07696151733398438,-0.2715977430343628,-0.017241282388567924,-0.07532745599746704,-0.3484398126602173,-0.053502533584833145,-0.07648497819900513,-0.24780642986297607,-0.07023613154888153,-0.07523006200790405,-0.21933424472808838,-0.07806552201509476,-0.03246653079986572,-0.2690010070800781,-0.013138361275196075,-0.03376924991607666,-0.33849677443504333,-0.0497734472155571,-0.03741031885147095,-0.21954768896102905,-0.054579004645347595,-0.04118633270263672,-0.20668208599090576,-0.051188867539167404,0.010428965091705322,-0.2628246545791626,-0.01628340594470501,0.011906147003173828,-0.33663833141326904,-0.05262674018740654,0.0018343925476074219,-0.22375643253326416,-0.03739674761891365,-0.0019919872283935547,-0.1995508074760437,-0.018798857927322388,0.052485883235931396,-0.2469821572303772,-0.02296539582312107,0.05325913429260254,-0.3154865801334381,-0.04036077484488487,0.04012709856033325,-0.23629003763198853,-0.025706211104989052,0.03500020503997803,-0.20634323358535767,-0.010148325935006142
0.0,0.0,0.0,-0.07133549451828003,-0.045490562915802,-0.03530562296509743,-0.12966638803482056,-0.12259835004806519,-0.05571723356842995,-0.13859015703201294,-0.22268825769424438,-0.07374034076929092,-0.09620815515518188,-0.26151013374328613,-0.08223014324903488,-0.07712405920028687,-0.27062177658081055,-0.017320038750767708,-0.07588005065917969,-0.34806764125823975,-0.05292237922549248,-0.07611238956451416,-0.24715399742126465,-0.06917756795883179,-0.07516473531723022,-0.21840178966522217,-0.07681696116924286,-0.03287094831466675,-0.2685169577598572,-0.013247571885585785,-0.03393346071243286,-0.3380580246448517,-0.04909873753786087,-0.03697371482849121,-0.2200496792793274,-0.05404387414455414,-0.041483402252197266,-0.20811021327972412,-0.051163505762815475,0.010067105293273926,-0.26258206367492676,-0.016251368448138237,0.011987090110778809,-0.33619531989097595,-0.05192282423377037,0.0023958683013916016,-0.22419291734695435,-0.03673458471894264,-0.0020859837532043457,-0.20159679651260376,-0.018602265045046806,0.051840782165527344,-0.24723440408706665,-0.022746969014406204,0.05314600467681885,-0.3142968714237213,-0.04008280113339424,0.04046440124511719,-0.2354201078414917,-0.025517912581562996,0.035016417503356934,-0.20678508281707764,-0.010197453200817108
0.0,0.0,0.0,-0.07159113883972168,-0.043955087661743164,-0.03582406044006348,-0.12998563051223755,-0.12303352355957031,-0.05684322863817215,-0.13927167654037476,-0.22305095195770264,-0.0754755362868309,-0.09766954183578491,-0.2609589099884033,-0.08459033071994781,-0.07648032903671265,-0.27262723445892334,-0.017879458144307137,-0.07481735944747925,-0.3497560918331146,-0.053865961730480194,-0.07515764236450195,-0.24901878833770752,-0.07016506046056747,-0.07404011487960815,-0.22029441595077515,-0.07760336995124817,-0.0323866605758667,-0.2698941230773926,-0.01337010134011507,-0.03363180160522461,-0.33825740218162537,-0.04949721321463585,-0.0363425612449646,-0.22017520666122437,-0.05417024716734886,-0.04058647155761719,-0.2087644338607788,-0.05084538087248802,0.010423660278320312,-0.26344889402389526,-0.016033167019486427,0.012352049350738525,-0.3368580937385559,-0.0517704151570797,0.003108680248260498,-0.22455072402954102,-0.036784544587135315,-0.0008746981620788574,-0.20233649015426636,-0.018570885062217712,0.05260121822357178,-0.24777543544769287,-0.02220788039267063,0.05335122346878052,-0.31481242179870605,-0.03913232684135437,0.04117220640182495,-0.23639172315597534,-0.024827919900417328,0.03645092248916626,-0.2085971236228943,-0.009625491686165333
0.0,0.0,0.0,-0.07316368818283081,-0.0448528528213501,-0.03605493903160095,-0.13252896070480347,-0.1255515217781067,-0.05734420195221901,-0.13972753286361694,-0.22403419017791748,-0.07584401220083237,-0.09660309553146362,-0.2553105354309082,-0.08455836027860641,-0.0769737958908081,-0.275476336479187,-0.021454019472002983,-0.07521754503250122,-0.3520503640174866,-0.05656810104846954,-0.07565951347351074,-0.24819111824035645,-0.07120366394519806,-0.07536226511001587,-0.22011858224868774,-0.07786764204502106,-0.03283572196960449,-0.27229130268096924,-0.016780953854322433,-0.03408318758010864,-0.3406893014907837,-0.05202613025903702,-0.03700578212738037,-0.21981686353683472,-0.055405668914318085,-0.04130983352661133,-0.21066468954086304,-0.051908351480960846,0.010188579559326172,-0.26542365550994873,-0.018930895254015923,0.01298832893371582,-0.34216248989105225,-0.05351971462368965,0.0030173659324645996,-0.22653639316558838,-0.037124887108802795,-0.0016695857048034668,-0.20504111051559448,-0.018889473751187325,0.05219554901123047,-0.24870508909225464,-0.024674011394381523,0.053327739238739014,-0.31450536847114563,-0.041248731315135956,0.04096198081970215,-0.23404616117477417,-0.026620157063007355,0.03612333536148071,-0.20763790607452393,-0.011696913279592991
0.0,0.0,0.0,-0.07192248106002808,-0.04516005516052246,-0.035349294543266296,-0.13006246089935303,-0.12262654304504395,-0.0559360571205616,-0.13907390832901,-0.2232271432876587,-0.07412195205688477,-0.09691357612609863,-0.26368802785873413,-0.08266133069992065,-0.07776516675949097,-0.27103108167648315,-0.01646132580935955,-0.07694029808044434,-0.34848546981811523,-0.0518229641020298,-0.07586461305618286,-0.24788898229599,-0.06767375767230988,-0.07442277669906616,-0.2184169888496399,-0.07485093921422958,-0.033884406089782715,-0.2698860764503479,-0.012172048911452293,-0.03567236661911011,-0.3383844494819641,-0.04790213331580162,-0.03695935010910034,-0.2198857069015503,-0.0527765229344368,-0.04118913412094116,-0.2082376480102539,-0.04966479912400246,0.008729875087738037,-0.26426196098327637,-0.015026632696390152,0.01046288013458252,-0.3377247154712677,-0.05051276832818985,0.0025122761726379395,-0.22513389587402344,-0.035386860370635986,-0.0016798973083496094,-0.20254015922546387,-0.017184456810355186,0.050482213497161865,-0.2486916184425354,-0.021364381536841393,0.05164313316345215,-0.31534385681152344,-0.03844955191016197,0.04008126258850098,-0.23665010929107666,-0.024084018543362617,0.03514885902404785,-0.20887690782546997,-0.008832045830786228
0.0,0.0,0.0,-0.07137322425842285,-0.04594641923904419,-0.03491295501589775,-0.12925148010253906,-0.1219862699508667,-0.05533350631594658,-0.13850253820419312,-0.22260332107543945,-0.07332533597946167,-0.09638971090316772,-0.2631477117538452,-0.08175681531429291,-0.07776880264282227,-0.2694650888442993,-0.01711179129779339,-0.0761725902557373,-0.3485053479671478,-0.051776137202978134,-0.07557660341262817,-0.24866193532943726,-0.067107655107975,-0.07476288080215454,-0.2183220386505127,-0.0741211473941803,-0.03361016511917114,-0.2688135504722595,-0.012954090721905231,-0.03490978479385376,-0.33838146924972534,-0.04735308140516281,-0.03672999143600464,-0.22089159488677979,-0.05155370756983757,-0.04109710454940796,-0.20918357372283936,-0.048500604927539825,0.009211421012878418,-0.2632938027381897,-0.01580638810992241,0.010783791542053223,-0.3371487855911255,-0.05030015856027603,0.0025722384452819824,-0.22562026977539062,-0.03478832170367241,-0.0014601349830627441,-0.2025049328804016,-0.016820112243294716,0.05090612173080444,-0.24759221076965332,-0.022112330421805382,0.05151987075805664,-0.31523194909095764,-0.039006855338811874,0.03972816467285156,-0.2368869185447693,-0.024408971890807152,0.03467822074890137,-0.20808321237564087,-0.009214108809828758
0.0,0.0,0.0,-0.07202726602554321,-0.046268463134765625,-0.03283753618597984,-0.12900853157043457,-0.12431913614273071,-0.051967766135931015,-0.1380023956298828,-0.2250274419784546,-0.06925315409898758,-0.09642583131790161,-0.2644525170326233,-0.07715603709220886,-0.07776385545730591,-0.26920515298843384,-0.01362326554954052,-0.07574498653411865,-0.3487735092639923,-0.04743202403187752,-0.07509881258010864,-0.24984079599380493,-0.06244856119155884,-0.07435083389282227,-0.21885371208190918,-0.06920982897281647,-0.03351914882659912,-0.26880502700805664,-0.010304349474608898,-0.03462570905685425,-0.33914193511009216,-0.04407496005296707,-0.03654015064239502,-0.2223961353302002,-0.04835443198680878,-0.04116004705429077,-0.210008442401886,-0.04523463547229767,0.00932687520980835,-0.26317304372787476,-0.013910522684454918,0.011097729206085205,-0.33805060386657715,-0.04784270375967026,0.0029940009117126465,-0.22703874111175537,-0.03260070085525513,-0.001246035099029541,-0.202753484249115,-0.014681441709399223,0.0512886643409729,-0.2473013997077942,-0.020803328603506088,0.05172473192214966,-0.3158194422721863,-0.037220899015665054,0.0403403639793396,-0.2389811873435974,-0.022769005969166756,0.03583711385726929,-0.21023410558700562,-0.0076352255418896675
0.0,0.0,0.0,-0.0720943808555603,-0.04797506332397461,-0.033513762056827545,-0.12966489791870117,-0.12634634971618652,-0.05299939587712288,-0.13917094469070435,-0.22597891092300415,-0.07048141211271286,-0.09778392314910889,-0.2641823887825012,-0.07842612266540527,-0.07659035921096802,-0.27355068922042847,-0.01372789591550827,-0.07537883520126343,-0.35160622000694275,-0.04836038500070572,-0.07568764686584473,-0.25192320346832275,-0.06436384469270706,-0.07471686601638794,-0.22159218788146973,-0.0717746838927269,-0.03284817934036255,-0.2719953656196594,-0.010137667879462242,-0.034552037715911865,-0.340868204832077,-0.04499417543411255,-0.03715014457702637,-0.22325968742370605,-0.05033276975154877,-0.041759490966796875,-0.21119040250778198,-0.047753531485795975,0.009511590003967285,-0.2658599615097046,-0.013582990504801273,0.011859655380249023,-0.34071531891822815,-0.04823588952422142,0.0029997825622558594,-0.22945433855056763,-0.033628832548856735,-0.001617729663848877,-0.20485609769821167,-0.0159244854003191,0.05108749866485596,-0.24933487176895142,-0.020398715510964394,0.05319911241531372,-0.31807443499565125,-0.03721541538834572,0.04061180353164673,-0.2407141923904419,-0.023166341707110405,0.03508126735687256,-0.21142947673797607,-0.008177535608410835
0.0,0.0,0.0,-0.07193624973297119,-0.04837232828140259,-0.035405103117227554,-0.12965941429138184,-0.12582719326019287,-0.056281644850969315,-0.13900119066238403,-0.22412163019180298,-0.07483495771884918,-0.09763199090957642,-0.2628636956214905,-0.08379316329956055,-0.07631897926330566,-0.2763969302177429,-0.015949757769703865,-0.0755050778388977,-0.35267096757888794,-0.05153273418545723,-0.07633107900619507,-0.2525562047958374,-0.06793370097875595,-0.07522314786911011,-0.22288495302200317,-0.07546333223581314,-0.032427966594696045,-0.27431195974349976,-0.01176409237086773,-0.034839928150177,-0.34097397327423096,-0.04763675108551979,-0.03754490613937378,-0.22238200902938843,-0.052968159317970276,-0.04130822420120239,-0.2110886573791504,-0.0501459538936615,0.010069191455841064,-0.2674108147621155,-0.014804983511567116,0.011654675006866455,-0.34052178263664246,-0.050282739102840424,0.0028934478759765625,-0.22839492559432983,-0.035419635474681854,-0.000863194465637207,-0.20461416244506836,-0.01735076680779457,0.0518457293510437,-0.24986892938613892,-0.02137412317097187,0.05323106050491333,-0.318088173866272,-0.03849508613348007,0.04081541299819946,-0.23984968662261963,-0.024205418303608894,0.03595823049545288,-0.21115267276763916,-0.008908387273550034
0.0,0.0,0.0,-0.07164108753204346,-0.04529082775115967,-0.03517903760075569,-0.13035905361175537,-0.12231063842773438,-0.054504863917827606,-0.13871026039123535,-0.22350651025772095,-0.0713096559047699,-0.09663116931915283,-0.2626340389251709,-0.07841501384973526,-0.07707202434539795,-0.2707013487815857,-0.015153682790696621,-0.07523089647293091,-0.3479039669036865,-0.04891081899404526,-0.07504332065582275,-0.24779218435287476,-0.06361294537782669,-0.074826180934906,-0.21952593326568604,-0.07031133025884628,-0.03313177824020386,-0.2697277069091797,-0.010839301161468029,-0.03432983160018921,-0.33790040016174316,-0.045545440167188644,-0.03647279739379883,-0.22078609466552734,-0.05019030719995499,-0.04072761535644531,-0.2106282114982605,-0.046998824924230576,0.009324252605438232,-0.2641845941543579,-0.013687743805348873,0.010675132274627686,-0.336931437253952,-0.048381149768829346,0.0025694966316223145,-0.22646313905715942,-0.03360522910952568,-0.0009291768074035645,-0.20563459396362305,-0.015733515843749046,0.05095869302749634,-0.2486894726753235,-0.020014042034745216,0.050898611545562744,-0.315775990486145,-0.03661496192216873,0.039879024028778076,-0.23930633068084717,-0.022548198699951172,0.03604823350906372,-0.21282893419265747,-0.007597898133099079
0.0,0.0,0.0,-0.07249200344085693,-0.0424419641494751,-0.03298710286617279,-0.13094568252563477,-0.11698943376541138,-0.05157744511961937,-0.13934308290481567,-0.21768516302108765,-0.06813279539346695,-0.09878456592559814,-0.2588338255882263,-0.07515054941177368,-0.07990801334381104,-0.2633366584777832,-0.013724025338888168,-0.07745784521102905,-0.34241965413093567,-0.04708528146147728,-0.07744616270065308,-0.2441544532775879,-0.061467718333005905,-0.07769155502319336,-0.2129967212677002,-0.06790918111801147,-0.03596484661102295,-0.2641521096229553,-0.010433376766741276,-0.03665125370025635,-0.33492428064346313,-0.044285375624895096,-0.03870898485183716,-0.2189604640007019,-0.048325005918741226,-0.04311269521713257,-0.20665276050567627,-0.045094605535268784,0.006391286849975586,-0.2599608302116394,-0.014124318026006222,0.008200764656066895,-0.3340773582458496,-0.048233307898044586,-0.00019699335098266602,-0.22374701499938965,-0.0330427885055542,-0.004220783710479736,-0.20129859447479248,-0.015313025563955307,0.04820650815963745,-0.24556976556777954,-0.021138615906238556,0.04862642288208008,-0.31136322021484375,-0.03777632489800453,0.037213683128356934,-0.23488664627075195,-0.023653894662857056,0.0326465368270874,-0.20841413736343384,-0.008920173160731792
0.0,0.0,0.0,-0.07191735506057739,-0.04415208101272583,-0.033520616590976715,-0.1314997673034668,-0.11861133575439453,-0.052832815796136856,-0.14104896783828735,-0.2171686291694641,-0.06997843086719513,-0.1001807451248169,-0.2591339945793152,-0.07748645544052124,-0.08020657300949097,-0.2674802541732788,-0.01591894030570984,-0.07936376333236694,-0.3478626608848572,-0.050490397959947586,-0.07809263467788696,-0.24763143062591553,-0.06575946509838104,-0.07743889093399048,-0.21568626165390015,-0.07259437441825867,-0.036242127418518066,-0.2672150731086731,-0.012462562881410122,-0.037613093852996826,-0.3374783992767334,-0.04703734070062637,-0.03921830654144287,-0.22045201063156128,-0.05184917524456978,-0.044513165950775146,-0.2079029679298401,-0.049275800585746765,0.006448209285736084,-0.2629092335700989,-0.01591058261692524,0.008886992931365967,-0.33898305892944336,-0.05037786811590195,0.0009080171585083008,-0.2270876169204712,-0.035146672278642654,-0.004284858703613281,-0.2025260329246521,-0.01741204410791397,0.04823923110961914,-0.24826866388320923,-0.022743040695786476,0.05001187324523926,-0.3162151575088501,-0.03989911451935768,0.03872549533843994,-0.237842857837677,-0.025752386078238487,0.03347378969192505,-0.20955216884613037,-0.010860598646104336
0.0,0.0,0.0,-0.07216042280197144,-0.045095205307006836,-0.033166367560625076,-0.13096123933792114,-0.12075906991958618,-0.05246267467737198,-0.1399918794631958,-0.22119104862213135,-0.06986721605062485,-0.09820014238357544,-0.26202070713043213,-0.077926866710186,-0.0793958306312561,-0.26710861921310425,-0.013826793059706688,-0.07794630527496338,-0.34825506806373596,-0.04774504154920578,-0.07799327373504639,-0.24943667650222778,-0.06299450248479843,-0.07724708318710327,-0.21586793661117554,-0.06989134848117828,-0.03549009561538696,-0.2680167555809021,-0.010451206006109715,-0.03676050901412964,-0.3382297456264496,-0.044384587556123734,-0.03933686017990112,-0.22264975309371948,-0.049162521958351135,-0.04423511028289795,-0.20773428678512573,-0.04651157930493355,0.006856679916381836,-0.2640414237976074,-0.014081831090152264,0.009267985820770264,-0.33887147903442383,-0.04822969809174538,0.0005815029144287109,-0.2284199595451355,-0.03354945406317711,-0.004344165325164795,-0.2018330693244934,-0.01612043008208275,0.04866194725036621,-0.249237060546875,-0.02105320617556572,0.05018806457519531,-0.3181379735469818,-0.03812558948993683,0.03813469409942627,-0.23965764045715332,-0.024185040965676308,0.032691776752471924,-0.20878976583480835,-0.009418950416147709
0.0,0.0,0.0,-0.0715705156326294,-0.04468649625778198,-0.0325440987944603,-0.13016045093536377,-0.11960822343826294,-0.051447752863168716,-0.13889563083648682,-0.21959048509597778,-0.06849897652864456,-0.09751486778259277,-0.26050376892089844,-0.07626011222600937,-0.07863527536392212,-0.2656508684158325,-0.01427999697625637,-0.07675641775131226,-0.3471296727657318,-0.04819236323237419,-0.0769990086555481,-0.248893141746521,-0.06350819021463394,-0.07656747102737427,-0.21527671813964844,-0.07048441469669342,-0.03444814682006836,-0.26566261053085327,-0.011322087608277798,-0.03496146202087402,-0.3377129137516022,-0.045215267688035965,-0.037842750549316406,-0.22265565395355225,-0.04993418976664543,-0.042392849922180176,-0.20729070901870728,-0.047322288155555725,0.008123040199279785,-0.26126736402511597,-0.015213401056826115,0.010693252086639404,-0.3364294767379761,-0.049285534769296646,0.0013196468353271484,-0.22650498151779175,-0.034291863441467285,-0.0035152435302734375,-0.20036286115646362,-0.016759220510721207,0.049939095973968506,-0.24626189470291138,-0.02240910194814205,0.051759421825408936,-0.31482529640197754,-0.03941657021641731,0.03907567262649536,-0.23690581321716309,-0.0251045823097229,0.03323405981063843,-0.20664143562316895,-0.010154343210160732
0.0,0.0,0.0,-0.07095962762832642,-0.044112443923950195,-0.033034250140190125,-0.1288142204284668,-0.12144255638122559,-0.05238375812768936,-0.13653159141540527,-0.2210877537727356,-0.06980544328689575,-0.09510666131973267,-0.26177144050598145,-0.07795488089323044,-0.07682943344116211,-0.265761137008667,-0.01576099917292595,-0.07449096441268921,-0.3469357192516327,-0.04988311603665352,-0.07498741149902344,-0.2486361265182495,-0.0647297278046608,-0.07424795627593994,-0.2162603735923767,-0.07129067182540894,-0.0326770544052124,-0.2647773027420044,-0.012712503783404827,-0.03285384178161621,-0.33621180057525635,-0.04704632610082626,-0.03628206253051758,-0.22119230031967163,-0.05117626488208771,-0.040900468826293945,-0.20630240440368652,-0.047935839742422104,0.00978761911392212,-0.2594367265701294,-0.016541587188839912,0.012986063957214355,-0.3345224857330322,-0.05107099190354347,0.003238081932067871,-0.2249181866645813,-0.03585527092218399,-0.0015634894371032715,-0.19927823543548584,-0.01791955903172493,0.05166006088256836,-0.2437373399734497,-0.023670384660363197,0.05373060703277588,-0.31292444467544556,-0.04081293195486069,0.041205763816833496,-0.2358892560005188,-0.026600172743201256,0.035561442375183105,-0.20609933137893677,-0.011624828912317753
0.0,0.0,0.0,-0.07137316465377808,-0.0436476469039917,-0.03181535005569458,-0.1299225091934204,-0.12079370021820068,-0.05028005316853523,-0.1379604935646057,-0.21974754333496094,-0.06685537099838257,-0.09684038162231445,-0.2603055238723755,-0.07407397776842117,-0.07830429077148438,-0.26480478048324585,-0.015201657079160213,-0.07667374610900879,-0.34586504101753235,-0.04945334792137146,-0.07642030715942383,-0.24673086404800415,-0.06453584879636765,-0.07597917318344116,-0.213697612285614,-0.07129943370819092,-0.03422814607620239,-0.26460468769073486,-0.01254204846918583,-0.03505891561508179,-0.3356160819530487,-0.04661722108721733,-0.03752493858337402,-0.21968740224838257,-0.050849784165620804,-0.04225504398345947,-0.20597243309020996,-0.047951485961675644,0.008330106735229492,-0.26008331775665283,-0.016629580408334732,0.010815024375915527,-0.33562251925468445,-0.05086037516593933,0.002021610736846924,-0.22468698024749756,-0.03538999706506729,-0.0023480653762817383,-0.19978314638137817,-0.017554979771375656,0.050477027893066406,-0.24472928047180176,-0.02393282763659954,0.051163554191589355,-0.31208786368370056,-0.04112715646624565,0.039381444454193115,-0.23436713218688965,-0.026901930570602417,0.034561097621917725,-0.2064318060874939,-0.012005170807242393
0.0,0.0,0.0,-0.07073110342025757,-0.044943809509277344,-0.03229488804936409,-0.129194438457489,-0.1220320463180542,-0.05104368180036545,-0.13814878463745117,-0.22098618745803833,-0.06792667508125305,-0.09691351652145386,-0.261354923248291,-0.07541059702634811,-0.07790201902389526,-0.26654481887817383,-0.014829949475824833,-0.07603049278259277,-0.3481115996837616,-0.04888634756207466,-0.0758097767829895,-0.24874860048294067,-0.06401541084051132,-0.07550150156021118,-0.21523630619049072,-0.0708284080028534,-0.03407168388366699,-0.2662879228591919,-0.012014755047857761,-0.03459662199020386,-0.33745694160461426,-0.0461001992225647,-0.03696739673614502,-0.22199201583862305,-0.05073767900466919,-0.04212921857833862,-0.20739930868148804,-0.04808267205953598,0.008258044719696045,-0.26166093349456787,-0.01598399132490158,0.011287152767181396,-0.33842453360557556,-0.049929093569517136,0.0027762651443481445,-0.2285138964653015,-0.03460046648979187,-0.0022369027137756348,-0.20227813720703125,-0.016870345920324326,0.04987376928329468,-0.24631386995315552,-0.023260869085788727,0.051794469356536865,-0.3148156404495239,-0.04023181274533272,0.039911508560180664,-0.2377336025238037,-0.026007838547229767,0.03424417972564697,-0.20829904079437256,-0.011103663593530655
0.0,0.0,0.0,-0.07184332609176636,-0.04513967037200928,-0.032542478293180466,-0.1299746036529541,-0.12194883823394775,-0.0517527312040329,-0.13815343379974365,-0.22269600629806519,-0.06918766349554062,-0.09692460298538208,-0.26436948776245117,-0.07721632719039917,-0.07788944244384766,-0.26643258333206177,-0.01417732983827591,-0.07593929767608643,-0.34865903854370117,-0.048110608011484146,-0.07598930597305298,-0.25040221214294434,-0.0626828521490097,-0.07528287172317505,-0.21626460552215576,-0.06895646452903748,-0.033610522747039795,-0.2668582797050476,-0.011229847557842731,-0.035173773765563965,-0.33838915824890137,-0.045243073254823685,-0.037232160568237305,-0.22242999076843262,-0.04898430034518242,-0.0407024621963501,-0.20750868320465088,-0.0454103909432888,0.00899815559387207,-0.2622499465942383,-0.015267755836248398,0.010164797306060791,-0.33820465207099915,-0.04932485893368721,0.0020824670791625977,-0.2277618646621704,-0.03374391049146652,-0.0010198354721069336,-0.20183175802230835,-0.015619104728102684,0.05135452747344971,-0.2468355894088745,-0.02262343466281891,0.05034828186035156,-0.3152954876422882,-0.039408259093761444,0.039081692695617676,-0.2386346459388733,-0.025150252506136894,0.035479962825775146,-0.20974040031433105,-0.010116413235664368
0.0,0.0,0.0,-0.07126027345657349,-0.04694414138793945,-0.03196454420685768,-0.12942296266555786,-0.12100470066070557,-0.04996507242321968,-0.13793617486953735,-0.22089684009552002,-0.06594149768352509,-0.09688282012939453,-0.2603193521499634,-0.07222025841474533,-0.07707566022872925,-0.2688599228858948,-0.012979189865291119,-0.07526230812072754,-0.3484877049922943,-0.04666564241051674,-0.07562130689620972,-0.24905025959014893,-0.061639077961444855,-0.07588410377502441,-0.21764260530471802,-0.06826866418123245,-0.03310894966125488,-0.2676469087600708,-0.010000188834965229,-0.03405362367630005,-0.3383706212043762,-0.04340376332402229,-0.036810219287872314,-0.22165215015411377,-0.04763247072696686,-0.04129594564437866,-0.20970964431762695,-0.04461486637592316,0.009148895740509033,-0.26186585426330566,-0.01390634011477232,0.010995268821716309,-0.3371564447879791,-0.04713449999690056,0.0022983551025390625,-0.22683054208755493,-0.03139731287956238,-0.0015409588813781738,-0.20329385995864868,-0.013367338106036186,0.05062401294708252,-0.24503690004348755,-0.021132254973053932,0.05124002695083618,-0.3131466507911682,-0.03692073002457619,0.03967219591140747,-0.2373773455619812,-0.021943440660834312,0.0350804328918457,-0.21011966466903687,-0.006507727317512035
0.0,0.0,0.0,-0.07071751356124878,-0.04495316743850708,-0.03227502480149269,-0.1289660930633545,-0.12304919958114624,-0.05049409344792366,-0.1376262903213501,-0.22302746772766113,-0.06685451418161392,-0.09621566534042358,-0.2621834874153137,-0.07374908775091171,-0.07600772380828857,-0.2665306329727173,-0.013750959187746048,-0.07490026950836182,-0.3482362926006317,-0.0482713058590889,-0.07506757974624634,-0.24829202890396118,-0.06365547329187393,-0.07427364587783813,-0.21811676025390625,-0.07063526660203934,-0.032206833362579346,-0.2653617262840271,-0.010813156142830849,-0.034010469913482666,-0.3369469940662384,-0.04545890539884567,-0.036782801151275635,-0.22035664319992065,-0.04983072355389595,-0.04093080759048462,-0.2086108922958374,-0.046664223074913025,0.009881198406219482,-0.260120689868927,-0.014861834235489368,0.011491060256958008,-0.3371609151363373,-0.049249377101659775,0.00279390811920166,-0.22629916667938232,-0.03350754454731941,-0.000704646110534668,-0.20198428630828857,-0.015162321738898754,0.05128079652786255,-0.24476850032806396,-0.022250773385167122,0.05194765329360962,-0.3133935332298279,-0.03909553214907646,0.04016280174255371,-0.23658108711242676,-0.02471727505326271,0.03578287363052368,-0.20835423469543457,-0.009551893919706345
0.0,0.0,0.0,-0.07186800241470337,-0.0485994815826416,-0.03361015021800995,-0.1292405128479004,-0.12363213300704956,-0.053467974066734314,-0.13751959800720215,-0.2236749529838562,-0.07118050009012222,-0.09580796957015991,-0.26341378688812256,-0.07944688946008682,-0.07699859142303467,-0.27120429277420044,-0.015170933678746223,-0.0748797059059143,-0.3503239154815674,-0.049662329256534576,-0.0747002363204956,-0.2512529492378235,-0.06564683467149734,-0.07460695505142212,-0.21639984846115112,-0.07282257825136185,-0.032675862312316895,-0.27050840854644775,-0.011424709111452103,-0.03325587511062622,-0.3407975733280182,-0.04569053649902344,-0.035410523414611816,-0.22407448291778564,-0.0512714684009552,-0.04085046052932739,-0.2077503204345703,-0.04926697909832001,0.009944617748260498,-0.2649534344673157,-0.014499801211059093,0.01286536455154419,-0.33869776129722595,-0.04845023900270462,0.003954052925109863,-0.22833311557769775,-0.03405759483575821,-0.001877129077911377,-0.20078045129776,-0.016956424340605736,0.051738619804382324,-0.24820679426193237,-0.02091626264154911,0.053832292556762695,-0.316900372505188,-0.037343211472034454,0.041777729988098145,-0.23938286304473877,-0.023052822798490524,0.035545170307159424,-0.2087329626083374,-0.008163804188370705
0.0,0.0,0.0,-0.07137501239776611,-0.045981526374816895,-0.0334952287375927,-0.12927597761154175,-0.12393194437026978,-0.0530586875975132,-0.13766592741012573,-0.22499626874923706,-0.07064542919397354,-0.09609317779541016,-0.26607465744018555,-0.07887706160545349,-0.07709497213363647,-0.2683553099632263,-0.014657430350780487,-0.07498419284820557,-0.34974709153175354,-0.04926404356956482,-0.0752682089805603,-0.2502506971359253,-0.06516502797603607,-0.0747879147529602,-0.21571344137191772,-0.07241117209196091,-0.03290283679962158,-0.26794666051864624,-0.011290193535387516,-0.03321981430053711,-0.3395530879497528,-0.04573029279708862,-0.036014556884765625,-0.22323006391525269,-0.05090317502617836,-0.04135805368423462,-0.20710206031799316,-0.048495788127183914,0.009514331817626953,-0.2628287076950073,-0.014915640465915203,0.013199985027313232,-0.33896589279174805,-0.049495648592710495,0.0038582682609558105,-0.22823172807693481,-0.034978050738573074,-0.0018718838691711426,-0.20050251483917236,-0.01759573444724083,0.05125749111175537,-0.24695253372192383,-0.021898774430155754,0.053893446922302246,-0.3153696060180664,-0.03933293744921684,0.041388869285583496,-0.2377258539199829,-0.02567060850560665,0.034882962703704834,-0.2072468400001526,-0.01110065821558237
0.0,0.0,0.0,-0.07191276550292969,-0.047259747982025146,-0.034086424857378006,-0.1297568678855896,-0.12390345335006714,-0.05392962694168091,-0.13841748237609863,-0.22450369596481323,-0.07164185494184494,-0.09698444604873657,-0.2655736804008484,-0.07986176013946533,-0.07790142297744751,-0.2708386778831482,-0.01475287601351738,-0.07528501749038696,-0.35104718804359436,-0.04947679489850998,-0.0755205750465393,-0.25153684616088867,-0.065498486161232,-0.075481116771698,-0.21697008609771729,-0.07268990576267242,-0.033543169498443604,-0.27017414569854736,-0.0109179662540555,-0.033671021461486816,-0.3407236337661743,-0.04558270797133446,-0.03627634048461914,-0.22406041622161865,-0.0511210598051548,-0.041752517223358154,-0.20826506614685059,-0.048865653574466705,0.009175360202789307,-0.2651435136795044,-0.014112534932792187,0.012489795684814453,-0.3395457863807678,-0.04862595349550247,0.0033186674118041992,-0.22882038354873657,-0.034427396953105927,-0.0023896098136901855,-0.20187222957611084,-0.017207641154527664,0.05105483531951904,-0.2496778964996338,-0.020698243752121925,0.05350273847579956,-0.3177748918533325,-0.03760237991809845,0.04108095169067383,-0.23995524644851685,-0.023717742413282394,0.03475087881088257,-0.2095898985862732,-0.008991810493171215
0.0,0.0,0.0,-0.07163721323013306,-0.04541897773742676,-0.03409627079963684,-0.1296200156211853,-0.12330329418182373,-0.05423998832702637,-0.1386486291885376,-0.22387969493865967,-0.07241646945476532,-0.09702378511428833,-0.26457124948501587,-0.0813867375254631,-0.0774385929107666,-0.26712459325790405,-0.01595948077738285,-0.07368671894073486,-0.34873589873313904,-0.05086386203765869,-0.07547003030776978,-0.2502867579460144,-0.06662030518054962,-0.07561194896697998,-0.21480649709701538,-0.07368244975805283,-0.0329928994178772,-0.266369104385376,-0.012443169951438904,-0.032418012619018555,-0.3381268382072449,-0.047411732375621796,-0.03655660152435303,-0.2229253649711609,-0.052430275827646255,-0.04156982898712158,-0.20587658882141113,-0.04974193125963211,0.009603619575500488,-0.2615235447883606,-0.01596401073038578,0.013127684593200684,-0.336604505777359,-0.05092264711856842,0.0026504993438720703,-0.22704708576202393,-0.036598652601242065,-0.002676725387573242,-0.1995539665222168,-0.019208818674087524,0.05145972967147827,-0.2461841106414795,-0.022873222827911377,0.053657352924346924,-0.31506112217903137,-0.04040505364537239,0.04034608602523804,-0.23743736743927002,-0.02681228704750538,0.03403705358505249,-0.20587801933288574,-0.012283055111765862
0.0,0.0,0.0,-0.07245182991027832,-0.04897665977478027,-0.033485375344753265,-0.1310560703277588,-0.12873119115829468,-0.05305133014917374,-0.13916224241256714,-0.22907990217208862,-0.07066985219717026,-0.09661990404129028,-0.2687774896621704,-0.07868572324514389,-0.0764421820640564,-0.27413201332092285,-0.013941283337771893,-0.07596153020858765,-0.3535058796405792,-0.048910606652498245,-0.0763862133026123,-0.25197720527648926,-0.06524582207202911,-0.07554227113723755,-0.2208539843559265,-0.07285910844802856,-0.03282409906387329,-0.2719392776489258,-0.010460851714015007,-0.03448665142059326,-0.3425765335559845,-0.04582320898771286,-0.03751343488693237,-0.2243221402168274,-0.05169449746608734,-0.04251223802566528,-0.211419939994812,-0.04957672581076622,0.009398460388183594,-0.2660413980484009,-0.013991832733154297,0.012244760990142822,-0.34403330087661743,-0.048417288810014725,0.0032716989517211914,-0.23281371593475342,-0.03379984200000763,-0.0015383362770080566,-0.20750576257705688,-0.016316350549459457,0.05111396312713623,-0.2505701780319214,-0.0209561325609684,0.05312943458557129,-0.3195525109767914,-0.03734758868813515,0.04123795032501221,-0.24262642860412598,-0.02333088032901287,0.03636360168457031,-0.21417224407196045,-0.008574130944907665
0.0,0.0,0.0,-0.0729132890701294,-0.04934978485107422,-0.033243149518966675,-0.13155794143676758,-0.12890613079071045,-0.05278054252266884,-0.13951784372329712,-0.22925370931625366,-0.07034817337989807,-0.09703004360198975,-0.26920682191848755,-0.07825156301259995,-0.07672536373138428,-0.2741350531578064,-0.014009683392941952,-0.07637554407119751,-0.3536834418773651,-0.04913051426410675,-0.07678937911987305,-0.25208860635757446,-0.06553652137517929,-0.07570183277130127,-0.22071850299835205,-0.07315688580274582,-0.03306376934051514,-0.2720767855644226,-0.010567840188741684,-0.035105109214782715,-0.3427916169166565,-0.0458887480199337,-0.03788179159164429,-0.22450107336044312,-0.05149693414568901,-0.042355358600616455,-0.21124792098999023,-0.04919729009270668,0.009103357791900635,-0.26644694805145264,-0.014133856631815434,0.011409223079681396,-0.3445684611797333,-0.04842401295900345,0.0027031898498535156,-0.2331387996673584,-0.033497389405965805,-0.0015845894813537598,-0.20746231079101562,-0.015813853591680527,0.05084705352783203,-0.25114279985427856,-0.021134939044713974,0.05221116542816162,-0.3199760317802429,-0.03748339042067528,0.040550172328948975,-0.24314188957214355,-0.023363031446933746,0.03614044189453125,-0.21476829051971436,-0.008477463386952877
0.0,0.0,0.0,-0.07404863834381104,-0.052445828914642334,-0.03311450406908989,-0.132421612739563,-0.1299838423728943,-0.05158906802535057,-0.1405329704284668,-0.22928261756896973,-0.06752742826938629,-0.09874171018600464,-0.26844102144241333,-0.07338159531354904,-0.0774068832397461,-0.27852123975753784,-0.014932401478290558,-0.07701396942138672,-0.35748744010925293,-0.048894986510276794,-0.07675385475158691,-0.2547449469566345,-0.06478840857744217,-0.07648968696594238,-0.2250232696533203,-0.07237060368061066,-0.03418862819671631,-0.27662718296051025,-0.0110591109842062,-0.0350150465965271,-0.34832391142845154,-0.04411489889025688,-0.037713468074798584,-0.22753512859344482,-0.049727268517017365,-0.0436023473739624,-0.21744364500045776,-0.04851386696100235,0.008007287979125977,-0.2707090377807617,-0.013885930180549622,0.011899113655090332,-0.3499356806278229,-0.04636937752366066,0.003173232078552246,-0.23637771606445312,-0.03130476921796799,-0.002941727638244629,-0.21221470832824707,-0.014530535787343979,0.0493122935295105,-0.25387394428253174,-0.02015780843794346,0.05213087797164917,-0.32260000705718994,-0.03530973568558693,0.04034632444381714,-0.24471592903137207,-0.020518478006124496,0.03419715166091919,-0.21668654680252075,-0.005763970781117678
0.0,0.0,0.0,-0.07374489307403564,-0.052636146545410156,-0.03333651274442673,-0.13215738534927368,-0.12924331426620483,-0.052194785326719284,-0.13943588733673096,-0.22730481624603271,-0.06838832050561905,-0.09737628698348999,-0.2654764652252197,-0.07447542995214462,-0.07682698965072632,-0.2776678800582886,-0.016098544001579285,-0.076357901096344,-0.35485368967056274,-0.050615113228559494,-0.07674258947372437,-0.2528241276741028,-0.06691554933786392,-0.07640153169631958,-0.2229023575782776,-0.07471760362386703,-0.033258020877838135,-0.2754611372947693,-0.012199170887470245,-0.03439629077911377,-0.3468378186225891,-0.046223171055316925,-0.03721165657043457,-0.22650480270385742,-0.05218854174017906,-0.04218560457229614,-0.2151908278465271,-0.051095474511384964,0.008988797664642334,-0.26941078901290894,-0.01492275856435299,0.012090325355529785,-0.34742727875709534,-0.04780534282326698,0.003041505813598633,-0.23452240228652954,-0.03284163773059845,-0.002141714096069336,-0.21030163764953613,-0.01608629897236824,0.050805747509002686,-0.25176548957824707,-0.021093839779496193,0.0522916316986084,-0.32076674699783325,-0.036115795373916626,0.040577828884124756,-0.24307119846343994,-0.021179771050810814,0.03513598442077637,-0.21529871225357056,-0.006344018038362265
0.0,0.0,0.0,-0.07306945323944092,-0.05215036869049072,-0.03201679512858391,-0.13108420372009277,-0.13133227825164795,-0.05062498897314072,-0.13906532526016235,-0.23151755332946777,-0.06735792756080627,-0.09698665142059326,-0.27018165588378906,-0.07434036582708359,-0.07520520687103271,-0.27573031187057495,-0.012962430715560913,-0.07551097869873047,-0.35626083612442017,-0.04708045348525047,-0.07571828365325928,-0.25406861305236816,-0.06295309215784073,-0.07438653707504272,-0.222589910030365,-0.07041843235492706,-0.03224289417266846,-0.2735987901687622,-0.010015931911766529,-0.03349757194519043,-0.34630879759788513,-0.04350503534078598,-0.036934852600097656,-0.22684818506240845,-0.04873518645763397,-0.04212111234664917,-0.2149544358253479,-0.046879347413778305,0.009474754333496094,-0.2676313519477844,-0.013907580636441708,0.013385772705078125,-0.3481711745262146,-0.046648990362882614,0.0040547847747802734,-0.23618698120117188,-0.031141439452767372,-0.0014369487762451172,-0.21018576622009277,-0.013826013542711735,0.0505450963973999,-0.25099706649780273,-0.021233823150396347,0.05403536558151245,-0.3206217586994171,-0.036713555455207825,0.04119211435317993,-0.2436366081237793,-0.022006068378686905,0.034972965717315674,-0.21467655897140503,-0.007186413276940584
0.0,0.0,0.0,-0.07254397869110107,-0.05139148235321045,-0.033286552876234055,-0.13149398565292358,-0.12881600856781006,-0.05202585458755493,-0.14018791913986206,-0.22883248329162598,-0.06848035752773285,-0.09790271520614624,-0.26814669370651245,-0.07496217638254166,-0.07717239856719971,-0.27519261837005615,-0.014234587550163269,-0.07665640115737915,-0.35636404156684875,-0.04849889501929283,-0.07665026187896729,-0.25345802307128906,-0.06429362297058105,-0.07618570327758789,-0.2239423394203186,-0.07170666009187698,-0.03322213888168335,-0.27316081523895264,-0.010452495887875557,-0.03537803888320923,-0.34470441937446594,-0.04439951479434967,-0.03738081455230713,-0.225213885307312,-0.049460601061582565,-0.042003333568573,-0.2146030068397522,-0.047310758382081985,0.009274601936340332,-0.2678802013397217,-0.013615080155432224,0.011522889137268066,-0.34741532802581787,-0.04680510237812996,0.003571927547454834,-0.23500096797943115,-0.031406283378601074,-0.0006661415100097656,-0.21086502075195312,-0.013885965570807457,0.05080771446228027,-0.25275009870529175,-0.020251261070370674,0.05231595039367676,-0.32257336378097534,-0.03578657656908035,0.04081302881240845,-0.24542391300201416,-0.021065399050712585,0.03613382577896118,-0.21722358465194702,-0.006033195182681084
0.0,0.0,0.0,-0.07230329513549805,-0.051345884799957275,-0.03361958637833595,-0.1313619613647461,-0.12808960676193237,-0.052109722048044205,-0.1401004195213318,-0.22762519121170044,-0.06805869191884995,-0.09809213876724243,-0.26746875047683716,-0.07392112910747528,-0.07759016752243042,-0.2752562165260315,-0.015217346139252186,-0.07643139362335205,-0.35589954257011414,-0.049108993262052536,-0.07667350769042969,-0.2529923915863037,-0.06420537829399109,-0.0766751766204834,-0.22408777475357056,-0.07113251090049744,-0.033472657203674316,-0.2731168270111084,-0.011205773800611496,-0.034973978996276855,-0.3438546061515808,-0.04471326246857643,-0.037405967712402344,-0.22456854581832886,-0.04942823946475983,-0.0424882173538208,-0.21498632431030273,-0.047131843864917755,0.009204208850860596,-0.2679978609085083,-0.014102188870310783,0.011728227138519287,-0.3456710875034332,-0.047149404883384705,0.0035428404808044434,-0.2333199381828308,-0.03198083117604256,-0.0011731386184692383,-0.21065711975097656,-0.014659848064184189,0.05074572563171387,-0.2531147003173828,-0.020453736186027527,0.05257272720336914,-0.3224971890449524,-0.03592367470264435,0.04140228033065796,-0.24557894468307495,-0.021294208243489265,0.03657466173171997,-0.2179872989654541,-0.006337613333016634
0.0,0.0,0.0,-0.07233977317810059,-0.05184739828109741,-0.03283904865384102,-0.13084661960601807,-0.12876391410827637,-0.05158010870218277,-0.1390988826751709,-0.2284606695175171,-0.06813183426856995,-0.09681874513626099,-0.267000675201416,-0.07481573522090912,-0.07660889625549316,-0.2749503254890442,-0.014394118450582027,-0.07583063840866089,-0.35570818185806274,-0.04837307706475258,-0.07637476921081543,-0.25353556871414185,-0.06359840929508209,-0.07609224319458008,-0.22370433807373047,-0.07054946571588516,-0.032867252826690674,-0.2723315954208374,-0.011012912727892399,-0.03452587127685547,-0.34355252981185913,-0.04462394118309021,-0.03725838661193848,-0.2248297929763794,-0.04930657148361206,-0.042121291160583496,-0.2137637734413147,-0.046933673322200775,0.009402811527252197,-0.2666282653808594,-0.014507482759654522,0.012042582035064697,-0.3458811342716217,-0.047599680721759796,0.003429710865020752,-0.2340226173400879,-0.03203519061207771,-0.0014225244522094727,-0.20928895473480225,-0.0144268237054348,0.050700366497039795,-0.2506299614906311,-0.021416572853922844,0.052827417850494385,-0.32149484753608704,-0.03698503226041794,0.04082769155502319,-0.24433636665344238,-0.022042209282517433,0.035343825817108154,-0.21514123678207397,-0.006838612258434296
0.0,0.0,0.0,-0.07174044847488403,-0.05056494474411011,-0.03377320244908333,-0.1302003264427185,-0.12725168466567993,-0.05311821028590202,-0.13877952098846436,-0.22596514225006104,-0.0700637474656105,-0.09687143564224243,-0.2655376195907593,-0.07713323831558228,-0.07690554857254028,-0.2767731547355652,-0.015598049387335777,-0.07578879594802856,-0.35563260316848755,-0.050188299268484116,-0.07577663660049438,-0.2535775303840637,-0.06589631736278534,-0.07545745372772217,-0.22394931316375732,-0.07306213676929474,-0.03310602903366089,-0.27376049757003784,-0.011857693083584309,-0.03421652317047119,-0.34339192509651184,-0.045948706567287445,-0.03684014081954956,-0.224848210811615,-0.05092618241906166,-0.042144954204559326,-0.2147383689880371,-0.04864631965756416,0.009421288967132568,-0.2673381567001343,-0.015043249353766441,0.012438058853149414,-0.3428812623023987,-0.04876043274998665,0.003604412078857422,-0.23126208782196045,-0.03361203894019127,-0.001722872257232666,-0.2087612748146057,-0.016154807060956955,0.05103832483291626,-0.2510044574737549,-0.021640799939632416,0.053380489349365234,-0.3200269937515259,-0.037420306354761124,0.041506826877593994,-0.24217331409454346,-0.022434620186686516,0.0359044075012207,-0.21414083242416382,-0.0071438574232161045
0.0,0.0,0.0,-0.07033735513687134,-0.0523453950881958,-0.034423310309648514,-0.13133710622787476,-0.13225245475769043,-0.05276680737733841,-0.14072197675704956,-0.23208105564117432,-0.06817974895238876,-0.09729015827178955,-0.26757270097732544,-0.07338742166757584,-0.07663023471832275,-0.2781314253807068,-0.018321320414543152,-0.07558703422546387,-0.3584555983543396,-0.0507667176425457,-0.07858991622924805,-0.253879189491272,-0.06330160051584244,-0.0791628360748291,-0.2315426468849182,-0.06922738254070282,-0.032906532287597656,-0.27611035108566284,-0.014238533563911915,-0.03387653827667236,-0.34663689136505127,-0.04727889597415924,-0.04012596607208252,-0.22715651988983154,-0.050139542669057846,-0.045587778091430664,-0.22275131940841675,-0.046833477914333344,0.00968468189239502,-0.26929575204849243,-0.016933593899011612,0.012248814105987549,-0.34722816944122314,-0.049471672624349594,0.0018930435180664062,-0.2358168363571167,-0.03319878131151199,-0.003110170364379883,-0.2170003056526184,-0.01563773863017559,0.050511062145233154,-0.2535146474838257,-0.02321491576731205,0.05291140079498291,-0.32057487964630127,-0.03899233788251877,0.039879441261291504,-0.24387478828430176,-0.024645114317536354,0.03385424613952637,-0.21751922369003296,-0.010246479883790016
0.0,0.0,0.0,-0.07037907838821411,-0.04963278770446777,-0.035102080553770065,-0.13016653060913086,-0.12992018461227417,-0.0550733357667923,-0.13912713527679443,-0.2297513484954834,-0.0723012387752533,-0.09623700380325317,-0.2673053741455078,-0.07950665801763535,-0.07627087831497192,-0.2745620012283325,-0.02031945064663887,-0.0749395489692688,-0.35533803701400757,-0.05436733737587929,-0.07602888345718384,-0.25132668018341064,-0.06769625842571259,-0.07578438520431519,-0.22634226083755493,-0.07375719398260117,-0.03221052885055542,-0.2722487449645996,-0.016193708404898643,-0.03358423709869385,-0.34248086810112,-0.050914961844682693,-0.037687480449676514,-0.2229851484298706,-0.054146844893693924,-0.042755067348480225,-0.21661251783370972,-0.050734665244817734,0.010608553886413574,-0.2658189535140991,-0.018863504752516747,0.013298511505126953,-0.3444918692111969,-0.052813876420259476,0.00421518087387085,-0.23244553804397583,-0.03633224219083786,-0.00042814016342163086,-0.2122480869293213,-0.01820792444050312,0.05143022537231445,-0.2504339814186096,-0.025111578404903412,0.05411410331726074,-0.31771713495254517,-0.04182516783475876,0.042226433753967285,-0.24123358726501465,-0.027754804119467735,0.037033677101135254,-0.215315580368042,-0.013286629691720009
0.0,0.0,0.0,-0.07145637273788452,-0.048707783222198486,-0.035127364099025726,-0.13137584924697876,-0.1282057762145996,-0.05554880574345589,-0.14027374982833862,-0.22739768028259277,-0.07316575944423676,-0.09743434190750122,-0.2675522565841675,-0.0807071253657341,-0.07712095975875854,-0.2746526598930359,-0.021447306498885155,-0.07553303241729736,-0.35556459426879883,-0.05569170042872429,-0.07634317874908447,-0.25150036811828613,-0.06930869817733765,-0.07642340660095215,-0.22415876388549805,-0.07546307146549225,-0.03300410509109497,-0.2723822593688965,-0.017178378999233246,-0.03440499305725098,-0.34258565306663513,-0.05186823755502701,-0.03787541389465332,-0.22231924533843994,-0.055506303906440735,-0.04315310716629028,-0.21405524015426636,-0.05257159844040871,0.00991201400756836,-0.2665627598762512,-0.019533533602952957,0.012981653213500977,-0.34585243463516235,-0.05340023711323738,0.004050850868225098,-0.23273247480392456,-0.03703024983406067,-0.0011593103408813477,-0.21062171459197998,-0.019162947311997414,0.05082494020462036,-0.25151991844177246,-0.02540862374007702,0.053958773612976074,-0.31959351897239685,-0.04217981547117233,0.041982054710388184,-0.24202650785446167,-0.0280016902834177,0.03643441200256348,-0.21504509449005127,-0.013497536070644855
0.0,0.0,0.0,-0.07030630111694336,-0.05303698778152466,-0.03494670242071152,-0.13083499670028687,-0.13184034824371338,-0.054101429879665375,-0.14048826694488525,-0.23232483863830566,-0.07036451995372772,-0.09647995233535767,-0.26786619424819946,-0.0764344185590744,-0.07626104354858398,-0.27888911962509155,-0.018352361395955086,-0.0750688910484314,-0.35930871963500977,-0.05108993500471115,-0.07826107740402222,-0.2549968957901001,-0.0638500452041626,-0.07922637462615967,-0.23124617338180542,-0.06973828375339508,-0.03266853094100952,-0.276488721370697,-0.014077040366828442,-0.03361070156097412,-0.3465498387813568,-0.047342151403427124,-0.03959834575653076,-0.22759485244750977,-0.05061821639537811,-0.04544568061828613,-0.22245103120803833,-0.04749112203717232,0.009936511516571045,-0.26932191848754883,-0.016618940979242325,0.012363791465759277,-0.3477934002876282,-0.04927303269505501,0.002430737018585205,-0.23673999309539795,-0.033202726393938065,-0.0028691887855529785,-0.21668726205825806,-0.015675123780965805,0.05066102743148804,-0.2532060146331787,-0.022759731858968735,0.05312865972518921,-0.32144269347190857,-0.038462620228528976,0.0403822660446167,-0.24474084377288818,-0.02396111749112606,0.03428637981414795,-0.2171311378479004,-0.009349025785923004
0.0,0.0,0.0,-0.07036083936691284,-0.04905891418457031,-0.03373607620596886,-0.1305915117263794,-0.13149583339691162,-0.053526852279901505,-0.14077305793762207,-0.23107320070266724,-0.07092832773923874,-0.09817445278167725,-0.26884156465530396,-0.07839342206716537,-0.07488089799880981,-0.2733808755874634,-0.019905922934412956,-0.07405281066894531,-0.3557707667350769,-0.05377033352851868,-0.07573997974395752,-0.2516590356826782,-0.0665462464094162,-0.07531476020812988,-0.22687560319900513,-0.07229799032211304,-0.031139612197875977,-0.2717357277870178,-0.01637442037463188,-0.03359001874923706,-0.34307414293289185,-0.051356472074985504,-0.03733813762664795,-0.2235180139541626,-0.0539047010242939,-0.04161107540130615,-0.216749906539917,-0.04982130974531174,0.011684894561767578,-0.26569873094558716,-0.019503239542245865,0.013103485107421875,-0.3461458384990692,-0.05296708270907402,0.004828035831451416,-0.23394227027893066,-0.0355876125395298,0.00132066011428833,-0.21388721466064453,-0.01693369634449482,0.052732229232788086,-0.25102686882019043,-0.026157155632972717,0.05403733253479004,-0.31902191042900085,-0.04253234341740608,0.04227554798126221,-0.24243372678756714,-0.028294211253523827,0.03817862272262573,-0.21713894605636597,-0.01372800674289465
0.0,0.0,0.0,-0.07161051034927368,-0.04818373918533325,-0.03266070783138275,-0.13034451007843018,-0.12849950790405273,-0.05098120495676994,-0.13970345258712769,-0.22859501838684082,-0.06716302782297134,-0.09769326448440552,-0.2669945955276489,-0.07352066040039062,-0.07779198884963989,-0.27103257179260254,-0.015852220356464386,-0.07518404722213745,-0.35478731989860535,-0.04905792325735092,-0.07575482130050659,-0.25324368476867676,-0.06246921047568321,-0.0762985348701477,-0.22426044940948486,-0.06844177097082138,-0.033666014671325684,-0.2697029709815979,-0.012457247823476791,-0.034247517585754395,-0.3419855535030365,-0.046188775449991226,-0.03714179992675781,-0.22460246086120605,-0.04982553794980049,-0.04270517826080322,-0.21518296003341675,-0.04665578529238701,0.009136319160461426,-0.26480990648269653,-0.01578553393483162,0.011825501918792725,-0.3433174192905426,-0.048931222409009933,0.003466188907623291,-0.23237478733062744,-0.03290940821170807,-0.0013214349746704102,-0.21058613061904907,-0.015073499642312527,0.050376296043395996,-0.2507619261741638,-0.022486703470349312,0.05288773775100708,-0.3186614513397217,-0.03869715705513954,0.040938615798950195,-0.24216067790985107,-0.02457275055348873,0.03562819957733154,-0.21561050415039062,-0.01005503349006176
0.0,0.0,0.0,-0.07187438011169434,-0.05151534080505371,-0.032725539058446884,-0.13080835342407227,-0.1297154426574707,-0.0513836145401001,-0.14021962881088257,-0.22844529151916504,-0.0678967833518982,-0.09886765480041504,-0.2683974504470825,-0.07447640597820282,-0.07557797431945801,-0.2736135721206665,-0.015198108740150928,-0.07550162076950073,-0.35450199246406555,-0.04905974864959717,-0.07548552751541138,-0.251678466796875,-0.06378654390573502,-0.07506543397903442,-0.22346776723861694,-0.0705275908112526,-0.03218483924865723,-0.27131712436676025,-0.011742895469069481,-0.034548819065093994,-0.3413819670677185,-0.04605375602841377,-0.03666168451309204,-0.22262954711914062,-0.0506107322871685,-0.04118829965591431,-0.21304231882095337,-0.04800189286470413,0.010100126266479492,-0.26544713973999023,-0.015024455264210701,0.012278258800506592,-0.3455922603607178,-0.04843714460730553,0.004510700702667236,-0.2336510419845581,-0.03229409083724022,0.0003158450126647949,-0.21025407314300537,-0.014194108545780182,0.05099385976791382,-0.2502075433731079,-0.021724602207541466,0.05320382118225098,-0.3198406994342804,-0.037621453404426575,0.04142284393310547,-0.24338865280151367,-0.022784816101193428,0.036579430103302,-0.21606773138046265,-0.007549698930233717
0.0,0.0,0.0,-0.07214099168777466,-0.05315876007080078,-0.03262223303318024,-0.13000935316085815,-0.13282591104507446,-0.050999607890844345,-0.1382567286491394,-0.23265749216079712,-0.06727658212184906,-0.09623229503631592,-0.27035605907440186,-0.0735839232802391,-0.07384765148162842,-0.276114821434021,-0.013921931385993958,-0.07449191808700562,-0.3578227758407593,-0.04859193041920662,-0.07465606927871704,-0.2544292211532593,-0.06437432765960693,-0.07334160804748535,-0.2238789200782776,-0.07157032936811447,-0.030989348888397217,-0.27319395542144775,-0.01067003421485424,-0.03264415264129639,-0.34528064727783203,-0.04461228847503662,-0.03566199541091919,-0.22525227069854736,-0.04938434436917305,-0.04006105661392212,-0.215168297290802,-0.04694866016507149,0.010817468166351318,-0.2673153281211853,-0.014403000473976135,0.01390928030014038,-0.3466450572013855,-0.04761941358447075,0.005133509635925293,-0.23437875509262085,-0.03193916752934456,0.0008063316345214844,-0.21078228950500488,-0.014207955449819565,0.05201137065887451,-0.25080955028533936,-0.02162165194749832,0.05469459295272827,-0.320489764213562,-0.037082280963659286,0.04247802495956421,-0.24351048469543457,-0.022157009690999985,0.03715658187866211,-0.21529704332351685,-0.006986701395362616
0.0,0.0,0.0,-0.07198041677474976,-0.05353963375091553,-0.03242413327097893,-0.13010168075561523,-0.13277584314346313,-0.05065767094492912,-0.13851642608642578,-0.23134338855743408,-0.06680238991975784,-0.0969853401184082,-0.2690722942352295,-0.07305515557527542,-0.07471722364425659,-0.2759879231452942,-0.0146917924284935,-0.0746685266494751,-0.3578508496284485,-0.04892788082361221,-0.07496947050094604,-0.2536919116973877,-0.06449167430400848,-0.07433086633682251,-0.22376281023025513,-0.07175014168024063,-0.03176069259643555,-0.27298498153686523,-0.011543704196810722,-0.03274816274642944,-0.34478527307510376,-0.04508301243185997,-0.03601187467575073,-0.2244754433631897,-0.050008028745651245,-0.041178107261657715,-0.2151086926460266,-0.048042114824056625,0.010290801525115967,-0.26691263914108276,-0.015178266912698746,0.014362037181854248,-0.346863716840744,-0.048219550400972366,0.005242288112640381,-0.2339688539505005,-0.03247649222612381,-0.00017786026000976562,-0.20984971523284912,-0.014974434860050678,0.051213085651397705,-0.25041043758392334,-0.02225717157125473,0.05511254072189331,-0.3197990357875824,-0.03799426555633545,0.04262953996658325,-0.24235248565673828,-0.023084886372089386,0.0364421010017395,-0.2137708067893982,-0.008037651889026165
0.0,0.0,0.0,-0.0728042721748352,-0.05550450086593628,-0.03287345916032791,-0.13061577081680298,-0.13266372680664062,-0.05081364884972572,-0.13907086849212646,-0.23190933465957642,-0.06628621369600296,-0.09798139333724976,-0.2699611783027649,-0.07149747759103775,-0.07538557052612305,-0.27967125177383423,-0.0138691496104002,-0.07629722356796265,-0.3584982454776764,-0.046932484954595566,-0.07638317346572876,-0.2554280161857605,-0.06197727844119072,-0.07676470279693604,-0.22547286748886108,-0.06888879835605621,-0.03322106599807739,-0.27764075994491577,-0.00995725393295288,-0.0343250036239624,-0.3469897508621216,-0.0422569215297699,-0.03697890043258667,-0.22675037384033203,-0.04755067080259323,-0.042690932750701904,-0.2180517315864563,-0.045968201011419296,0.008699178695678711,-0.27060866355895996,-0.012740186415612698,0.011835336685180664,-0.3479838967323303,-0.04454602673649788,0.0039743781089782715,-0.23606646060943604,-0.029550455510616302,-0.0020138025283813477,-0.21239948272705078,-0.012730277143418789,0.04972296953201294,-0.25289326906204224,-0.019003337249159813,0.05291873216629028,-0.3208366334438324,-0.033779654651880264,0.04168671369552612,-0.24528270959854126,-0.01902124099433422,0.03545480966567993,-0.21781647205352783,-0.004107786808162928
0.0,0.0,0.0,-0.07280057668685913,-0.054035186767578125,-0.03365693613886833,-0.13034522533416748,-0.13231563568115234,-0.05211835354566574,-0.13792496919631958,-0.2311587929725647,-0.06769461929798126,-0.09704697132110596,-0.2690814733505249,-0.07297343015670776,-0.07475727796554565,-0.27987170219421387,-0.017597708851099014,-0.07472258806228638,-0.3568171262741089,-0.05036088451743126,-0.07494872808456421,-0.253567636013031,-0.06450109928846359,-0.07581418752670288,-0.2248244285583496,-0.07104536890983582,-0.0322490930557251,-0.2780033349990845,-0.0133414501324296,-0.03354322910308838,-0.34593862295150757,-0.04574758559465408,-0.03622919321060181,-0.22506308555603027,-0.05043037235736847,-0.041726112365722656,-0.21731692552566528,-0.04873006418347359,0.009784519672393799,-0.27140599489212036,-0.015510722063481808,0.01282966136932373,-0.3479459881782532,-0.04743150994181633,0.004418134689331055,-0.23476499319076538,-0.031868912279605865,-0.0014940500259399414,-0.2119932770729065,-0.014989841729402542,0.0508078932762146,-0.25350892543792725,-0.021162249147892,0.05353027582168579,-0.3209978938102722,-0.036257851868867874,0.04207038879394531,-0.24427390098571777,-0.021421100944280624,0.03587430715560913,-0.21726149320602417,-0.006632841192185879
0.0,0.0,0.0,-0.07285916805267334,-0.056059837341308594,-0.0327049158513546,-0.13009554147720337,-0.13269191980361938,-0.05052897706627846,-0.13796722888946533,-0.2316693663597107,-0.06581760942935944,-0.09702533483505249,-0.2701030969619751,-0.0708865076303482,-0.0747871994972229,-0.2803839445114136,-0.013712746091187,-0.07509130239486694,-0.3578259348869324,-0.04674869775772095,-0.07557296752929688,-0.2549325227737427,-0.061941541731357574,-0.07620406150817871,-0.2252071499824524,-0.06899493932723999,-0.03248995542526245,-0.27809059619903564,-0.009915363043546677,-0.03342759609222412,-0.3470182418823242,-0.04253996163606644,-0.036335289478302,-0.22642594575881958,-0.04828957840800285,-0.042032063007354736,-0.21751683950424194,-0.046965669840574265,0.009475648403167725,-0.2709525227546692,-0.012721169739961624,0.01252073049545288,-0.3478192090988159,-0.044830936938524246,0.0042877197265625,-0.23494064807891846,-0.029864206910133362,-0.0016942620277404785,-0.21137940883636475,-0.013017979450523853,0.05051618814468384,-0.2526324391365051,-0.01895136386156082,0.05337691307067871,-0.32091960310935974,-0.0338333323597908,0.041771650314331055,-0.24397790431976318,-0.018773503601551056,0.035409390926361084,-0.21627622842788696,-0.0036262336652725935
0.0,0.0,0.0,-0.07265466451644897,-0.05158156156539917,-0.03181779384613037,-0.1298743486404419,-0.13146865367889404,-0.05006234720349312,-0.13698738813400269,-0.23107540607452393,-0.06628791242837906,-0.09591072797775269,-0.26933467388153076,-0.0728033185005188,-0.07419794797897339,-0.27584558725357056,-0.013604878447949886,-0.07433009147644043,-0.3555202782154083,-0.047287002205848694,-0.07451790571212769,-0.25465893745422363,-0.0625918060541153,-0.0735243558883667,-0.22304779291152954,-0.06961528956890106,-0.031231164932250977,-0.27362680435180664,-0.010584352537989616,-0.03299981355667114,-0.344645619392395,-0.04378657042980194,-0.0358542799949646,-0.22618192434310913,-0.04843995347619057,-0.04014873504638672,-0.21423333883285522,-0.0460539236664772,0.010463833808898926,-0.2674540877342224,-0.014301344752311707,0.013392508029937744,-0.34535014629364014,-0.04690791666507721,0.004511475563049316,-0.23394036293029785,-0.0312788300216198,0.00022709369659423828,-0.2091730833053589,-0.013776972889900208,0.05176675319671631,-0.2498093843460083,-0.021375812590122223,0.05401676893234253,-0.31947678327560425,-0.03683062270283699,0.04182446002960205,-0.2425333857536316,-0.021991673856973648,0.036802470684051514,-0.2141721248626709,-0.006917627528309822
0.0,0.0,0.0,-0.07233357429504395,-0.05414968729019165,-0.032838959246873856,-0.13016068935394287,-0.13237667083740234,-0.05110403522849083,-0.13847851753234863,-0.23276859521865845,-0.06712169945240021,-0.09650623798370361,-0.27026116847991943,-0.07310836762189865,-0.07450401782989502,-0.27755653858184814,-0.013539728708565235,-0.07542800903320312,-0.3574381470680237,-0.047908030450344086,-0.0752076506614685,-0.2547144889831543,-0.06416365504264832,-0.07451510429382324,-0.2237432599067688,-0.07172805070877075,-0.03186148405075073,-0.27493661642074585,-0.009936094284057617,-0.033572614192962646,-0.34630972146987915,-0.043266184628009796,-0.03620648384094238,-0.2260962724685669,-0.04873986914753914,-0.041381657123565674,-0.21542882919311523,-0.04704628139734268,0.009864330291748047,-0.2687233090400696,-0.013254478573799133,0.01296389102935791,-0.3472256660461426,-0.04589730501174927,0.004471719264984131,-0.23558562994003296,-0.03095371462404728,-0.000995337963104248,-0.21070975065231323,-0.013907907530665398,0.050884902477264404,-0.2518864870071411,-0.020081233233213425,0.053752005100250244,-0.32108885049819946,-0.03516708314418793,0.0419696569442749,-0.24524223804473877,-0.02048034407198429,0.035833120346069336,-0.21649086475372314,-0.005581369157880545
0.0,0.0,0.0,-0.07076162099838257,-0.049836039543151855,-0.03273536264896393,-0.1292034387588501,-0.12792366743087769,-0.051304593682289124,-0.13783657550811768,-0.22750860452651978,-0.06776338070631027,-0.09581875801086426,-0.266692578792572,-0.07455376535654068,-0.07566016912460327,-0.27234673500061035,-0.014603516086935997,-0.07385909557342529,-0.35366731882095337,-0.04789482057094574,-0.07485634088516235,-0.2529398798942566,-0.06217676401138306,-0.07509052753448486,-0.22315460443496704,-0.06866724044084549,-0.031658053398132324,-0.27062344551086426,-0.01133094821125269,-0.032913267612457275,-0.3411726951599121,-0.04469269514083862,-0.03652125597000122,-0.22458845376968384,-0.048769015818834305,-0.04166853427886963,-0.2141243815422058,-0.04592030867934227,0.010783016681671143,-0.26460033655166626,-0.01490098424255848,0.013042092323303223,-0.3411366045475006,-0.04804009944200516,0.003937780857086182,-0.2310052514076233,-0.03240378573536873,-0.0006864070892333984,-0.20763695240020752,-0.014714755117893219,0.0521429181098938,-0.24845612049102783,-0.021838843822479248,0.05354118347167969,-0.3173861503601074,-0.0380031019449234,0.04154360294342041,-0.24088001251220703,-0.023565899580717087,0.03674185276031494,-0.2128574252128601,-0.00865386612713337
