0.0,0.0,0.0,-0.07947683334350586,-0.03287684917449951,-0.029208537191152573,-0.14885163307189941,-0.108570396900177,-0.04508666321635246,-0.20530498027801514,-0.16728323698043823,-0.059193916618824005,-0.25257769227027893,-0.19974815845489502,-0.07271936535835266,-0.1033468246459961,-0.318920373916626,-0.013237245380878448,-0.1301221251487732,-0.43356478214263916,-0.02464466355741024,-0.1438812017440796,-0.5048980116844177,-0.03956466168165207,-0.1548677682876587,-0.5712350606918335,-0.0533553846180439,-0.05781960487365723,-0.3511328101158142,-0.015683824196457863,-0.06669193506240845,-0.48779526352882385,-0.022817978635430336,-0.06975829601287842,-0.575142502784729,-0.03585091605782509,-0.0727655291557312,-0.6494023203849792,-0.04815560579299927,-0.01304548978805542,-0.3429926633834839,-0.02301488257944584,-0.009618699550628662,-0.4653640389442444,-0.03449758514761925,-0.006726384162902832,-0.5455308556556702,-0.05093527212738991,-0.006076455116271973,-0.6165000200271606,-0.06425400823354721,0.029977738857269287,-0.30789345502853394,-0.033649761229753494,0.049150168895721436,-0.40200868248939514,-0.04558240994811058,0.0629570484161377,-0.4643590748310089,-0.05470985546708107,0.07351398468017578,-0.5247739553451538,-0.06240212917327881
0.0,0.0,0.0,-0.07792168855667114,-0.03809523582458496,-0.028897235170006752,-0.14700806140899658,-0.11805206537246704,-0.044117219746112823,-0.2046375274658203,-0.17690181732177734,-0.05853521078824997,-0.25207361578941345,-0.20578408241271973,-0.07263391464948654,-0.10240280628204346,-0.3262140154838562,-0.010263415984809399,-0.12958890199661255,-0.4400116205215454,-0.022296493873000145,-0.1427099108695984,-0.5097299814224243,-0.03763730078935623,-0.15326595306396484,-0.5752529501914978,-0.05152304843068123,-0.056223154067993164,-0.3573707342147827,-0.013607016764581203,-0.06601846218109131,-0.49300438165664673,-0.020682543516159058,-0.06995707750320435,-0.5792434811592102,-0.032560765743255615,-0.07450073957443237,-0.6515122652053833,-0.043870676308870316,-0.011312663555145264,-0.3482074737548828,-0.02248574234545231,-0.008914947509765625,-0.47444450855255127,-0.03384161368012428,-0.0065215229988098145,-0.5538373589515686,-0.04852543771266937,-0.006592690944671631,-0.624908447265625,-0.06038379296660423,0.0314868688583374,-0.3119879364967346,-0.03498898446559906,0.0504191517829895,-0.40605753660202026,-0.046548981219530106,0.06393319368362427,-0.47002220153808594,-0.05492618680000305,0.07439601421356201,-0.5334689021110535,-0.06199405714869499
0.0,0.0,0.0,-0.08033281564712524,-0.03171664476394653,-0.027970746159553528,-0.14822977781295776,-0.10694015026092529,-0.04379526898264885,-0.20478969812393188,-0.16477954387664795,-0.05812343209981918,-0.2526860237121582,-0.196047842502594,-0.07188563048839569,-0.10381573438644409,-0.3171331286430359,-0.012921800836920738,-0.1305605173110962,-0.4320940375328064,-0.02421797811985016,-0.14444226026535034,-0.5027754306793213,-0.03863941505551338,-0.1563907265663147,-0.5686309933662415,-0.05193466320633888,-0.058027803897857666,-0.34894198179244995,-0.016112159937620163,-0.06751614809036255,-0.489336222410202,-0.024115782231092453,-0.0704309344291687,-0.579116940498352,-0.03738398477435112,-0.07451272010803223,-0.6555809378623962,-0.049457184970378876,-0.01334834098815918,-0.3409777879714966,-0.02401670627295971,-0.011116445064544678,-0.4657956063747406,-0.03659026697278023,-0.009369432926177979,-0.547457754611969,-0.05362968519330025,-0.010480761528015137,-0.6190178394317627,-0.06680154800415039,0.029684245586395264,-0.30749601125717163,-0.03496386110782623,0.04805022478103638,-0.40561309456825256,-0.047259051352739334,0.0615001916885376,-0.46995389461517334,-0.056582674384117126,0.07158154249191284,-0.5313400030136108,-0.06423886865377426
0.0,0.0,0.0,-0.08031868934631348,-0.03191268444061279,-0.027609962970018387,-0.14860039949417114,-0.10744339227676392,-0.04319262504577637,-0.20658552646636963,-0.16535663604736328,-0.057512201368808746,-0.2561286389827728,-0.19444549083709717,-0.07134570926427841,-0.10468870401382446,-0.3186274766921997,-0.01150356512516737,-0.13237833976745605,-0.4344768226146698,-0.022739050909876823,-0.14668643474578857,-0.5065227150917053,-0.03747633099555969,-0.15857362747192383,-0.5744898915290833,-0.051132719963788986,-0.05939757823944092,-0.3509426712989807,-0.014793016016483307,-0.06887286901473999,-0.492594838142395,-0.02217845618724823,-0.07150983810424805,-0.5834560990333557,-0.0352226197719574,-0.07522743940353394,-0.6612653732299805,-0.04732493311166763,-0.015082776546478271,-0.34344929456710815,-0.02285972610116005,-0.013264477252960205,-0.4696321189403534,-0.03450096398591995,-0.011131107807159424,-0.5520430207252502,-0.05095238983631134,-0.012127995491027832,-0.6238143444061279,-0.0639435425400734,0.027851641178131104,-0.3104734420776367,-0.03411344066262245,0.046339213848114014,-0.40828749537467957,-0.04539383202791214,0.05985349416732788,-0.47260817885398865,-0.05418700724840164,0.06995809078216553,-0.5334520936012268,-0.06165427714586258
0.0,0.0,0.0,-0.07949364185333252,-0.03297281265258789,-0.027832360938191414,-0.1471080183982849,-0.10725075006484985,-0.04423113539814949,-0.20506447553634644,-0.164892315864563,-0.0594409815967083,-0.25458651781082153,-0.19529616832733154,-0.07406480610370636,-0.10462343692779541,-0.32106155157089233,-0.011960203759372234,-0.13176029920578003,-0.43814846873283386,-0.02356860600411892,-0.14614731073379517,-0.5095638036727905,-0.03840353712439537,-0.1580449938774109,-0.5763183832168579,-0.05196079611778259,-0.05876040458679199,-0.35271120071411133,-0.015309012494981289,-0.06818360090255737,-0.4944947361946106,-0.023161938413977623,-0.0709536075592041,-0.5850279331207275,-0.03646492213010788,-0.0747496485710144,-0.6625922918319702,-0.04873521625995636,-0.014322817325592041,-0.3443233370780945,-0.023440076038241386,-0.01228034496307373,-0.47015637159347534,-0.03559057042002678,-0.010075092315673828,-0.550794780254364,-0.05205834284424782,-0.011134326457977295,-0.6214148998260498,-0.06494966149330139,0.028233349323272705,-0.3104742169380188,-0.034700557589530945,0.04655498266220093,-0.4078409671783447,-0.046136900782585144,0.06024056673049927,-0.47143369913101196,-0.054785873740911484,0.07054758071899414,-0.5323321223258972,-0.0621161088347435
0.0,0.0,0.0,-0.07828480005264282,-0.03318995237350464,-0.028382211923599243,-0.14656293392181396,-0.10905176401138306,-0.04463433474302292,-0.20487335324287415,-0.16736054420471191,-0.05942662060260773,-0.25402331352233887,-0.1978657841682434,-0.07347886264324188,-0.10378605127334595,-0.32285600900650024,-0.012955726124346256,-0.13046932220458984,-0.4402858316898346,-0.02527109906077385,-0.14436417818069458,-0.5131415128707886,-0.040262915194034576,-0.15585649013519287,-0.58107590675354,-0.05376091226935387,-0.05799603462219238,-0.35382288694381714,-0.015813039615750313,-0.06645631790161133,-0.49472302198410034,-0.02458319067955017,-0.06869429349899292,-0.5853028297424316,-0.03776645287871361,-0.07234954833984375,-0.6613152027130127,-0.0494973286986351,-0.012750804424285889,-0.3448367118835449,-0.02348293550312519,-0.01027911901473999,-0.46939998865127563,-0.036050379276275635,-0.007690787315368652,-0.5523769855499268,-0.051970887929201126,-0.008166670799255371,-0.6239527463912964,-0.0640890896320343,0.03059983253479004,-0.3108992576599121,-0.034359000623226166,0.049363672733306885,-0.4099879562854767,-0.045944418758153915,0.06300252676010132,-0.4761565923690796,-0.05426378175616264,0.07346010208129883,-0.5379091501235962,-0.061016153544187546
0.0,0.0,0.0,-0.08041965961456299,-0.03687167167663574,-0.02832862362265587,-0.1489911675453186,-0.11592185497283936,-0.0440375991165638,-0.206973135471344,-0.17629843950271606,-0.058759789913892746,-0.2562475800514221,-0.207536518573761,-0.07288078218698502,-0.10468888282775879,-0.332527220249176,-0.00968717597424984,-0.13082081079483032,-0.4525144696235657,-0.021501827985048294,-0.14509475231170654,-0.5261198282241821,-0.03690183535218239,-0.15689212083816528,-0.5949949622154236,-0.05083530396223068,-0.05813753604888916,-0.3631187677383423,-0.01312149129807949,-0.06697601079940796,-0.5034075975418091,-0.020329639315605164,-0.07057839632034302,-0.5946805477142334,-0.033452555537223816,-0.07537287473678589,-0.6719458699226379,-0.045748937875032425,-0.012763679027557373,-0.35344964265823364,-0.021770931780338287,-0.010024726390838623,-0.4781039357185364,-0.03298058360815048,-0.009309589862823486,-0.5565578937530518,-0.048649560660123825,-0.011674284934997559,-0.6260759830474854,-0.06119281426072121,0.0301971435546875,-0.31762540340423584,-0.03391788527369499,0.049614906311035156,-0.4155258238315582,-0.04519813135266304,0.06318938732147217,-0.4812741279602051,-0.053816769272089005,0.0739629864692688,-0.5453715920448303,-0.061089228838682175
0.0,0.0,0.0,-0.07898271083831787,-0.035758137702941895,-0.028870828449726105,-0.14805632829666138,-0.11712527275085449,-0.04423149302601814,-0.20568111538887024,-0.1780300736427307,-0.05834260582923889,-0.25402694940567017,-0.20934277772903442,-0.07211422175168991,-0.10331308841705322,-0.33346378803253174,-0.011643311940133572,-0.13054120540618896,-0.4541170299053192,-0.024739548563957214,-0.14507347345352173,-0.5296506881713867,-0.04081588611006737,-0.15651744604110718,-0.5998591184616089,-0.05503365024924278,-0.05607837438583374,-0.36375218629837036,-0.014852031134068966,-0.06466895341873169,-0.5043617486953735,-0.02305864356458187,-0.06780904531478882,-0.5958669185638428,-0.03640533238649368,-0.07142364978790283,-0.6722157597541809,-0.04871492087841034,-0.010426938533782959,-0.3534485101699829,-0.023285549134016037,-0.0055525898933410645,-0.47680193185806274,-0.03529559448361397,-0.003744661808013916,-0.5572062134742737,-0.0511501245200634,-0.0047446489334106445,-0.6280580163002014,-0.06378466635942459,0.03259474039077759,-0.31675517559051514,-0.03521246463060379,0.05306464433670044,-0.4141426086425781,-0.047211650758981705,0.06716293096542358,-0.4795367419719696,-0.05588933452963829,0.07807344198226929,-0.543279767036438,-0.06311386078596115
0.0,0.0,0.0,-0.08012044429779053,-0.03731662034988403,-0.02990490198135376,-0.14905989170074463,-0.1138308048248291,-0.0475628525018692,-0.20627069473266602,-0.17335325479507446,-0.06346112489700317,-0.25430822372436523,-0.20766127109527588,-0.07871665805578232,-0.10214567184448242,-0.331249475479126,-0.01589515060186386,-0.12918901443481445,-0.4527514576911926,-0.02943716011941433,-0.1438860297203064,-0.5274146199226379,-0.045485883951187134,-0.15616589784622192,-0.5975398421287537,-0.05974014848470688,-0.05584263801574707,-0.3617100119590759,-0.01901872456073761,-0.0646626353263855,-0.5034304261207581,-0.028657864779233932,-0.06839317083358765,-0.5955654382705688,-0.04326654225587845,-0.07277500629425049,-0.6742279529571533,-0.056280117481946945,-0.010923266410827637,-0.35153311491012573,-0.02702373079955578,-0.00727534294128418,-0.475962370634079,-0.040489569306373596,-0.005015909671783447,-0.5596088171005249,-0.05799565464258194,-0.005511224269866943,-0.6335599422454834,-0.07166769355535507,0.03141838312149048,-0.31544673442840576,-0.038335204124450684,0.05192077159881592,-0.413751482963562,-0.05187232047319412,0.06640934944152832,-0.48065951466560364,-0.061946235597133636,0.0775449275970459,-0.5456276535987854,-0.06997472047805786
0.0,0.0,0.0,-0.07941210269927979,-0.03620690107345581,-0.028370656073093414,-0.14924198389053345,-0.11576241254806519,-0.04450700804591179,-0.20718806982040405,-0.17578041553497314,-0.05910738557577133,-0.25520193576812744,-0.2089095115661621,-0.07317255437374115,-0.1028253436088562,-0.3330879807472229,-0.013975581154227257,-0.1307615041732788,-0.45514604449272156,-0.027250075712800026,-0.14592593908309937,-0.5305004119873047,-0.04306911304593086,-0.1581861972808838,-0.6005383133888245,-0.05708147585391998,-0.05664795637130737,-0.36345893144607544,-0.01743244007229805,-0.06613260507583618,-0.5060858726501465,-0.026445167139172554,-0.06981754302978516,-0.5977530479431152,-0.0402904637157917,-0.07392477989196777,-0.6752483248710632,-0.052716322243213654,-0.011398017406463623,-0.35308200120925903,-0.02575559727847576,-0.007564723491668701,-0.4789753556251526,-0.03878243640065193,-0.004813015460968018,-0.5630711317062378,-0.05559181421995163,-0.004708230495452881,-0.6368902325630188,-0.06876561790704727,0.031119883060455322,-0.31622016429901123,-0.037295110523700714,0.051635563373565674,-0.4148998260498047,-0.05041046068072319,0.0664072036743164,-0.48199254274368286,-0.059924639761447906,0.07797789573669434,-0.5466961860656738,-0.0675642117857933
0.0,0.0,0.0,-0.07928043603897095,-0.03632056713104248,-0.02880827896296978,-0.14802855253219604,-0.1136777400970459,-0.04538900405168533,-0.20518279075622559,-0.17325538396835327,-0.06037978455424309,-0.25334590673446655,-0.20568323135375977,-0.07483305037021637,-0.1030951738357544,-0.33018994331359863,-0.0143088074401021,-0.13121730089187622,-0.4511150121688843,-0.027453936636447906,-0.14613652229309082,-0.5259377956390381,-0.04316651076078415,-0.15797042846679688,-0.5954982042312622,-0.05713730305433273,-0.05726104974746704,-0.36139804124832153,-0.017742564901709557,-0.06703740358352661,-0.5037640929222107,-0.026782657951116562,-0.07048851251602173,-0.5955796241760254,-0.04066768288612366,-0.07385903596878052,-0.6730412244796753,-0.05305635184049606,-0.012154936790466309,-0.3517035245895386,-0.026066841557621956,-0.00798487663269043,-0.4780685305595398,-0.0391899012029171,-0.005119442939758301,-0.5623815059661865,-0.05627061799168587,-0.004783153533935547,-0.6358808279037476,-0.06955481320619583,0.03056567907333374,-0.31513267755508423,-0.03760943561792374,0.05125069618225098,-0.4133199453353882,-0.050747986882925034,0.06600719690322876,-0.4804803729057312,-0.060341376811265945,0.07766991853713989,-0.5449648499488831,-0.06799990683794022
0.0,0.0,0.0,-0.07984018325805664,-0.03751325607299805,-0.029709430411458015,-0.14855509996414185,-0.11373144388198853,-0.04726226627826691,-0.20593291521072388,-0.17338097095489502,-0.06309039145708084,-0.25470685958862305,-0.2064046859741211,-0.07831788063049316,-0.10321158170700073,-0.3313731551170349,-0.015515412203967571,-0.1305484175682068,-0.4531945586204529,-0.028466014191508293,-0.14506709575653076,-0.5279653668403625,-0.04392784833908081,-0.15678709745407104,-0.5980777740478516,-0.057905614376068115,-0.05692088603973389,-0.3617808222770691,-0.018635842949151993,-0.06621617078781128,-0.503498375415802,-0.02835756354033947,-0.06984013319015503,-0.5949204564094543,-0.04298051819205284,-0.07387226819992065,-0.6732357740402222,-0.05594789609313011,-0.011857271194458008,-0.3513607978820801,-0.02656196989119053,-0.008481204509735107,-0.47647321224212646,-0.04041101783514023,-0.006275475025177002,-0.5603398084640503,-0.05829889327287674,-0.006725966930389404,-0.6346563100814819,-0.07213864475488663,0.030647873878479004,-0.31506311893463135,-0.037677101790905,0.05109280347824097,-0.4128049612045288,-0.0514213889837265,0.06551152467727661,-0.47943955659866333,-0.061765432357788086,0.07680606842041016,-0.5444728136062622,-0.07000180333852768
0.0,0.0,0.0,-0.08001643419265747,-0.03764289617538452,-0.029814932495355606,-0.14951729774475098,-0.11595529317855835,-0.04663390293717384,-0.20734339952468872,-0.1762201189994812,-0.061965614557266235,-0.2554653584957123,-0.20916342735290527,-0.07671671360731125,-0.10382342338562012,-0.33277636766433716,-0.013478442095220089,-0.13128966093063354,-0.4548836350440979,-0.02729918248951435,-0.1459653377532959,-0.5307851433753967,-0.04384241998195648,-0.15768182277679443,-0.601239800453186,-0.058323752135038376,-0.05706757307052612,-0.36433589458465576,-0.01651570200920105,-0.06645935773849487,-0.5054765343666077,-0.025584813207387924,-0.07017505168914795,-0.5973325371742249,-0.03962358832359314,-0.07427000999450684,-0.6747185587882996,-0.05227797478437424,-0.011598646640777588,-0.354972243309021,-0.024752257391810417,-0.007655680179595947,-0.4792083501815796,-0.0373869389295578,-0.006190121173858643,-0.5619586706161499,-0.053843092173337936,-0.007290363311767578,-0.6345850825309753,-0.06684242188930511,0.03146237134933472,-0.3188685178756714,-0.03650882467627525,0.0521550178527832,-0.41609323024749756,-0.048892661929130554,0.06661802530288696,-0.4817115068435669,-0.05787216126918793,0.0780380368232727,-0.5451804399490356,-0.06520438194274902
0.0,0.0,0.0,-0.07971161603927612,-0.036404430866241455,-0.02924164943397045,-0.14890313148498535,-0.11576944589614868,-0.04544254392385483,-0.20673269033432007,-0.17659145593643188,-0.06033013015985489,-0.25526878237724304,-0.2082720398902893,-0.07469658553600311,-0.10373246669769287,-0.3334650993347168,-0.012151281349360943,-0.13078957796096802,-0.4551255702972412,-0.02515552192926407,-0.1450555920600891,-0.5306932926177979,-0.04111221060156822,-0.15622246265411377,-0.6011757254600525,-0.05531240627169609,-0.056713640689849854,-0.3651477098464966,-0.015296838246285915,-0.06579744815826416,-0.5076268911361694,-0.023826437070965767,-0.06896942853927612,-0.6000140905380249,-0.03755522891879082,-0.07285875082015991,-0.6776686906814575,-0.05005829781293869,-0.010932087898254395,-0.3554149866104126,-0.02359803207218647,-0.00685197114944458,-0.48024070262908936,-0.03604002296924591,-0.005088329315185547,-0.5618592500686646,-0.05246127024292946,-0.006088614463806152,-0.6331677436828613,-0.06536997109651566,0.03213685750961304,-0.3189186453819275,-0.035368021577596664,0.05277818441390991,-0.41640716791152954,-0.04774042218923569,0.06719392538070679,-0.4823223948478699,-0.05686766654253006,0.07851499319076538,-0.5462804436683655,-0.06431575864553452
0.0,0.0,0.0,-0.07974517345428467,-0.036344707012176514,-0.029721582308411598,-0.14946353435516357,-0.11539697647094727,-0.04670198634266853,-0.2073492407798767,-0.17552787065505981,-0.06195715442299843,-0.2553917169570923,-0.20921558141708374,-0.07665092498064041,-0.10287785530090332,-0.3336573839187622,-0.015178220346570015,-0.1309574842453003,-0.4552013576030731,-0.028516395017504692,-0.14553898572921753,-0.5306159257888794,-0.04433755204081535,-0.15713393688201904,-0.6007164716720581,-0.05845385044813156,-0.055901408195495605,-0.3645872473716736,-0.01829584129154682,-0.06488782167434692,-0.507364809513092,-0.027925770729780197,-0.06861615180969238,-0.5996776223182678,-0.04222334921360016,-0.07309204339981079,-0.6777496337890625,-0.05493911728262901,-0.010335206985473633,-0.353975772857666,-0.026332944631576538,-0.006170988082885742,-0.478877991437912,-0.03988679125905037,-0.003927111625671387,-0.5627583861351013,-0.05709239840507507,-0.0045212507247924805,-0.637073278427124,-0.07048787921667099,0.032105863094329834,-0.3167140483856201,-0.037669796496629715,0.05269980430603027,-0.4146818518638611,-0.051153846085071564,0.06719708442687988,-0.4814710021018982,-0.0609244704246521,0.07846587896347046,-0.5465476512908936,-0.06872750073671341
0.0,0.0,0.0,-0.07868629693984985,-0.036467552185058594,-0.02925485000014305,-0.14812082052230835,-0.11584097146987915,-0.04603412374854088,-0.2060762643814087,-0.1749611496925354,-0.06120932847261429,-0.25349706411361694,-0.20757627487182617,-0.07584568113088608,-0.10146403312683105,-0.33295637369155884,-0.014997475780546665,-0.12880325317382812,-0.45466697216033936,-0.02896939404308796,-0.14357507228851318,-0.5290376543998718,-0.045269060879945755,-0.1554807424545288,-0.5979368686676025,-0.059498898684978485,-0.05508702993392944,-0.36360669136047363,-0.018066618591547012,-0.06383037567138672,-0.5044999122619629,-0.027657801285386086,-0.06767541170120239,-0.5961408615112305,-0.041886333376169205,-0.07202255725860596,-0.6739391088485718,-0.05461592972278595,-0.009934961795806885,-0.35348838567733765,-0.02611031010746956,-0.005260884761810303,-0.47887176275253296,-0.03931482881307602,-0.002835571765899658,-0.561707079410553,-0.05636115372180939,-0.0031540989875793457,-0.634752094745636,-0.0697653666138649,0.032289326190948486,-0.31652581691741943,-0.03746665641665459,0.053195178508758545,-0.4147160053253174,-0.050740163773298264,0.06788849830627441,-0.4813351035118103,-0.06058194860816002,0.07940125465393066,-0.5456202030181885,-0.06848576664924622
0.0,0.0,0.0,-0.07864910364151001,-0.035807907581329346,-0.028473760932683945,-0.14836794137954712,-0.11663556098937988,-0.04432773217558861,-0.2067083716392517,-0.17653316259384155,-0.05876525864005089,-0.2544379234313965,-0.20788341760635376,-0.07264865189790726,-0.10194772481918335,-0.333961546421051,-0.012548868544399738,-0.12941324710845947,-0.454391211271286,-0.02553786151111126,-0.14411211013793945,-0.5285336375236511,-0.0413251630961895,-0.15606749057769775,-0.5967509746551514,-0.05531703308224678,-0.055273354053497314,-0.36527615785598755,-0.015996556729078293,-0.06456929445266724,-0.5065662860870361,-0.024373367428779602,-0.06835323572158813,-0.597369909286499,-0.03776052966713905,-0.07252222299575806,-0.6735344529151917,-0.04998509958386421,-0.009785056114196777,-0.3554215431213379,-0.02449120581150055,-0.005420207977294922,-0.4811938405036926,-0.036607399582862854,-0.002993285655975342,-0.5641104578971863,-0.052855558693408966,-0.003118157386779785,-0.637474775314331,-0.06592101603746414,0.032633841037750244,-0.3181292414665222,-0.03636479750275612,0.053393661975860596,-0.4150649309158325,-0.048702459782361984,0.06805419921875,-0.4810650944709778,-0.05783751234412193,0.07963919639587402,-0.5453448295593262,-0.06540556997060776
0.0,0.0,0.0,-0.07916051149368286,-0.03626668453216553,-0.028255918994545937,-0.14896005392074585,-0.11781531572341919,-0.04376484081149101,-0.2067921757698059,-0.17663931846618652,-0.058013755828142166,-0.2543336749076843,-0.20776498317718506,-0.07195185124874115,-0.10143834352493286,-0.3336911201477051,-0.012777884490787983,-0.1287553310394287,-0.4547576606273651,-0.026453303173184395,-0.14364856481552124,-0.5293329358100891,-0.04274209588766098,-0.15600347518920898,-0.597542405128479,-0.056899189949035645,-0.05437874794006348,-0.36395055055618286,-0.016521280631422997,-0.06324398517608643,-0.5045359134674072,-0.025328529998660088,-0.06707513332366943,-0.5953418016433716,-0.03914317488670349,-0.07109147310256958,-0.6710056066513062,-0.051698796451091766,-0.008935630321502686,-0.35385674238204956,-0.025357158854603767,-0.00404047966003418,-0.4786067008972168,-0.03782134875655174,-0.0018118023872375488,-0.5609650611877441,-0.05437474325299263,-0.0020386576652526855,-0.6335233449935913,-0.06766369938850403,0.0335850715637207,-0.31687986850738525,-0.037572670727968216,0.05438542366027832,-0.4144999384880066,-0.050275932997465134,0.06887054443359375,-0.4805212616920471,-0.05963665619492531,0.08010011911392212,-0.5446075201034546,-0.06736546009778976
0.0,0.0,0.0,-0.08059513568878174,-0.036771953105926514,-0.029225502163171768,-0.15010499954223633,-0.11562854051589966,-0.045911479741334915,-0.20827189087867737,-0.17419874668121338,-0.06109251827001572,-0.2559557557106018,-0.20761168003082275,-0.07563426345586777,-0.1019514799118042,-0.3325433135032654,-0.013459403067827225,-0.1295994520187378,-0.4547150433063507,-0.02686004899442196,-0.14453178644180298,-0.5294142961502075,-0.043068889528512955,-0.15669971704483032,-0.5986485481262207,-0.05728038772940636,-0.055472373962402344,-0.363761305809021,-0.01655537076294422,-0.06471800804138184,-0.5047410726547241,-0.02519206702709198,-0.06887155771255493,-0.5965780019760132,-0.0393092967569828,-0.07331579923629761,-0.6741001009941101,-0.052086204290390015,-0.010232269763946533,-0.35450106859207153,-0.024716148152947426,-0.0064719319343566895,-0.47943001985549927,-0.036855582147836685,-0.005101442337036133,-0.5616563558578491,-0.05354509875178337,-0.006267428398132324,-0.6340857744216919,-0.06691291928291321,0.032073140144348145,-0.3187543749809265,-0.036307286471128464,0.05274301767349243,-0.41588473320007324,-0.04868965223431587,0.06725472211837769,-0.48143523931503296,-0.05808393657207489,0.07867264747619629,-0.5449751615524292,-0.065761998295784
0.0,0.0,0.0,-0.08096224069595337,-0.03647106885910034,-0.029647979885339737,-0.151775062084198,-0.1160927414894104,-0.04564916715025902,-0.21065855026245117,-0.17551416158676147,-0.060224711894989014,-0.25881674885749817,-0.20856809616088867,-0.07419352233409882,-0.10360437631607056,-0.3357715606689453,-0.011567818000912666,-0.1312294602394104,-0.4579201340675354,-0.024256132543087006,-0.1457453966140747,-0.5334211587905884,-0.040146321058273315,-0.15742701292037964,-0.6035703420639038,-0.05427448824048042,-0.0560951828956604,-0.36746102571487427,-0.014589984901249409,-0.06444376707077026,-0.5075288414955139,-0.022256311029195786,-0.06784331798553467,-0.5987544059753418,-0.03573143482208252,-0.07169759273529053,-0.6751934885978699,-0.0482325479388237,-0.010359644889831543,-0.35826951265335083,-0.02299993857741356,-0.005541861057281494,-0.48190975189208984,-0.03495855629444122,-0.003910481929779053,-0.5642474889755249,-0.05164350941777229,-0.004905998706817627,-0.6373640298843384,-0.0650646835565567,0.03252071142196655,-0.3220144510269165,-0.03497080132365227,0.05430197715759277,-0.4180506467819214,-0.047522686421871185,0.06931936740875244,-0.48273995518684387,-0.057104237377643585,0.08103287220001221,-0.5462905168533325,-0.0649886280298233
0.0,0.0,0.0,-0.08024775981903076,-0.03702950477600098,-0.029616588726639748,-0.15001600980758667,-0.11590945720672607,-0.04648558050394058,-0.20904061198234558,-0.17504429817199707,-0.06182042136788368,-0.2575001120567322,-0.2078869342803955,-0.07657031714916229,-0.10274595022201538,-0.33604830503463745,-0.0137276416644454,-0.13021636009216309,-0.4592105746269226,-0.02699008397758007,-0.14481747150421143,-0.5348663330078125,-0.04312586039304733,-0.15647315979003906,-0.6053050756454468,-0.057437773793935776,-0.055524587631225586,-0.3674689531326294,-0.01681702211499214,-0.06413203477859497,-0.5099544525146484,-0.025481976568698883,-0.06732213497161865,-0.6023523807525635,-0.03958060219883919,-0.07116687297821045,-0.6803426742553711,-0.052394431084394455,-0.009677588939666748,-0.3573154807090759,-0.025008803233504295,-0.004957854747772217,-0.48277658224105835,-0.03746882453560829,-0.0023998022079467773,-0.5658753514289856,-0.05452021583914757,-0.0029301047325134277,-0.6390429735183716,-0.06807157397270203,0.03299611806869507,-0.32028448581695557,-0.03662603721022606,0.05428963899612427,-0.41822582483291626,-0.049351997673511505,0.06919890642166138,-0.4843987226486206,-0.05896880477666855,0.0807526707649231,-0.5487319827079773,-0.06679856032133102
0.0,0.0,0.0,-0.08039134740829468,-0.03694981336593628,-0.029702693223953247,-0.14989137649536133,-0.11487668752670288,-0.04729583486914635,-0.20789042115211487,-0.17391878366470337,-0.06340546160936356,-0.256486713886261,-0.20625919103622437,-0.07899926602840424,-0.10209709405899048,-0.33527058362960815,-0.015134597197175026,-0.12941843271255493,-0.45819950103759766,-0.029148830100893974,-0.14391136169433594,-0.533871054649353,-0.04578794538974762,-0.15544086694717407,-0.6040496826171875,-0.06033819541335106,-0.05467188358306885,-0.36604177951812744,-0.018373671919107437,-0.0625988245010376,-0.5077216625213623,-0.027544058859348297,-0.06554186344146729,-0.5990798473358154,-0.04180397465825081,-0.06905066967010498,-0.6762897372245789,-0.05474431440234184,-0.008740663528442383,-0.35551995038986206,-0.02661019191145897,-0.003771066665649414,-0.4803553819656372,-0.039106111973524094,-0.0016545653343200684,-0.5625180602073669,-0.055585362017154694,-0.002495110034942627,-0.6345440745353699,-0.0688195675611496,0.033861756324768066,-0.3179163932800293,-0.03830640763044357,0.055525362491607666,-0.41580116748809814,-0.0507558211684227,0.07051801681518555,-0.4812721014022827,-0.05976267158985138,0.0821685791015625,-0.5445342659950256,-0.06715642660856247
0.0,0.0,0.0,-0.08047842979431152,-0.03522324562072754,-0.031276635825634,-0.14971721172332764,-0.11302965879440308,-0.04953048378229141,-0.20861464738845825,-0.17242228984832764,-0.06606650352478027,-0.25777971744537354,-0.20337098836898804,-0.08207487314939499,-0.10190171003341675,-0.33560067415237427,-0.01563975214958191,-0.12877434492111206,-0.4573126435279846,-0.029267234727740288,-0.14327210187911987,-0.532109260559082,-0.04604766517877579,-0.1551607847213745,-0.6019378900527954,-0.06090347096323967,-0.054443359375,-0.36617493629455566,-0.018234603106975555,-0.06234985589981079,-0.5051249861717224,-0.026607269421219826,-0.06586837768554688,-0.5959036350250244,-0.04063985496759415,-0.07011795043945312,-0.6730150580406189,-0.053725797683000565,-0.00859159231185913,-0.35510289669036865,-0.02603588066995144,-0.0034453272819519043,-0.47903311252593994,-0.03796861693263054,-0.0022922158241271973,-0.5605165362358093,-0.05448008328676224,-0.004007577896118164,-0.6327863931655884,-0.06803766638040543,0.03434854745864868,-0.317143976688385,-0.03750995174050331,0.05568653345108032,-0.41453057527542114,-0.05002140626311302,0.07053810358047485,-0.4804466962814331,-0.059521567076444626,0.082172691822052,-0.5447952747344971,-0.06744318455457687
0.0,0.0,0.0,-0.0810362696647644,-0.037743210792541504,-0.0291270911693573,-0.1503317952156067,-0.11804163455963135,-0.045556023716926575,-0.20986491441726685,-0.17634987831115723,-0.06065690889954567,-0.25879356265068054,-0.20684534311294556,-0.07517748326063156,-0.1018264889717102,-0.3402019143104553,-0.01106217224150896,-0.12896835803985596,-0.4621036648750305,-0.023042408749461174,-0.14355647563934326,-0.5366083979606628,-0.038885392248630524,-0.15562820434570312,-0.6058222651481628,-0.05307073891162872,-0.05471014976501465,-0.37093448638916016,-0.01426868885755539,-0.06280678510665894,-0.5110294818878174,-0.02059430629014969,-0.06610924005508423,-0.601660966873169,-0.033561233431100845,-0.07053464651107788,-0.6774071455001831,-0.04582175239920616,-0.00874871015548706,-0.3596700429916382,-0.022738292813301086,-0.0041204094886779785,-0.48348039388656616,-0.032976966351270676,-0.0024541616439819336,-0.5648055076599121,-0.04882124811410904,-0.0038831233978271484,-0.6369843482971191,-0.06189499795436859,0.034168541431427,-0.3214448094367981,-0.03481952100992203,0.05549776554107666,-0.4192882776260376,-0.04606661573052406,0.07054126262664795,-0.4847935438156128,-0.05485756695270538,0.08246380090713501,-0.5485641360282898,-0.062203358858823776
0.0,0.0,0.0,-0.08047884702682495,-0.03842592239379883,-0.029092932119965553,-0.15127617120742798,-0.12038886547088623,-0.04514375329017639,-0.21106845140457153,-0.17942774295806885,-0.060020867735147476,-0.2608698904514313,-0.20771920680999756,-0.07466842979192734,-0.10207420587539673,-0.3401568531990051,-0.012219533324241638,-0.12911158800125122,-0.4625478982925415,-0.02429186925292015,-0.14346200227737427,-0.5386111736297607,-0.03981126472353935,-0.1549006700515747,-0.6083979606628418,-0.053856950253248215,-0.054027020931243896,-0.3706817626953125,-0.015606599859893322,-0.061604082584381104,-0.5121774673461914,-0.022863110527396202,-0.06382489204406738,-0.6044690608978271,-0.03613245487213135,-0.0667523741722107,-0.6815173029899597,-0.048657920211553574,-0.007598578929901123,-0.35905545949935913,-0.024178553372621536,-0.0017299056053161621,-0.48159047961235046,-0.035549040883779526,0.0008200407028198242,-0.5627907514572144,-0.0524568036198616,0.00025141239166259766,-0.6354430913925171,-0.06622746586799622,0.03565812110900879,-0.32040274143218994,-0.036243241280317307,0.057959914207458496,-0.4152938723564148,-0.04827338829636574,0.07332432270050049,-0.4794366955757141,-0.05781940370798111,0.08531701564788818,-0.5426875352859497,-0.06584548950195312
0.0,0.0,0.0,-0.08047348260879517,-0.03962302207946777,-0.0295533686876297,-0.15140950679779053,-0.12395584583282471,-0.04539462551474571,-0.2111777365207672,-0.18455082178115845,-0.0600188784301281,-0.2602076828479767,-0.2149949073791504,-0.07412395626306534,-0.1010320782661438,-0.34342628717422485,-0.010511106811463833,-0.1270177960395813,-0.4652053713798523,-0.02245604433119297,-0.14106708765029907,-0.5407454371452332,-0.0382160022854805,-0.1527746319770813,-0.6105861663818359,-0.05244039371609688,-0.0526806116104126,-0.3729183077812195,-0.01378555130213499,-0.058823347091674805,-0.5135046243667603,-0.020688900724053383,-0.06020134687423706,-0.6051764488220215,-0.0337364599108696,-0.06256741285324097,-0.6816824674606323,-0.04612854868173599,-0.006258130073547363,-0.36110377311706543,-0.022547731176018715,-0.00011736154556274414,-0.48351946473121643,-0.03345664590597153,0.003664076328277588,-0.5657467842102051,-0.04985669255256653,0.004487812519073486,-0.6391888856887817,-0.06331775337457657,0.037116050720214844,-0.3226693868637085,-0.03501458466053009,0.05955803394317627,-0.4189631938934326,-0.04644126817584038,0.0753675103187561,-0.48401615023612976,-0.05557720363140106,0.08794659376144409,-0.5479786992073059,-0.06340304762125015
0.0,0.0,0.0,-0.0797843337059021,-0.040494561195373535,-0.029759619385004044,-0.15102487802505493,-0.12590152025222778,-0.04526844620704651,-0.21146774291992188,-0.18689733743667603,-0.05958686023950577,-0.2612529397010803,-0.21633994579315186,-0.07346706092357635,-0.10114854574203491,-0.3451901078224182,-0.010133467614650726,-0.12663298845291138,-0.46744129061698914,-0.02189914509654045,-0.14083433151245117,-0.5419248342514038,-0.03741074353456497,-0.15284621715545654,-0.6105799674987793,-0.051362045109272,-0.05254244804382324,-0.3740319013595581,-0.013111799024045467,-0.057366907596588135,-0.516573429107666,-0.019704433158040047,-0.05865544080734253,-0.608203113079071,-0.03237845003604889,-0.06125509738922119,-0.6845654249191284,-0.044486768543720245,-0.005973160266876221,-0.3616976737976074,-0.021658791229128838,0.001935124397277832,-0.4845876097679138,-0.03262529894709587,0.0054923295974731445,-0.5656871795654297,-0.049009714275598526,0.005691945552825928,-0.6384297609329224,-0.06231338530778885,0.037471652030944824,-0.3227662444114685,-0.0338803306221962,0.060398101806640625,-0.41751760244369507,-0.045123908668756485,0.07592344284057617,-0.48127079010009766,-0.05407322943210602,0.0878152847290039,-0.5437555313110352,-0.06175736337900162
0.0,0.0,0.0,-0.07967442274093628,-0.04337376356124878,-0.029407989233732224,-0.15109378099441528,-0.13091987371444702,-0.04471585527062416,-0.21109360456466675,-0.19251996278762817,-0.05914691090583801,-0.26087552309036255,-0.22062140703201294,-0.07341806590557098,-0.09995347261428833,-0.3471919894218445,-0.010444133542478085,-0.12550592422485352,-0.4689016044139862,-0.023381128907203674,-0.14018166065216064,-0.5425757169723511,-0.03964615613222122,-0.15219563245773315,-0.6107015013694763,-0.05391927808523178,-0.05137479305267334,-0.376079261302948,-0.013905569911003113,-0.05599313974380493,-0.5184170007705688,-0.02111363783478737,-0.05742669105529785,-0.609214186668396,-0.0340905636548996,-0.05975395441055298,-0.6852414608001709,-0.04638504236936569,-0.004673302173614502,-0.3637027144432068,-0.02294776774942875,0.004409193992614746,-0.4844081997871399,-0.03443406894803047,0.007993578910827637,-0.5633562803268433,-0.05069153755903244,0.00831383466720581,-0.6346052885055542,-0.06374500691890717,0.0389140248298645,-0.32442259788513184,-0.03568410128355026,0.06138324737548828,-0.41946035623550415,-0.04714678227901459,0.07679861783981323,-0.48324209451675415,-0.05580012500286102,0.08880603313446045,-0.5453722476959229,-0.06317774206399918
0.0,0.0,0.0,-0.08005636930465698,-0.04205060005187988,-0.027616210281848907,-0.1495867371559143,-0.12733012437820435,-0.0422939769923687,-0.2084713876247406,-0.18834882974624634,-0.056191470474004745,-0.25800076127052307,-0.2172146439552307,-0.06955119222402573,-0.09877616167068481,-0.3450181484222412,-0.006703473161906004,-0.12358152866363525,-0.46567705273628235,-0.016608677804470062,-0.13757950067520142,-0.5383017659187317,-0.031100936233997345,-0.14926475286483765,-0.6055347323417664,-0.04453106224536896,-0.05067086219787598,-0.3739851117134094,-0.01069547701627016,-0.05576568841934204,-0.5172587037086487,-0.014983933418989182,-0.056502580642700195,-0.6088311672210693,-0.026439033448696136,-0.0586283802986145,-0.6843136548995972,-0.0379226878285408,-0.0044748783111572266,-0.3607602119445801,-0.02016282267868519,0.003443896770477295,-0.4860314726829529,-0.029162030667066574,0.008186578750610352,-0.5677978992462158,-0.04452388361096382,0.009366452693939209,-0.6401225924491882,-0.057507600635290146,0.03872370719909668,-0.320478618144989,-0.0332440584897995,0.06168884038925171,-0.4151919484138489,-0.04307237267494202,0.07742708921432495,-0.47926151752471924,-0.051195573061704636,0.08965575695037842,-0.5417789220809937,-0.05852682888507843
0.0,0.0,0.0,-0.07890105247497559,-0.04501760005950928,-0.02626679465174675,-0.14826756715774536,-0.1321498155593872,-0.03974776342511177,-0.2052725851535797,-0.19235479831695557,-0.05292702838778496,-0.2535557150840759,-0.22090721130371094,-0.06585197150707245,-0.0941358208656311,-0.3456512689590454,-0.004740997217595577,-0.11858338117599487,-0.46593764424324036,-0.014780759811401367,-0.13200324773788452,-0.5377199649810791,-0.029405413195490837,-0.1424846649169922,-0.6036094427108765,-0.04276153817772865,-0.04597938060760498,-0.3733147978782654,-0.00916043110191822,-0.04954129457473755,-0.5158582925796509,-0.01364758051931858,-0.04949885606765747,-0.6065325736999512,-0.025323575362563133,-0.05011337995529175,-0.6811437010765076,-0.0368385948240757,-0.0001150369644165039,-0.35990214347839355,-0.019058380275964737,0.009428322315216064,-0.48487329483032227,-0.02832348644733429,0.014493763446807861,-0.5650060176849365,-0.04353687912225723,0.01660168170928955,-0.6357725858688354,-0.0561937540769577,0.04282933473587036,-0.3188730478286743,-0.0324600413441658,0.06600427627563477,-0.41259312629699707,-0.04225914552807808,0.08186537027359009,-0.475517213344574,-0.04998196288943291,0.09451103210449219,-0.5368220210075378,-0.05689572915434837
0.0,0.0,0.0,-0.0787125825881958,-0.04086422920227051,-0.027424879372119904,-0.14716500043869019,-0.12654662132263184,-0.04142369329929352,-0.20430627465248108,-0.18800407648086548,-0.05433782562613487,-0.25153350830078125,-0.22114026546478271,-0.0668051540851593,-0.09366607666015625,-0.3406798839569092,-0.007467030547559261,-0.11698299646377563,-0.45905759930610657,-0.017812732607126236,-0.128282368183136,-0.5318120718002319,-0.03216322138905525,-0.13672828674316406,-0.5986005067825317,-0.04543938487768173,-0.045483529567718506,-0.3692680597305298,-0.010726149193942547,-0.04834020137786865,-0.5116240382194519,-0.016435746103525162,-0.04745262861251831,-0.6020872592926025,-0.02806076779961586,-0.04746997356414795,-0.675593912601471,-0.03923473134636879,-5.1915645599365234e-05,-0.35533463954925537,-0.01929389126598835,0.009615719318389893,-0.4797316789627075,-0.030226388946175575,0.016513824462890625,-0.5612121820449829,-0.04575135186314583,0.02074611186981201,-0.6321957111358643,-0.05827127769589424,0.04183006286621094,-0.31322479248046875,-0.03122072108089924,0.06678640842437744,-0.4051138162612915,-0.04236806184053421,0.08444994688034058,-0.46652957797050476,-0.050560202449560165,0.09892159700393677,-0.5260428786277771,-0.05762282758951187
0.0,0.0,0.0,-0.07865679264068604,-0.04329341650009155,-0.02786925993859768,-0.14658743143081665,-0.13109421730041504,-0.04204683005809784,-0.20353007316589355,-0.19504386186599731,-0.055226147174835205,-0.25111910700798035,-0.22859859466552734,-0.06789541989564896,-0.09133565425872803,-0.3453301787376404,-0.006876303348690271,-0.11402034759521484,-0.4644879996776581,-0.01644596830010414,-0.12526142597198486,-0.5359907150268555,-0.030634459108114243,-0.1337527632713318,-0.602626621723175,-0.04396910220384598,-0.04266071319580078,-0.3719550371170044,-0.01021602749824524,-0.04417896270751953,-0.5137031674385071,-0.014555742032825947,-0.04259568452835083,-0.6034318208694458,-0.025556599721312523,-0.04251605272293091,-0.6769999265670776,-0.036765892058610916,0.002407550811767578,-0.3566504120826721,-0.019046053290367126,0.013707578182220459,-0.4799592196941376,-0.028489530086517334,0.020447254180908203,-0.560154378414154,-0.043443772941827774,0.023831725120544434,-0.6309519410133362,-0.056120194494724274,0.043729424476623535,-0.3141041398048401,-0.03144324943423271,0.0692756175994873,-0.40554022789001465,-0.04170278087258339,0.08673059940338135,-0.4667491316795349,-0.04973551258444786,0.10041093826293945,-0.526634156703949,-0.057037536054849625
0.0,0.0,0.0,-0.07881271839141846,-0.04514521360397339,-0.027160409837961197,-0.1459115743637085,-0.13325297832489014,-0.040617384016513824,-0.20272862911224365,-0.19791465997695923,-0.05326860398054123,-0.2501925230026245,-0.23130178451538086,-0.06525733321905136,-0.09097295999526978,-0.34594690799713135,-0.004481063224375248,-0.11370378732681274,-0.4642066955566406,-0.013134345412254333,-0.12537765502929688,-0.5352572798728943,-0.026741571724414825,-0.13423824310302734,-0.6018205881118774,-0.039660725742578506,-0.04268145561218262,-0.37259984016418457,-0.008062713779509068,-0.04382777214050293,-0.5157754421234131,-0.011200928129255772,-0.04227042198181152,-0.605613648891449,-0.021115148440003395,-0.04301232099533081,-0.6782865524291992,-0.03142571821808815,0.0023210644721984863,-0.3573263883590698,-0.01725623942911625,0.013943374156951904,-0.4799805283546448,-0.02579934149980545,0.020348966121673584,-0.5586999654769897,-0.03984340280294418,0.02272164821624756,-0.6277437210083008,-0.05167057365179062,0.04368293285369873,-0.3151191473007202,-0.030072934925556183,0.0693509578704834,-0.4069331884384155,-0.039477940648794174,0.08693712949752808,-0.4677303433418274,-0.046805489808321,0.10048776865005493,-0.5266842842102051,-0.0534760020673275
0.0,0.0,0.0,-0.07770746946334839,-0.04689854383468628,-0.028406482189893723,-0.1463109850883484,-0.13648027181625366,-0.041641272604465485,-0.20292910933494568,-0.1993158459663391,-0.05374939739704132,-0.24892398715019226,-0.23496758937835693,-0.06533682346343994,-0.09078550338745117,-0.34615105390548706,-0.006178869400173426,-0.11294001340866089,-0.4644145965576172,-0.015269544906914234,-0.12379884719848633,-0.5359467267990112,-0.02900202013552189,-0.13158613443374634,-0.6034191846847534,-0.04190601408481598,-0.042061030864715576,-0.3728262186050415,-0.008769040927290916,-0.043475329875946045,-0.5140989422798157,-0.01279541291296482,-0.04218250513076782,-0.6028761863708496,-0.02373949997127056,-0.04213225841522217,-0.6760603189468384,-0.034699875861406326,0.0036683082580566406,-0.3583605885505676,-0.01696811616420746,0.015337526798248291,-0.4748535752296448,-0.02632869780063629,0.021063625812530518,-0.5499671101570129,-0.04141901060938835,0.02369368076324463,-0.6180684566497803,-0.05378735810518265,0.04564166069030762,-0.317685604095459,-0.028791358694434166,0.0704757571220398,-0.40741920471191406,-0.03840385749936104,0.08720666170120239,-0.4660528004169464,-0.04615418240427971,0.10053139925003052,-0.5240112543106079,-0.05312327668070793
0.0,0.0,0.0,-0.07823008298873901,-0.04612177610397339,-0.027785388752818108,-0.14474350214004517,-0.13374894857406616,-0.04140510782599449,-0.20121055841445923,-0.1976795196533203,-0.05408969894051552,-0.24842002987861633,-0.23157328367233276,-0.06602250784635544,-0.09041887521743774,-0.3458595275878906,-0.004326628986746073,-0.1129947304725647,-0.4651109576225281,-0.012619937770068645,-0.12378370761871338,-0.5367740392684937,-0.02622172050178051,-0.13183122873306274,-0.603249728679657,-0.03908587992191315,-0.041569411754608154,-0.3722611665725708,-0.0072508566081523895,-0.042861342430114746,-0.5126148462295532,-0.009643149562180042,-0.04145580530166626,-0.6008924841880798,-0.019794562831521034,-0.04229611158370972,-0.6726732850074768,-0.030371062457561493,0.004359245300292969,-0.35731834173202515,-0.015840517356991768,0.01536637544631958,-0.4759151339530945,-0.02358253113925457,0.0213736891746521,-0.552075982093811,-0.037660855799913406,0.023931384086608887,-0.6201640367507935,-0.049629177898168564,0.046508193016052246,-0.3157960772514343,-0.02814512699842453,0.07221460342407227,-0.4064639210700989,-0.03703678771853447,0.08972513675689697,-0.46548959612846375,-0.04433008283376694,0.10348939895629883,-0.5234091281890869,-0.05094514787197113
0.0,0.0,0.0,-0.07800847291946411,-0.0502704381942749,-0.028136175125837326,-0.1456683874130249,-0.14106875658035278,-0.041360169649124146,-0.2030850648880005,-0.20484644174575806,-0.053718604147434235,-0.25112009048461914,-0.23699182271957397,-0.06553040444850922,-0.09034109115600586,-0.3496387004852295,-0.004131063353270292,-0.1128150224685669,-0.4692313075065613,-0.01237453892827034,-0.12376707792282104,-0.5412966012954712,-0.025951124727725983,-0.13152694702148438,-0.6089504957199097,-0.03885825723409653,-0.041379690170288086,-0.37570667266845703,-0.0069326055236160755,-0.04242241382598877,-0.5152328610420227,-0.00944165326654911,-0.04001128673553467,-0.6034436821937561,-0.019956041127443314,-0.03906339406967163,-0.6756678819656372,-0.030884871259331703,0.004631161689758301,-0.36090052127838135,-0.015492224134504795,0.016295671463012695,-0.4767006039619446,-0.023242685943841934,0.022841036319732666,-0.552293598651886,-0.038132984191179276,0.026016652584075928,-0.6208287477493286,-0.050711795687675476,0.047065138816833496,-0.3203173279762268,-0.027804000303149223,0.07123112678527832,-0.41078951954841614,-0.0364721305668354,0.0876656174659729,-0.469943106174469,-0.044096440076828,0.10071849822998047,-0.5282303690910339,-0.051099419593811035
0.0,0.0,0.0,-0.07797425985336304,-0.04823148250579834,-0.028099985793232918,-0.14494657516479492,-0.13907945156097412,-0.041704557836055756,-0.20123979449272156,-0.2034485936164856,-0.05439431220293045,-0.24921166896820068,-0.2358068823814392,-0.06668432801961899,-0.09029579162597656,-0.34850382804870605,-0.005901847966015339,-0.11242270469665527,-0.4649049937725067,-0.014937669970095158,-0.12310504913330078,-0.53510582447052,-0.02895616553723812,-0.13065755367279053,-0.6014395356178284,-0.04225245118141174,-0.041507720947265625,-0.37448787689208984,-0.009152396582067013,-0.043140947818756104,-0.5123872756958008,-0.012952121905982494,-0.04188638925552368,-0.5990132689476013,-0.024072621017694473,-0.04171562194824219,-0.6718921661376953,-0.03536348044872284,0.004439353942871094,-0.35974186658859253,-0.017979754135012627,0.015886127948760986,-0.4767686128616333,-0.027255533263087273,0.022763729095458984,-0.5522316098213196,-0.042350634932518005,0.0266454815864563,-0.6216315031051636,-0.05498114973306656,0.04686582088470459,-0.3187166452407837,-0.030429063364863396,0.07121157646179199,-0.40898850560188293,-0.040165338665246964,0.08809024095535278,-0.4677807688713074,-0.047887735068798065,0.10147404670715332,-0.526215672492981,-0.05495572090148926
0.0,0.0,0.0,-0.07796865701675415,-0.04518485069274902,-0.02815132588148117,-0.14478278160095215,-0.1334444284439087,-0.0424354262650013,-0.20122992992401123,-0.19874072074890137,-0.05557186156511307,-0.24901151657104492,-0.23227345943450928,-0.06797664612531662,-0.09171700477600098,-0.3443296551704407,-0.006052121054381132,-0.113716721534729,-0.460835337638855,-0.015663711354136467,-0.12406158447265625,-0.5312055945396423,-0.03025916777551174,-0.13162392377853394,-0.5970802307128906,-0.04397665336728096,-0.044296205043792725,-0.37119126319885254,-0.009084684774279594,-0.046227335929870605,-0.5115786790847778,-0.013689789921045303,-0.04463905096054077,-0.5999127626419067,-0.02486908622086048,-0.04436194896697998,-0.6729273200035095,-0.035964060574769974,0.0011353492736816406,-0.35659259557724,-0.01765482872724533,0.012212276458740234,-0.48002591729164124,-0.027477296069264412,0.018512964248657227,-0.5589029788970947,-0.04216598719358444,0.02181476354598999,-0.6280620098114014,-0.0542021319270134,0.04366731643676758,-0.3142209053039551,-0.02983088232576847,0.06875985860824585,-0.4066852331161499,-0.04015762731432915,0.08644217252731323,-0.4674474000930786,-0.04784318432211876,0.10059791803359985,-0.5258855819702148,-0.05461299419403076
0.0,0.0,0.0,-0.0788833498954773,-0.04195219278335571,-0.028537048026919365,-0.1479421854019165,-0.13114464282989502,-0.04285978525876999,-0.20577377080917358,-0.19602066278457642,-0.05610514059662819,-0.2539665699005127,-0.22927981615066528,-0.06889238953590393,-0.09257668256759644,-0.3404597043991089,-0.008524760603904724,-0.11563491821289062,-0.45771726965904236,-0.01982760615646839,-0.12719935178756714,-0.5289307236671448,-0.03479240462183952,-0.13607919216156006,-0.5948867797851562,-0.048361886292696,-0.04447662830352783,-0.3679157495498657,-0.011384385637938976,-0.04623901844024658,-0.5101103782653809,-0.01769636943936348,-0.044946372509002686,-0.5998086929321289,-0.028915168717503548,-0.044771671295166016,-0.6740392446517944,-0.03981727361679077,0.0006968379020690918,-0.35401177406311035,-0.019803788512945175,0.011215806007385254,-0.4782980680465698,-0.030861349776387215,0.01797384023666382,-0.5577536821365356,-0.04547342658042908,0.021738946437835693,-0.6270648241043091,-0.05726509168744087,0.04257786273956299,-0.31290149688720703,-0.03181090205907822,0.06758803129196167,-0.4048166871070862,-0.0424891859292984,0.08539509773254395,-0.46531134843826294,-0.050064750015735626,0.09941995143890381,-0.523280680179596,-0.05677591264247894
0.0,0.0,0.0,-0.07840454578399658,-0.04470932483673096,-0.02896047942340374,-0.14658230543136597,-0.13421785831451416,-0.043217502534389496,-0.20365965366363525,-0.19937294721603394,-0.05635074898600578,-0.25144338607788086,-0.23240327835083008,-0.06903328001499176,-0.09144079685211182,-0.34594327211380005,-0.007550280075520277,-0.11513668298721313,-0.46328163146972656,-0.018154259771108627,-0.126919686794281,-0.5344961285591125,-0.03304525837302208,-0.1356370449066162,-0.6007504463195801,-0.046672720462083817,-0.042861342430114746,-0.3724689483642578,-0.010360763408243656,-0.044776320457458496,-0.5146220326423645,-0.015853112563490868,-0.04345887899398804,-0.6039772629737854,-0.027033606544137,-0.043429791927337646,-0.6777310371398926,-0.03796129301190376,0.002893984317779541,-0.3573874235153198,-0.01884886622428894,0.013440370559692383,-0.47948914766311646,-0.029295269399881363,0.01943749189376831,-0.5587797164916992,-0.044102638959884644,0.0224149227142334,-0.6285545825958252,-0.05603877827525139,0.04516547918319702,-0.3152061700820923,-0.031024621799588203,0.06977945566177368,-0.40780431032180786,-0.04126962646842003,0.08693200349807739,-0.46863681077957153,-0.04875166341662407,0.10036593675613403,-0.5270330905914307,-0.05537772178649902
0.0,0.0,0.0,-0.07844948768615723,-0.0451357364654541,-0.02870279736816883,-0.1472504734992981,-0.13553977012634277,-0.04283042997121811,-0.20511844754219055,-0.19916564226150513,-0.055877476930618286,-0.25292402505874634,-0.23273491859436035,-0.06854736804962158,-0.09188872575759888,-0.34679335355758667,-0.00780777120962739,-0.1158035397529602,-0.46508288383483887,-0.01850057765841484,-0.12723618745803833,-0.536736011505127,-0.03339414671063423,-0.13566386699676514,-0.6035833358764648,-0.047095928341150284,-0.04308116436004639,-0.37356066703796387,-0.010781394317746162,-0.04479116201400757,-0.5158183574676514,-0.016561400145292282,-0.04338794946670532,-0.6051250696182251,-0.02815094031393528,-0.04333275556564331,-0.6790144443511963,-0.03947314992547035,0.0027099251747131348,-0.35878050327301025,-0.019387608394026756,0.01367044448852539,-0.4813920855522156,-0.03014528378844261,0.01977837085723877,-0.5611470937728882,-0.04556546360254288,0.022710323333740234,-0.6318994760513306,-0.05809309706091881,0.04484492540359497,-0.3164600729942322,-0.03161297366023064,0.07052218914031982,-0.40880221128463745,-0.04230456054210663,0.08820056915283203,-0.4697257876396179,-0.050404444336891174,0.10173428058624268,-0.5287522077560425,-0.05758341774344444
0.0,0.0,0.0,-0.07858037948608398,-0.044415414333343506,-0.029079314321279526,-0.1473824381828308,-0.13437652587890625,-0.043571993708610535,-0.20562177896499634,-0.19913488626480103,-0.056864961981773376,-0.25406405329704285,-0.23280370235443115,-0.0697704553604126,-0.09324580430984497,-0.3468741774559021,-0.008397507481276989,-0.11700582504272461,-0.4655754268169403,-0.01946195587515831,-0.12851625680923462,-0.5375622510910034,-0.03462295979261398,-0.13717955350875854,-0.6045010089874268,-0.048516061156988144,-0.04439157247543335,-0.37362831830978394,-0.011219704523682594,-0.047168850898742676,-0.5158175230026245,-0.017782114446163177,-0.04622983932495117,-0.6055701971054077,-0.02997065894305706,-0.046047866344451904,-0.6800049543380737,-0.04165203496813774,0.0014949440956115723,-0.35861730575561523,-0.019603753462433815,0.011681079864501953,-0.4828213155269623,-0.03115013986825943,0.01773965358734131,-0.5631605982780457,-0.04692261293530464,0.02100592851638794,-0.633910596370697,-0.0595708005130291,0.04392385482788086,-0.31629008054733276,-0.03153974562883377,0.06860142946243286,-0.4095713794231415,-0.04293975979089737,0.08604484796524048,-0.47142601013183594,-0.0513230636715889,0.099853515625,-0.5314921736717224,-0.058612365275621414
0.0,0.0,0.0,-0.0800887942314148,-0.04660314321517944,-0.02880566380918026,-0.1484431028366089,-0.13299095630645752,-0.0438641756772995,-0.20546114444732666,-0.1970927119255066,-0.05754021555185318,-0.25337326526641846,-0.23173797130584717,-0.07066439837217331,-0.09379738569259644,-0.34364598989486694,-0.008523007854819298,-0.11697667837142944,-0.4616280496120453,-0.01849023438990116,-0.12836992740631104,-0.5339325666427612,-0.03308931738138199,-0.1370815634727478,-0.6009770631790161,-0.046819522976875305,-0.045271217823028564,-0.37082332372665405,-0.011431590653955936,-0.04796457290649414,-0.5117185711860657,-0.017238030210137367,-0.04746884107589722,-0.6011694073677063,-0.029671482741832733,-0.047769129276275635,-0.6755263805389404,-0.04154440015554428,0.0007494688034057617,-0.3563881516456604,-0.01963246427476406,0.011182606220245361,-0.4778445363044739,-0.030388779938220978,0.017450332641601562,-0.5581256151199341,-0.04646808281540871,0.020953893661499023,-0.6290906667709351,-0.05944058299064636,0.04355818033218384,-0.3143494725227356,-0.0312766470015049,0.06817883253097534,-0.40601980686187744,-0.04219689965248108,0.0853152871131897,-0.46759241819381714,-0.050480689853429794,0.09900349378585815,-0.5270036458969116,-0.057626113295555115
0.0,0.0,0.0,-0.07940834760665894,-0.04725992679595947,-0.0292722936719656,-0.14828330278396606,-0.13520002365112305,-0.044347215443849564,-0.2058057188987732,-0.1983872652053833,-0.058107417076826096,-0.2543255090713501,-0.2273157835006714,-0.07167539745569229,-0.09419900178909302,-0.34461939334869385,-0.00966007262468338,-0.11826211214065552,-0.4629623293876648,-0.020102400332689285,-0.12982898950576782,-0.5361784100532532,-0.035095810890197754,-0.13866335153579712,-0.6045892238616943,-0.04917621985077858,-0.04513204097747803,-0.37184733152389526,-0.01273689791560173,-0.04844623804092407,-0.5130245089530945,-0.01852528564631939,-0.048237502574920654,-0.6029355525970459,-0.031158290803432465,-0.04875284433364868,-0.6781116127967834,-0.04345015436410904,0.0010758638381958008,-0.3575473427772522,-0.02113969810307026,0.011134505271911621,-0.4785083532333374,-0.031912390142679214,0.01662909984588623,-0.5606426000595093,-0.0486467108130455,0.019161641597747803,-0.6333664655685425,-0.062399860471487045,0.044119417667388916,-0.3162553906440735,-0.03303825855255127,0.06807249784469604,-0.40803754329681396,-0.04402025416493416,0.08475464582443237,-0.46938931941986084,-0.05256294086575508,0.09762799739837646,-0.5287155508995056,-0.060195595026016235
0.0,0.0,0.0,-0.07946282625198364,-0.043589651584625244,-0.028649477288126945,-0.14872819185256958,-0.12957382202148438,-0.04405643045902252,-0.20686250925064087,-0.19075661897659302,-0.0582122728228569,-0.25661003589630127,-0.22064244747161865,-0.07201903313398361,-0.09624838829040527,-0.3432081937789917,-0.009864331223070621,-0.12157487869262695,-0.4619385898113251,-0.020480457693338394,-0.1337258219718933,-0.5349960327148438,-0.03533511608839035,-0.1430230736732483,-0.6020710468292236,-0.04909977316856384,-0.04766601324081421,-0.3716440200805664,-0.012999508529901505,-0.05207395553588867,-0.513677716255188,-0.018845325335860252,-0.05200338363647461,-0.6021058559417725,-0.031020207330584526,-0.05214935541152954,-0.6747821569442749,-0.04275518283247948,-0.0010797381401062012,-0.3585072159767151,-0.021298132836818695,0.0076340436935424805,-0.483165442943573,-0.03168309107422829,0.012560904026031494,-0.5651359558105469,-0.04727397859096527,0.014976799488067627,-0.6365047693252563,-0.06015126779675484,0.04210066795349121,-0.31751567125320435,-0.033050164580345154,0.06484127044677734,-0.41085392236709595,-0.04349662736058235,0.08080267906188965,-0.47319382429122925,-0.05117591470479965,0.09335553646087646,-0.5327792763710022,-0.05800337716937065
0.0,0.0,0.0,-0.08093780279159546,-0.04047590494155884,-0.028171909973025322,-0.1503491997718811,-0.12474030256271362,-0.0432426780462265,-0.2096269428730011,-0.18431270122528076,-0.05720085650682449,-0.2598196864128113,-0.2119687795639038,-0.07098807394504547,-0.09889280796051025,-0.33977603912353516,-0.009924164973199368,-0.12493032217025757,-0.45825865864753723,-0.020509565249085426,-0.13826560974121094,-0.5316372513771057,-0.03525981307029724,-0.14862817525863647,-0.5993865728378296,-0.04908641800284386,-0.05133754014968872,-0.3698151111602783,-0.013451077044010162,-0.057805001735687256,-0.5118527412414551,-0.019406532868742943,-0.05858159065246582,-0.6012824773788452,-0.03165116161108017,-0.059540510177612305,-0.6757473945617676,-0.04347936436533928,-0.005413651466369629,-0.3572646379470825,-0.022128134965896606,0.002263009548187256,-0.48285502195358276,-0.03312297910451889,0.007879495620727539,-0.566463053226471,-0.04969874769449234,0.010901272296905518,-0.6406521797180176,-0.06328694522380829,0.0375940203666687,-0.3168794512748718,-0.03414429724216461,0.06060999631881714,-0.410939484834671,-0.04578232765197754,0.07700926065444946,-0.4738580882549286,-0.05464470013976097,0.09023422002792358,-0.5357078909873962,-0.06231612339615822
0.0,0.0,0.0,-0.08058702945709229,-0.041845619678497314,-0.028703482821583748,-0.15000736713409424,-0.12938886880874634,-0.04344267398118973,-0.2101740837097168,-0.1904512643814087,-0.057089392095804214,-0.26072388887405396,-0.21808773279190063,-0.07042539864778519,-0.09882283210754395,-0.34358686208724976,-0.008263113908469677,-0.12524932622909546,-0.46356940269470215,-0.0185681339353323,-0.13836652040481567,-0.5376083850860596,-0.03314260020852089,-0.14850068092346191,-0.6054023504257202,-0.04679669067263603,-0.050598978996276855,-0.3732067942619324,-0.011783106252551079,-0.05731070041656494,-0.5170337557792664,-0.016809312626719475,-0.05793243646621704,-0.6062667965888977,-0.028400996699929237,-0.059274375438690186,-0.6789408326148987,-0.03980942815542221,-0.004247128963470459,-0.36077654361724854,-0.02081206813454628,0.0022180676460266113,-0.4887412488460541,-0.0313398502767086,0.007299065589904785,-0.5734038352966309,-0.04752731695771217,0.009549617767333984,-0.6480146646499634,-0.06080279499292374,0.03915590047836304,-0.3210102319717407,-0.03333902731537819,0.061509132385253906,-0.41661497950553894,-0.04456695541739464,0.07785701751708984,-0.48016121983528137,-0.05322873592376709,0.0908556580543518,-0.5422548055648804,-0.06080058217048645
0.0,0.0,0.0,-0.08096253871917725,-0.04382741451263428,-0.02927500568330288,-0.15012502670288086,-0.12860560417175293,-0.04527943953871727,-0.20990777015686035,-0.1890709400177002,-0.0600350946187973,-0.2616662085056305,-0.21670860052108765,-0.07457970082759857,-0.09781509637832642,-0.34273308515548706,-0.010550321079790592,-0.12393158674240112,-0.4618961215019226,-0.02112908661365509,-0.13725459575653076,-0.5358977317810059,-0.0360686220228672,-0.14772993326187134,-0.6048226356506348,-0.05017204210162163,-0.04955202341079712,-0.37185966968536377,-0.013833531178534031,-0.055350661277770996,-0.512715220451355,-0.019910171627998352,-0.05600672960281372,-0.6006172895431519,-0.03259257227182388,-0.05683183670043945,-0.674435019493103,-0.044814664870500565,-0.003140091896057129,-0.3591441512107849,-0.022343279793858528,0.0033385753631591797,-0.4837538003921509,-0.03342019021511078,0.00839322805404663,-0.5678290128707886,-0.050180282443761826,0.011002302169799805,-0.6425838470458984,-0.06397376209497452,0.03995335102081299,-0.31873971223831177,-0.034308236092329025,0.0626564621925354,-0.41332533955574036,-0.04591841995716095,0.07910096645355225,-0.4762331247329712,-0.054786358028650284,0.0921473503112793,-0.5373607873916626,-0.06252177804708481
0.0,0.0,0.0,-0.08094257116317749,-0.04732269048690796,-0.02891739457845688,-0.15048491954803467,-0.13508480787277222,-0.04310034587979317,-0.20975324511528015,-0.1952054500579834,-0.056289736181497574,-0.26012229919433594,-0.220076322555542,-0.06926806271076202,-0.09913349151611328,-0.35163360834121704,-0.006133182905614376,-0.1258794069290161,-0.47265100479125977,-0.015083377249538898,-0.13924354314804077,-0.5459164381027222,-0.029591083526611328,-0.14942753314971924,-0.6141228675842285,-0.043360840529203415,-0.050123631954193115,-0.3802361488342285,-0.009083990007638931,-0.054502785205841064,-0.5210536122322083,-0.01180945336818695,-0.05473297834396362,-0.6081993579864502,-0.022853050380945206,-0.05562502145767212,-0.6792867183685303,-0.0343056358397007,-0.0030990242958068848,-0.3671792149543762,-0.017723912373185158,0.0049880146980285645,-0.4911007285118103,-0.02566838078200817,0.00939851999282837,-0.5735903978347778,-0.0413510799407959,0.01119774580001831,-0.6472654938697815,-0.054856736212968826,0.04115760326385498,-0.3270466923713684,-0.030111828818917274,0.06322312355041504,-0.4219139814376831,-0.039471037685871124,0.07810533046722412,-0.4839324951171875,-0.04746425896883011,0.08968359231948853,-0.5448842644691467,-0.054828546941280365
0.0,0.0,0.0,-0.081551194190979,-0.04351717233657837,-0.02985427901148796,-0.15112841129302979,-0.12729376554489136,-0.04552101343870163,-0.21152198314666748,-0.1861785650253296,-0.06005313992500305,-0.26304012537002563,-0.21144342422485352,-0.07432541996240616,-0.10021758079528809,-0.3461909294128418,-0.008782613091170788,-0.12767142057418823,-0.4657185673713684,-0.018984248861670494,-0.14178037643432617,-0.5382702350616455,-0.034096188843250275,-0.15283739566802979,-0.605221688747406,-0.0480654239654541,-0.05173766613006592,-0.3761637210845947,-0.011527670547366142,-0.05710369348526001,-0.517261266708374,-0.015022842213511467,-0.058276236057281494,-0.6040599346160889,-0.026050973683595657,-0.05993086099624634,-0.6749886274337769,-0.03730746731162071,-0.004834890365600586,-0.3637557625770569,-0.019888341426849365,0.002463042736053467,-0.4886954426765442,-0.028142346069216728,0.006346642971038818,-0.5701802968978882,-0.04296601191163063,0.007580578327178955,-0.6429544687271118,-0.055798981338739395,0.039170265197753906,-0.3238905072212219,-0.03206494078040123,0.06065279245376587,-0.41772162914276123,-0.04147089272737503,0.07521545886993408,-0.47918573021888733,-0.04879666492342949,0.08645892143249512,-0.5393929481506348,-0.055501509457826614
0.0,0.0,0.0,-0.08137792348861694,-0.045121729373931885,-0.029616238549351692,-0.15131300687789917,-0.1304498314857483,-0.04452069476246834,-0.2117938995361328,-0.1903497576713562,-0.05842000991106033,-0.2627220153808594,-0.216036856174469,-0.072004035115242,-0.1009874939918518,-0.35095643997192383,-0.006621940061450005,-0.12837517261505127,-0.47155138850212097,-0.01608188822865486,-0.1424446702003479,-0.5438421368598938,-0.03086267225444317,-0.15326142311096191,-0.6106753349304199,-0.044568855315446854,-0.05231708288192749,-0.38017600774765015,-0.009435341693460941,-0.057681143283843994,-0.5223039984703064,-0.011818251572549343,-0.05852854251861572,-0.610051155090332,-0.022173194214701653,-0.06000727415084839,-0.6807142496109009,-0.032989393919706345,-0.005391061305999756,-0.3667129874229431,-0.01810242235660553,0.001770615577697754,-0.4934225082397461,-0.025830434635281563,0.00481724739074707,-0.575154185295105,-0.040414005517959595,0.005073845386505127,-0.6483761072158813,-0.05298316851258278,0.03890645503997803,-0.32653486728668213,-0.030641304329037666,0.05966275930404663,-0.4214380383491516,-0.04002566263079643,0.07373762130737305,-0.4837621748447418,-0.047486551105976105,0.08499592542648315,-0.5455796122550964,-0.054223086684942245
0.0,0.0,0.0,-0.08278447389602661,-0.04563373327255249,-0.029576031491160393,-0.15362632274627686,-0.13182097673416138,-0.04445532709360123,-0.21397066116333008,-0.19204574823379517,-0.05829235911369324,-0.2655748128890991,-0.21743416786193848,-0.07190421968698502,-0.1028258204460144,-0.35239481925964355,-0.006565938238054514,-0.13031244277954102,-0.47397372126579285,-0.015487956814467907,-0.14377552270889282,-0.5473053455352783,-0.03010530211031437,-0.15428733825683594,-0.615858793258667,-0.0440630279481411,-0.05322718620300293,-0.38182371854782104,-0.009500219486653805,-0.05779045820236206,-0.5212833285331726,-0.012388796545565128,-0.058525800704956055,-0.6084708571434021,-0.023831605911254883,-0.06026393175125122,-0.680793285369873,-0.035642918199300766,-0.0058934688568115234,-0.36924314498901367,-0.01819371059536934,0.002024531364440918,-0.492590069770813,-0.02653886377811432,0.005664527416229248,-0.5755540132522583,-0.04254991188645363,0.0065582990646362305,-0.651121199131012,-0.05632495507597923,0.038735926151275635,-0.3295305371284485,-0.030678315088152885,0.060927391052246094,-0.4249776005744934,-0.04062481224536896,0.07571953535079956,-0.48747873306274414,-0.0490606315433979,0.08711129426956177,-0.5499107837677002,-0.05672718212008476
0.0,0.0,0.0,-0.08052057027816772,-0.047093987464904785,-0.030908770859241486,-0.15154850482940674,-0.13605886697769165,-0.04640275985002518,-0.21166962385177612,-0.19733798503875732,-0.0606338232755661,-0.26293331384658813,-0.22564595937728882,-0.07472017407417297,-0.1002044677734375,-0.35693901777267456,-0.010154055431485176,-0.1276513934135437,-0.4805013835430145,-0.020898347720503807,-0.14114505052566528,-0.5554041266441345,-0.03649132326245308,-0.1512429118156433,-0.6259869337081909,-0.051036253571510315,-0.05024451017379761,-0.38565129041671753,-0.01272150594741106,-0.053863525390625,-0.526547372341156,-0.017070751637220383,-0.05347830057144165,-0.6146721839904785,-0.028897682204842567,-0.05354928970336914,-0.6881776452064514,-0.04094904288649559,-0.0024682283401489258,-0.37200480699539185,-0.02107386291027069,0.005929052829742432,-0.4950617551803589,-0.03032168373465538,0.010491013526916504,-0.5773711800575256,-0.04628094658255577,0.013303875923156738,-0.6536605358123779,-0.060100533068180084,0.04245656728744507,-0.33101582527160645,-0.03336532413959503,0.06526607275009155,-0.42554938793182373,-0.04379131272435188,0.08096098899841309,-0.48659437894821167,-0.05219249427318573,0.09398782253265381,-0.5477472543716431,-0.05989228934049606
0.0,0.0,0.0,-0.08165806531906128,-0.048981428146362305,-0.03039116971194744,-0.15239888429641724,-0.13717448711395264,-0.04594172537326813,-0.21302467584609985,-0.19855725765228271,-0.060320720076560974,-0.2647472620010376,-0.22472625970840454,-0.07478503882884979,-0.10101747512817383,-0.3574984073638916,-0.009749151766300201,-0.1281529664993286,-0.4827176332473755,-0.02014201506972313,-0.1417468786239624,-0.5589884519577026,-0.03546587750315666,-0.15192949771881104,-0.6307636499404907,-0.04995910823345184,-0.05083960294723511,-0.3868696093559265,-0.012746416963636875,-0.05507618188858032,-0.5311585664749146,-0.01735733263194561,-0.055454254150390625,-0.6206637620925903,-0.029734166339039803,-0.05641978979110718,-0.6945483684539795,-0.04227801039814949,-0.003390014171600342,-0.3732617497444153,-0.021369703114032745,0.005890488624572754,-0.5,-0.03109661117196083,0.009531080722808838,-0.5853307247161865,-0.04820249602198601,0.010354995727539062,-0.6618751287460327,-0.06289304047822952,0.0409582257270813,-0.33217376470565796,-0.033711954951286316,0.06327569484710693,-0.4277631640434265,-0.04469459503889084,0.07829922437667847,-0.49148038029670715,-0.05381447449326515,0.09032714366912842,-0.5545980930328369,-0.06213105097413063
0.0,0.0,0.0,-0.08033818006515503,-0.04735046625137329,-0.030266400426626205,-0.1506940722465515,-0.13382035493850708,-0.04594499245285988,-0.21100443601608276,-0.19411104917526245,-0.06063542515039444,-0.26185083389282227,-0.22100532054901123,-0.07543643563985825,-0.09983646869659424,-0.35330909490585327,-0.010581454262137413,-0.12690114974975586,-0.47656509280204773,-0.021744851022958755,-0.14037281274795532,-0.5519540309906006,-0.0373978316783905,-0.15028506517410278,-0.6224066019058228,-0.05184292420744896,-0.05030691623687744,-0.38270342350006104,-0.013771681115031242,-0.054219841957092285,-0.5274195671081543,-0.01858578249812126,-0.05453866720199585,-0.6178922057151794,-0.03057846613228321,-0.055672287940979004,-0.6912965774536133,-0.04265573248267174,-0.0029470324516296387,-0.3689018487930298,-0.022615106776356697,0.005987286567687988,-0.4959537982940674,-0.03235418349504471,0.009019553661346436,-0.5805069804191589,-0.048857640475034714,0.009203732013702393,-0.655889093875885,-0.06292802840471268,0.04143214225769043,-0.3278045654296875,-0.03522498905658722,0.06410866975784302,-0.4225187599658966,-0.04602864012122154,0.07898104190826416,-0.4854217767715454,-0.05478672310709953,0.09046947956085205,-0.5473862886428833,-0.06269459426403046
0.0,0.0,0.0,-0.08200442790985107,-0.04808551073074341,-0.0295905452221632,-0.15322262048721313,-0.13399791717529297,-0.044877372682094574,-0.21343469619750977,-0.1938825249671936,-0.058996524661779404,-0.26390308141708374,-0.22171324491500854,-0.07319711148738861,-0.10293412208557129,-0.3544415235519409,-0.00959154311567545,-0.13068163394927979,-0.4778115749359131,-0.019796287640929222,-0.14451366662979126,-0.5532795786857605,-0.03504618629813194,-0.15492606163024902,-0.62370765209198,-0.04947618767619133,-0.053159236907958984,-0.383872389793396,-0.01290744449943304,-0.05770552158355713,-0.5272502899169922,-0.016973918303847313,-0.05819159746170044,-0.6159533262252808,-0.02918081171810627,-0.0591999888420105,-0.6889119744300842,-0.041618429124355316,-0.005675911903381348,-0.37014496326446533,-0.021735206246376038,0.0029641389846801758,-0.49666523933410645,-0.03112039342522621,0.0070146918296813965,-0.5817140340805054,-0.04820561408996582,0.008685290813446045,-0.6582905650138855,-0.06290902942419052,0.03921455144882202,-0.328599750995636,-0.03414706885814667,0.06102794408798218,-0.42424893379211426,-0.045069724321365356,0.07585519552230835,-0.48714184761047363,-0.054075807332992554,0.08763957023620605,-0.5497393608093262,-0.0622289665043354
0.0,0.0,0.0,-0.0821312665939331,-0.043869972229003906,-0.031882815062999725,-0.15341699123382568,-0.12673306465148926,-0.049412764608860016,-0.21303105354309082,-0.18753933906555176,-0.06542825698852539,-0.2646423578262329,-0.2153085470199585,-0.08127854019403458,-0.10248678922653198,-0.35035020112991333,-0.013253762386739254,-0.12983053922653198,-0.47237613797187805,-0.025707749649882317,-0.14418655633926392,-0.5479302406311035,-0.04234130308032036,-0.15565252304077148,-0.6183497905731201,-0.05758535489439964,-0.05238538980484009,-0.380165159702301,-0.01600838638842106,-0.0576360821723938,-0.5216631889343262,-0.023044336587190628,-0.05917847156524658,-0.6109204292297363,-0.0368029847741127,-0.060881078243255615,-0.6862475872039795,-0.05007210001349449,-0.0044765472412109375,-0.3675552010536194,-0.024300282821059227,0.0038298368453979492,-0.4938649535179138,-0.036019228398799896,0.00785970687866211,-0.5794340372085571,-0.05332086980342865,0.009662866592407227,-0.656164824962616,-0.06780067086219788,0.04063922166824341,-0.32693588733673096,-0.036338333040475845,0.06280684471130371,-0.4230717122554779,-0.04863625392317772,0.07798022031784058,-0.4871395230293274,-0.05785166472196579,0.08992671966552734,-0.5498538017272949,-0.06594831496477127
0.0,0.0,0.0,-0.0802958607673645,-0.047454118728637695,-0.02887195348739624,-0.1519196629524231,-0.1357058882713318,-0.044320523738861084,-0.21100103855133057,-0.19704800844192505,-0.059012558311223984,-0.2616296410560608,-0.22340083122253418,-0.07413724809885025,-0.09959852695465088,-0.35466283559799194,-0.01126180775463581,-0.1267675757408142,-0.47717663645744324,-0.022959906607866287,-0.13987988233566284,-0.5527476072311401,-0.03893446922302246,-0.14955145120620728,-0.6239092946052551,-0.05369111895561218,-0.0496785044670105,-0.38330721855163574,-0.015384932048618793,-0.053451359272003174,-0.5285694003105164,-0.021455086767673492,-0.053778886795043945,-0.6191996932029724,-0.03435049206018448,-0.054600656032562256,-0.6943763494491577,-0.04715343192219734,-0.002301156520843506,-0.36930495500564575,-0.02484068088233471,0.006164908409118652,-0.4991704821586609,-0.035282861441373825,0.009435653686523438,-0.5844542980194092,-0.05217023566365242,0.009992241859436035,-0.6607762575149536,-0.06664713472127914,0.041753172874450684,-0.3276137709617615,-0.03784458339214325,0.06409668922424316,-0.42396074533462524,-0.04894547909498215,0.07956945896148682,-0.48824214935302734,-0.05779636651277542,0.09187650680541992,-0.5517287254333496,-0.06592410802841187
0.0,0.0,0.0,-0.07987898588180542,-0.04680138826370239,-0.02986648678779602,-0.15105277299880981,-0.1358044147491455,-0.04570145159959793,-0.20997267961502075,-0.19788986444473267,-0.060899604111909866,-0.260591059923172,-0.2239004373550415,-0.07649162411689758,-0.09903305768966675,-0.35698872804641724,-0.010896483436226845,-0.12607800960540771,-0.47984665632247925,-0.023222045972943306,-0.13872814178466797,-0.5551580190658569,-0.039862170815467834,-0.14816021919250488,-0.6263521313667297,-0.05517572537064552,-0.04873698949813843,-0.3851116895675659,-0.01487035769969225,-0.052806198596954346,-0.5277171730995178,-0.02158127725124359,-0.053400635719299316,-0.6173433661460876,-0.0349804125726223,-0.05491995811462402,-0.6924179792404175,-0.04822812229394913,-0.0009905695915222168,-0.3709371089935303,-0.024464482441544533,0.006637513637542725,-0.5012977123260498,-0.035475026816129684,0.00978398323059082,-0.5851556062698364,-0.05233624950051308,0.010284066200256348,-0.661296546459198,-0.06674370169639587,0.043609440326690674,-0.3290190100669861,-0.03782400116324425,0.06543010473251343,-0.42559292912483215,-0.04922197759151459,0.08088302612304688,-0.4889472424983978,-0.0582851804792881,0.0935022234916687,-0.551828920841217,-0.06661372631788254
0.0,0.0,0.0,-0.07969540357589722,-0.04708033800125122,-0.030314382165670395,-0.15204912424087524,-0.13879942893981934,-0.04539833962917328,-0.21180787682533264,-0.2016659379005432,-0.05964692682027817,-0.26273196935653687,-0.22633975744247437,-0.07420215010643005,-0.10057318210601807,-0.3595295548439026,-0.010709432885050774,-0.12810516357421875,-0.48391199111938477,-0.02218574658036232,-0.14096671342849731,-0.5599116683006287,-0.03777733072638512,-0.15034282207489014,-0.6317336559295654,-0.05231326445937157,-0.0502856969833374,-0.3880314826965332,-0.014297314919531345,-0.05396825075149536,-0.5334087610244751,-0.019850770011544228,-0.0540766716003418,-0.6228830218315125,-0.03183791786432266,-0.055392324924468994,-0.6960399150848389,-0.04386293888092041,-0.0023354291915893555,-0.3736981153488159,-0.023643311113119125,0.0062528252601623535,-0.502914309501648,-0.034327805042266846,0.00922316312789917,-0.5882708430290222,-0.05097990483045578,0.0094185471534729,-0.6652189493179321,-0.0650208443403244,0.042311787605285645,-0.33180660009384155,-0.03680461272597313,0.06428766250610352,-0.4270617961883545,-0.04840215668082237,0.07909631729125977,-0.4913138747215271,-0.057712145149707794,0.09067964553833008,-0.5547852516174316,-0.06605736911296844
0.0,0.0,0.0,-0.07958102226257324,-0.044936418533325195,-0.03156537562608719,-0.151481032371521,-0.13669681549072266,-0.0474223755300045,-0.21160298585891724,-0.20076918601989746,-0.062072526663541794,-0.2629692852497101,-0.22340112924575806,-0.0767604410648346,-0.10148406028747559,-0.3595584034919739,-0.012444919906556606,-0.12971848249435425,-0.48516759276390076,-0.024383114650845528,-0.14336031675338745,-0.5616247057914734,-0.04029250144958496,-0.153533935546875,-0.6330971717834473,-0.054948024451732635,-0.05140054225921631,-0.38836658000946045,-0.015508739277720451,-0.05644524097442627,-0.5353201627731323,-0.021366270259022713,-0.05696207284927368,-0.6266480684280396,-0.03358454257249832,-0.05819392204284668,-0.7011092901229858,-0.04574964568018913,-0.003270387649536133,-0.3744695782661438,-0.024320010095834732,0.005550980567932129,-0.5038548707962036,-0.03512140363454819,0.008358240127563477,-0.589619517326355,-0.05192624032497406,0.00821995735168457,-0.666167140007019,-0.0660683661699295,0.041833579540252686,-0.333087682723999,-0.03703708201646805,0.06416326761245728,-0.4295493960380554,-0.04860648885369301,0.07897442579269409,-0.49469229578971863,-0.05790691450238228,0.0901610255241394,-0.5583692193031311,-0.06624256074428558
0.0,0.0,0.0,-0.08176881074905396,-0.04447317123413086,-0.031136948615312576,-0.15351277589797974,-0.13422775268554688,-0.046661391854286194,-0.21455204486846924,-0.19730180501937866,-0.06101110950112343,-0.2668534517288208,-0.22215551137924194,-0.07527108490467072,-0.10162454843521118,-0.3569255471229553,-0.010274117812514305,-0.1300482153892517,-0.48126310110092163,-0.02118266001343727,-0.14413022994995117,-0.5578562021255493,-0.03668496757745743,-0.1546664834022522,-0.6288899779319763,-0.051103491336107254,-0.051833271980285645,-0.38682281970977783,-0.013146663084626198,-0.0573500394821167,-0.5342398881912231,-0.017561454325914383,-0.05791676044464111,-0.626224160194397,-0.02892235480248928,-0.05908924341201782,-0.7003598213195801,-0.040485918521881104,-0.003969550132751465,-0.3731321096420288,-0.021870139986276627,0.003941357135772705,-0.5049425363540649,-0.031419578939676285,0.007363379001617432,-0.591922402381897,-0.04740113765001297,0.007911622524261475,-0.6690419912338257,-0.061083126813173294,0.04108470678329468,-0.33161014318466187,-0.03451289236545563,0.06304711103439331,-0.42768967151641846,-0.04535958915948868,0.07798224687576294,-0.4929669499397278,-0.05408017709851265,0.08960556983947754,-0.5570126175880432,-0.06194334104657173
0.0,0.0,0.0,-0.08135873079299927,-0.04642689228057861,-0.030539916828274727,-0.15309154987335205,-0.13559651374816895,-0.04617702588438988,-0.21416577696800232,-0.1967889666557312,-0.06074273958802223,-0.2653834819793701,-0.2225775122642517,-0.07535599172115326,-0.10264736413955688,-0.35887616872787476,-0.010943886823952198,-0.13021540641784668,-0.4843675494194031,-0.022808590903878212,-0.14432072639465332,-0.5607819557189941,-0.03899041563272476,-0.15507876873016357,-0.6320890188217163,-0.05364950746297836,-0.05248981714248657,-0.38927483558654785,-0.014159764163196087,-0.05711263418197632,-0.5380305051803589,-0.01891154795885086,-0.05710405111312866,-0.6307945251464844,-0.030649608001112938,-0.05776935815811157,-0.706060528755188,-0.04245486482977867,-0.004219233989715576,-0.3753522038459778,-0.023106418550014496,0.004710793495178223,-0.5059413909912109,-0.032462116330862045,0.008441627025604248,-0.5922093987464905,-0.04847428575158119,0.0090104341506958,-0.6688016653060913,-0.062164973467588425,0.04121565818786621,-0.33341044187545776,-0.03591936454176903,0.0634261965751648,-0.4304557144641876,-0.04630812257528305,0.07814633846282959,-0.49567264318466187,-0.05453156679868698,0.08933287858963013,-0.5599046945571899,-0.06198892369866371
0.0,0.0,0.0,-0.08209025859832764,-0.04601085186004639,-0.03049067221581936,-0.15473061800003052,-0.13594913482666016,-0.045507315546274185,-0.21582984924316406,-0.19740056991577148,-0.059417277574539185,-0.26674729585647583,-0.22338169813156128,-0.07331234961748123,-0.10299652814865112,-0.359375536441803,-0.009432811290025711,-0.13156193494796753,-0.4844686686992645,-0.020215041935443878,-0.14577507972717285,-0.5605027079582214,-0.03572951629757881,-0.15646982192993164,-0.631569504737854,-0.05007724463939667,-0.052593231201171875,-0.38985496759414673,-0.012557881884276867,-0.057702839374542236,-0.5369841456413269,-0.016521936282515526,-0.05820196866989136,-0.6291594505310059,-0.02817416936159134,-0.05961686372756958,-0.7038135528564453,-0.04002818092703819,-0.004424452781677246,-0.37639641761779785,-0.021481307223439217,0.004233896732330322,-0.5053560137748718,-0.03056994080543518,0.007153868675231934,-0.5911047458648682,-0.04696027189493179,0.006879627704620361,-0.6675028800964355,-0.06089511886239052,0.04089266061782837,-0.334891140460968,-0.03426337614655495,0.06245023012161255,-0.4324500560760498,-0.044852517545223236,0.07709002494812012,-0.49700629711151123,-0.05350771173834801,0.08843958377838135,-0.5604717135429382,-0.061203472316265106
0.0,0.0,0.0,-0.08289462327957153,-0.045981407165527344,-0.030136603862047195,-0.1545141339302063,-0.13397645950317383,-0.04547328129410744,-0.2156272530555725,-0.19541484117507935,-0.059800390154123306,-0.2672343850135803,-0.22055327892303467,-0.07401364296674728,-0.1031033992767334,-0.35630154609680176,-0.009136354550719261,-0.1314902901649475,-0.4804884195327759,-0.020522961392998695,-0.14630186557769775,-0.5557879209518433,-0.0364578552544117,-0.1580747365951538,-0.625877857208252,-0.05104488134384155,-0.05336946249008179,-0.3871561884880066,-0.012395238503813744,-0.05885523557662964,-0.5341994762420654,-0.017178356647491455,-0.05966144800186157,-0.6259862184524536,-0.029202034696936607,-0.06129688024520874,-0.700992226600647,-0.04112018272280693,-0.005357921123504639,-0.3740217685699463,-0.02142907679080963,0.002298593521118164,-0.5042462348937988,-0.03125060722231865,0.00559389591217041,-0.5896094441413879,-0.04759691283106804,0.00589299201965332,-0.6653130054473877,-0.06127678230404854,0.04009050130844116,-0.3325873613357544,-0.03426029533147812,0.06181710958480835,-0.42976585030555725,-0.04524755850434303,0.07661712169647217,-0.49427875876426697,-0.05383329838514328,0.08799082040786743,-0.5570382475852966,-0.061343081295490265
0.0,0.0,0.0,-0.08187127113342285,-0.04559826850891113,-0.03128915652632713,-0.15399181842803955,-0.13493847846984863,-0.04712551832199097,-0.21537476778030396,-0.19733905792236328,-0.06172020733356476,-0.2670658230781555,-0.22247028350830078,-0.0762576311826706,-0.10311353206634521,-0.35867464542388916,-0.010664822533726692,-0.13145506381988525,-0.484493613243103,-0.022332141175866127,-0.14573270082473755,-0.5607988238334656,-0.0382971465587616,-0.15665817260742188,-0.6312718987464905,-0.05278712138533592,-0.05277174711227417,-0.3881547451019287,-0.013375253416597843,-0.05743294954299927,-0.5342650413513184,-0.018433375284075737,-0.05801457166671753,-0.6263126134872437,-0.03038959763944149,-0.05954241752624512,-0.7012279033660889,-0.04230539873242378,-0.0046707987785339355,-0.3746803402900696,-0.021968964487314224,0.003933727741241455,-0.5042257308959961,-0.03209927678108215,0.007641792297363281,-0.5912749767303467,-0.0487932413816452,0.008502483367919922,-0.6687608361244202,-0.0627460703253746,0.04075711965560913,-0.3337337374687195,-0.03442353010177612,0.06312012672424316,-0.43099188804626465,-0.0456363819539547,0.0784064531326294,-0.4961255192756653,-0.05459956079721451,0.09047818183898926,-0.5601722002029419,-0.06248055770993233
0.0,0.0,0.0,-0.08201289176940918,-0.044949889183044434,-0.030712947249412537,-0.1535038948059082,-0.13439804315567017,-0.04604855552315712,-0.2154495120048523,-0.1958114504814148,-0.060247752815485,-0.2673705220222473,-0.21977031230926514,-0.07429574429988861,-0.10314005613327026,-0.35739606618881226,-0.009440054185688496,-0.13104724884033203,-0.48191213607788086,-0.020499639213085175,-0.14528250694274902,-0.5574880838394165,-0.03612199425697327,-0.1562764048576355,-0.6277449727058411,-0.05039224773645401,-0.05304020643234253,-0.3880525827407837,-0.012276838533580303,-0.058505892753601074,-0.535152792930603,-0.01614104025065899,-0.058796703815460205,-0.6272150278091431,-0.027000218629837036,-0.05988532304763794,-0.7015842795372009,-0.03811799734830856,-0.004784882068634033,-0.37473517656326294,-0.021025044843554497,0.003491044044494629,-0.5049161911010742,-0.02999541535973549,0.007461726665496826,-0.5910476446151733,-0.04544427990913391,0.0084037184715271,-0.6676875352859497,-0.05856367200613022,0.040689945220947266,-0.33368754386901855,-0.03370201587677002,0.06293600797653198,-0.4300413727760315,-0.04410853981971741,0.07810044288635254,-0.49490588903427124,-0.05230066552758217,0.08983349800109863,-0.5589597225189209,-0.059555333107709885
0.0,0.0,0.0,-0.08136540651321411,-0.04515814781188965,-0.0312009546905756,-0.15293997526168823,-0.13518273830413818,-0.04667630419135094,-0.214366614818573,-0.1976395845413208,-0.06107329949736595,-0.2662062346935272,-0.22206300497055054,-0.07541745901107788,-0.10245239734649658,-0.35806018114089966,-0.00986956711858511,-0.13048124313354492,-0.4833018481731415,-0.02142307721078396,-0.14471441507339478,-0.5593783855438232,-0.03738837689161301,-0.1553499698638916,-0.6302882432937622,-0.0518542155623436,-0.05197572708129883,-0.38823384046554565,-0.012690133415162563,-0.05657428503036499,-0.5358391404151917,-0.017224913462996483,-0.056577324867248535,-0.6292638778686523,-0.02846081368625164,-0.05771446228027344,-0.7045983076095581,-0.03982548415660858,-0.0036571621894836426,-0.374350368976593,-0.02152782678604126,0.005469799041748047,-0.5046120285987854,-0.031215129420161247,0.009219884872436523,-0.5909850001335144,-0.047012802213430405,0.009630560874938965,-0.6677244901657104,-0.06024701148271561,0.04175466299057007,-0.3328983187675476,-0.03433777764439583,0.06452226638793945,-0.429651141166687,-0.045150477439165115,0.07969355583190918,-0.49457013607025146,-0.05354713648557663,0.09132027626037598,-0.5584695935249329,-0.06096799299120903
0.0,0.0,0.0,-0.07983732223510742,-0.045680999755859375,-0.03155453875660896,-0.15205103158950806,-0.1379075050354004,-0.04733160510659218,-0.21258661150932312,-0.20081549882888794,-0.061867885291576385,-0.2639322280883789,-0.22455018758773804,-0.07644880563020706,-0.1004289984703064,-0.3610265851020813,-0.011950741522014141,-0.12900543212890625,-0.4867429733276367,-0.023949533700942993,-0.14336395263671875,-0.5635315775871277,-0.040068209171295166,-0.15421336889266968,-0.6355085372924805,-0.05485035851597786,-0.05031478404998779,-0.39022302627563477,-0.014974852092564106,-0.05533522367477417,-0.5371170043945312,-0.020451022312045097,-0.055985331535339355,-0.6292744278907776,-0.03256426006555557,-0.057505786418914795,-0.7040315866470337,-0.044690534472465515,-0.0022614598274230957,-0.37619590759277344,-0.023849980905652046,0.0064237117767333984,-0.5050885677337646,-0.03434649482369423,0.009937942028045654,-0.5923060774803162,-0.051292333751916885,0.010491907596588135,-0.6703858375549316,-0.06556672602891922,0.04297006130218506,-0.33483606576919556,-0.03665871173143387,0.06547677516937256,-0.43224024772644043,-0.048013634979724884,0.0803520679473877,-0.49724167585372925,-0.05718357115983963,0.09152179956436157,-0.5609756112098694,-0.0654408261179924
0.0,0.0,0.0,-0.08136838674545288,-0.045670926570892334,-0.03141266852617264,-0.15330356359481812,-0.1357848048210144,-0.04759171977639198,-0.2136208415031433,-0.19863903522491455,-0.062486760318279266,-0.26465046405792236,-0.22454345226287842,-0.0773431733250618,-0.10234314203262329,-0.360950767993927,-0.011593087576329708,-0.13092041015625,-0.4859463572502136,-0.023281652480363846,-0.14484798908233643,-0.5621840953826904,-0.03944552689790726,-0.15530651807785034,-0.6339055299758911,-0.054490286856889725,-0.052000224590301514,-0.3905606269836426,-0.014757092110812664,-0.05709618330001831,-0.5362644195556641,-0.020659180358052254,-0.05751270055770874,-0.6284863948822021,-0.033508721739053726,-0.058533668518066406,-0.704810380935669,-0.04618636146187782,-0.003883659839630127,-0.3768569827079773,-0.023681864142417908,0.004146754741668701,-0.5059915781021118,-0.03469264507293701,0.008540153503417969,-0.5938963890075684,-0.05219896510243416,0.01052778959274292,-0.6732996702194214,-0.06691930443048477,0.04174339771270752,-0.3352697491645813,-0.036437951028347015,0.06420809030532837,-0.4322912096977234,-0.04827826842665672,0.07953035831451416,-0.4971217215061188,-0.057758934795856476,0.09144192934036255,-0.5614522695541382,-0.06624966859817505
0.0,0.0,0.0,-0.08309900760650635,-0.04751628637313843,-0.031017957255244255,-0.1549992561340332,-0.13838207721710205,-0.04625926539301872,-0.21623378992080688,-0.2018733024597168,-0.060305774211883545,-0.26760005950927734,-0.22733700275421143,-0.07419592887163162,-0.10363048315048218,-0.36174654960632324,-0.009139325469732285,-0.13179612159729004,-0.4886247217655182,-0.019786503165960312,-0.1459980010986328,-0.5651187896728516,-0.03520463779568672,-0.156868577003479,-0.6363416314125061,-0.04945849999785423,-0.05303454399108887,-0.39113813638687134,-0.011885245330631733,-0.05742126703262329,-0.537151575088501,-0.015913397073745728,-0.05779862403869629,-0.6293408870697021,-0.02742750570178032,-0.05932044982910156,-0.7042971849441528,-0.039127521216869354,-0.004818618297576904,-0.37752628326416016,-0.020595654845237732,0.003896176815032959,-0.5056696534156799,-0.029802879318594933,0.007197141647338867,-0.5921685695648193,-0.04631244018673897,0.007406949996948242,-0.6698412895202637,-0.060287296772003174,0.04058480262756348,-0.33663636445999146,-0.03323694318532944,0.06310832500457764,-0.43390053510665894,-0.04380478337407112,0.07824385166168213,-0.4989352524280548,-0.052690889686346054,0.09012079238891602,-0.5631771683692932,-0.060624860227108
0.0,0.0,0.0,-0.08176463842391968,-0.04634517431259155,-0.031006019562482834,-0.15389114618301392,-0.13847249746322632,-0.04618261381983757,-0.21426695585250854,-0.20208483934402466,-0.06020168215036392,-0.26559844613075256,-0.22768062353134155,-0.07428650557994843,-0.1020345687866211,-0.360893189907074,-0.011045428924262524,-0.13015121221542358,-0.48863905668258667,-0.02279571257531643,-0.14424169063568115,-0.5658528208732605,-0.038633257150650024,-0.15506166219711304,-0.6379431486129761,-0.05313066393136978,-0.051448941230773926,-0.3899548649787903,-0.014094028621912003,-0.05663764476776123,-0.5369651913642883,-0.019313063472509384,-0.05748945474624634,-0.6291128396987915,-0.03134072571992874,-0.05921494960784912,-0.7043299674987793,-0.043447572737932205,-0.0029294490814208984,-0.3762855529785156,-0.023033708333969116,0.0059926509857177734,-0.5050716400146484,-0.03347798436880112,0.009433209896087646,-0.5920608639717102,-0.050716713070869446,0.009901285171508789,-0.6703916788101196,-0.06519362330436707,0.04283130168914795,-0.33538007736206055,-0.03584348410367966,0.06606858968734741,-0.43269628286361694,-0.04754544049501419,0.0812981128692627,-0.4976766109466553,-0.057281430810689926,0.09270638227462769,-0.5619542598724365,-0.06589597463607788
0.0,0.0,0.0,-0.08192682266235352,-0.04662013053894043,-0.030872061848640442,-0.15475249290466309,-0.1386297345161438,-0.04640666022896767,-0.21521246433258057,-0.2015775442123413,-0.060978326946496964,-0.26736319065093994,-0.2263733148574829,-0.0758790597319603,-0.10112237930297852,-0.36142218112945557,-0.01207459345459938,-0.12953084707260132,-0.48808562755584717,-0.024450205266475677,-0.14335697889328003,-0.5657331943511963,-0.04050111025571823,-0.153800368309021,-0.6383438110351562,-0.05529367923736572,-0.050615012645721436,-0.3905254006385803,-0.01569516770541668,-0.05473136901855469,-0.5384820103645325,-0.022437462583184242,-0.05561470985412598,-0.6312795281410217,-0.03525842726230621,-0.057463884353637695,-0.7071124315261841,-0.04788966849446297,-0.0025259852409362793,-0.3767879009246826,-0.025105852633714676,0.006771445274353027,-0.5070297718048096,-0.03716268762946129,0.009753406047821045,-0.5955674648284912,-0.0551496297121048,0.009958148002624512,-0.6743565797805786,-0.07006587833166122,0.04254436492919922,-0.33524447679519653,-0.03827843442559242,0.06622105836868286,-0.4315471947193146,-0.05099141225218773,0.08187419176101685,-0.4969400465488434,-0.06129234656691551,0.09362852573394775,-0.5609642863273621,-0.07040946930646896
0.0,0.0,0.0,-0.08084416389465332,-0.04547321796417236,-0.030526718124747276,-0.15360748767852783,-0.13849163055419922,-0.0457262322306633,-0.21397840976715088,-0.2020931839942932,-0.06000298261642456,-0.265735000371933,-0.22515076398849487,-0.0745549201965332,-0.10124760866165161,-0.3597240447998047,-0.011360724456608295,-0.1281720995903015,-0.48448485136032104,-0.023453613743185997,-0.14178431034088135,-0.5611175298690796,-0.03950708359479904,-0.15230607986450195,-0.6332805752754211,-0.05419336259365082,-0.050891339778900146,-0.3887980580329895,-0.01489198673516512,-0.05508756637573242,-0.536282479763031,-0.02085980214178562,-0.054980576038360596,-0.6293071508407593,-0.033105529844760895,-0.055690765380859375,-0.7058020830154419,-0.0452982597053051,-0.002941608428955078,-0.3747655153274536,-0.024195672944188118,0.006033182144165039,-0.504626989364624,-0.03529723361134529,0.009558677673339844,-0.5919173359870911,-0.05244585499167442,0.009978234767913818,-0.6701381206512451,-0.06676959246397018,0.042099058628082275,-0.33309197425842285,-0.0372970774769783,0.06532299518585205,-0.42840760946273804,-0.04912147298455238,0.08098524808883667,-0.49335262179374695,-0.05867067351937294,0.09295576810836792,-0.5572525858879089,-0.06719470024108887
0.0,0.0,0.0,-0.08156311511993408,-0.04736685752868652,-0.029409268870949745,-0.15485703945159912,-0.1397966742515564,-0.04433161020278931,-0.2148156762123108,-0.20352023839950562,-0.058685120195150375,-0.26586011052131653,-0.23106926679611206,-0.07353570312261581,-0.10065138339996338,-0.35887932777404785,-0.010662112385034561,-0.12738215923309326,-0.48398953676223755,-0.022703951224684715,-0.1401570439338684,-0.5611716508865356,-0.03869469091296196,-0.1496860384941101,-0.6335606575012207,-0.05346553400158882,-0.0500754714012146,-0.38801848888397217,-0.01492322888225317,-0.05378007888793945,-0.5347809195518494,-0.021327657625079155,-0.05372136831283569,-0.6268523931503296,-0.03424478694796562,-0.05443859100341797,-0.7021175026893616,-0.04707898199558258,-0.0021319985389709473,-0.3745587468147278,-0.024852335453033447,0.007062375545501709,-0.5025625228881836,-0.03615275025367737,0.01052844524383545,-0.5889613628387451,-0.053898874670267105,0.011243045330047607,-0.6666320562362671,-0.06889534741640091,0.042688727378845215,-0.3332064747810364,-0.038466401398181915,0.0661078691482544,-0.4277423322200775,-0.05039120465517044,0.0816422700881958,-0.4919731914997101,-0.060329634696245193,0.09377819299697876,-0.5553305149078369,-0.06935768574476242
0.0,0.0,0.0,-0.08041077852249146,-0.0460813045501709,-0.03192843869328499,-0.1532285213470459,-0.13808536529541016,-0.047983165830373764,-0.2133837342262268,-0.2021712064743042,-0.06297173351049423,-0.26511263847351074,-0.2278246283531189,-0.07833335548639297,-0.10059839487075806,-0.35910797119140625,-0.013346795924007893,-0.1278429627418518,-0.4843284785747528,-0.02647581696510315,-0.14105534553527832,-0.5624663829803467,-0.043008673936128616,-0.15078598260879517,-0.6352039575576782,-0.05804286524653435,-0.049969375133514404,-0.3876510262489319,-0.016600502654910088,-0.053891658782958984,-0.5347858667373657,-0.024404915049672127,-0.05399054288864136,-0.6276620030403137,-0.03791425749659538,-0.054538071155548096,-0.7032342553138733,-0.050930656492710114,-0.002012014389038086,-0.37379950284957886,-0.0256904698908329,0.007199108600616455,-0.5013738870620728,-0.03870902955532074,0.010414302349090576,-0.588155210018158,-0.05712767690420151,0.011055529117584229,-0.6659495830535889,-0.0721103623509407,0.043148577213287354,-0.33275043964385986,-0.03858611360192299,0.0668102502822876,-0.4284828305244446,-0.051634304225444794,0.0827743411064148,-0.4932858347892761,-0.0620671771466732,0.09533441066741943,-0.5565602779388428,-0.07124980539083481
0.0,0.0,0.0,-0.08118736743927002,-0.0487518310546875,-0.030108554288744926,-0.15436261892318726,-0.14248281717300415,-0.0453912578523159,-0.21432873606681824,-0.20662009716033936,-0.060038622468709946,-0.2655697762966156,-0.23313021659851074,-0.07520738244056702,-0.09976977109909058,-0.3601667881011963,-0.011303785257041454,-0.12612038850784302,-0.48565638065338135,-0.023056214675307274,-0.13863450288772583,-0.5625951290130615,-0.038856010884046555,-0.1477299928665161,-0.6349719762802124,-0.053703755140304565,-0.04911649227142334,-0.3877858519554138,-0.015165641903877258,-0.052370548248291016,-0.5323007106781006,-0.02188008464872837,-0.05256253480911255,-0.6228065490722656,-0.03520417585968971,-0.05355668067932129,-0.6972314119338989,-0.048527706414461136,-0.0010800957679748535,-0.37364012002944946,-0.024687785655260086,0.007104635238647461,-0.5022566318511963,-0.03590900078415871,0.01021111011505127,-0.5870110392570496,-0.0537363700568676,0.0109483003616333,-0.664055585861206,-0.06901127099990845,0.044003844261169434,-0.3325961232185364,-0.037968188524246216,0.06649971008300781,-0.42848244309425354,-0.049638643860816956,0.08237576484680176,-0.49245691299438477,-0.059765249490737915,0.09558278322219849,-0.5554708242416382,-0.06917092204093933
0.0,0.0,0.0,-0.08129703998565674,-0.04774445295333862,-0.03080851584672928,-0.1550360918045044,-0.14117616415023804,-0.04604662209749222,-0.21538466215133667,-0.20547354221343994,-0.060462836176157,-0.2667045295238495,-0.23161762952804565,-0.07533050328493118,-0.10055726766586304,-0.3602064847946167,-0.011577055789530277,-0.1266297698020935,-0.48576489090919495,-0.023414695635437965,-0.1391068696975708,-0.5632568597793579,-0.03916984796524048,-0.1482630968093872,-0.6361362934112549,-0.053927939385175705,-0.04967617988586426,-0.3887537121772766,-0.015158680267632008,-0.05305284261703491,-0.5346389412879944,-0.021546192467212677,-0.053287506103515625,-0.6257930994033813,-0.03432662785053253,-0.05436986684799194,-0.7003068923950195,-0.04717186838388443,-0.00146561861038208,-0.3754408359527588,-0.02452579326927662,0.007585644721984863,-0.5037456750869751,-0.03590882569551468,0.010869801044464111,-0.5896113514900208,-0.053471166640520096,0.011625409126281738,-0.6671617031097412,-0.06837434321641922,0.043801844120025635,-0.33500057458877563,-0.037726253271102905,0.06676596403121948,-0.4296018183231354,-0.049628447741270065,0.08245790004730225,-0.49346494674682617,-0.05959561467170715,0.0950736403465271,-0.556309163570404,-0.06875179708003998
0.0,0.0,0.0,-0.08080041408538818,-0.04857295751571655,-0.029615039005875587,-0.15310180187225342,-0.14355206489562988,-0.044562142342329025,-0.21356511116027832,-0.20766693353652954,-0.05884794145822525,-0.2656348943710327,-0.23206132650375366,-0.07355868071317673,-0.09983420372009277,-0.3632272481918335,-0.010357039049267769,-0.1270279884338379,-0.48794424533843994,-0.02215910702943802,-0.1403898000717163,-0.5641517639160156,-0.03817980736494064,-0.1504318118095398,-0.6360727548599243,-0.05301344394683838,-0.04918968677520752,-0.3918377161026001,-0.014542284421622753,-0.05274534225463867,-0.5377438068389893,-0.020530393347144127,-0.05237799882888794,-0.6291874647140503,-0.033253252506256104,-0.052748024463653564,-0.7050907611846924,-0.04592214152216911,-0.0009421706199645996,-0.3772532343864441,-0.024398671463131905,0.008099377155303955,-0.5065112709999084,-0.03545858711004257,0.011896073818206787,-0.5925094485282898,-0.05299420282244682,0.012813687324523926,-0.6700344085693359,-0.06777649372816086,0.043831825256347656,-0.33480238914489746,-0.03796342387795448,0.06648808717727661,-0.42990419268608093,-0.049854110926389694,0.08237063884735107,-0.49387437105178833,-0.059567805379629135,0.0949752926826477,-0.5568591952323914,-0.06831058114767075
0.0,0.0,0.0,-0.08065462112426758,-0.04760611057281494,-0.030302412807941437,-0.15366071462631226,-0.14344310760498047,-0.0452105812728405,-0.21370398998260498,-0.20806926488876343,-0.059344321489334106,-0.26548799872398376,-0.2308034896850586,-0.0739089623093605,-0.10055279731750488,-0.363707959651947,-0.011170662008225918,-0.12749439477920532,-0.4889119565486908,-0.022991051897406578,-0.14043492078781128,-0.5660388469696045,-0.03877490386366844,-0.1503726840019226,-0.6380704641342163,-0.05339620262384415,-0.0499730110168457,-0.39121127128601074,-0.015066796913743019,-0.05292320251464844,-0.538680911064148,-0.02131796069443226,-0.05288112163543701,-0.6309130191802979,-0.03378833085298538,-0.05417996644973755,-0.7059589624404907,-0.04615015536546707,-0.0018503665924072266,-0.3762003779411316,-0.02469945140182972,0.007516384124755859,-0.5065978765487671,-0.036115940660238266,0.010957002639770508,-0.5935097336769104,-0.053577717393636703,0.011331677436828613,-0.6709136366844177,-0.06813561916351318,0.042921483516693115,-0.3339753746986389,-0.03809698298573494,0.06581640243530273,-0.42947906255722046,-0.04995712637901306,0.08176136016845703,-0.4941306412220001,-0.0596153698861599,0.09428918361663818,-0.5569309592247009,-0.06834650784730911
0.0,0.0,0.0,-0.08106589317321777,-0.04836505651473999,-0.03148171678185463,-0.15483081340789795,-0.14313405752182007,-0.04712343588471413,-0.2151108980178833,-0.20843398571014404,-0.06178697571158409,-0.26700255274772644,-0.2349320650100708,-0.07686898112297058,-0.10145819187164307,-0.3626365065574646,-0.013014357537031174,-0.1283692717552185,-0.4889872968196869,-0.025337744504213333,-0.1407673954963684,-0.5673115253448486,-0.041171200573444366,-0.14955484867095947,-0.6405214071273804,-0.05585179850459099,-0.05034738779067993,-0.39069128036499023,-0.016495155170559883,-0.053849637508392334,-0.5392098426818848,-0.023413462564349174,-0.05368518829345703,-0.6319918632507324,-0.03613879531621933,-0.054493248462677,-0.7067528367042542,-0.04875911399722099,-0.0020020604133605957,-0.37669867277145386,-0.025778939947485924,0.0070304274559021,-0.5061571002006531,-0.037717413157224655,0.010148465633392334,-0.592429518699646,-0.055066436529159546,0.010683059692382812,-0.6695685386657715,-0.06958337873220444,0.0430791974067688,-0.3355855345726013,-0.038926154375076294,0.06579470634460449,-0.4315001368522644,-0.05103787034749985,0.08136123418807983,-0.4960740804672241,-0.06077474728226662,0.09393411874771118,-0.5586422085762024,-0.06964335590600967
0.0,0.0,0.0,-0.08068907260894775,-0.04697108268737793,-0.03119923546910286,-0.15354835987091064,-0.1412719488143921,-0.04682376608252525,-0.21393361687660217,-0.20703136920928955,-0.06143801286816597,-0.2657974660396576,-0.23192250728607178,-0.07641271501779556,-0.09959089756011963,-0.3621754050254822,-0.012262516655027866,-0.12656110525131226,-0.4876571595668793,-0.024568025022745132,-0.13961130380630493,-0.5653884410858154,-0.04067232459783554,-0.1494123935699463,-0.6378543376922607,-0.055519647896289825,-0.04876148700714111,-0.39039331674575806,-0.015780286863446236,-0.051982879638671875,-0.5392017364501953,-0.022405287250876427,-0.05202805995941162,-0.6319823861122131,-0.035076260566711426,-0.05296480655670166,-0.7073215842247009,-0.04757405072450638,-0.0007132291793823242,-0.3753119111061096,-0.025070685893297195,0.008934736251831055,-0.5055999755859375,-0.036823101341724396,0.01274341344833374,-0.5931763648986816,-0.05448710173368454,0.013611316680908203,-0.6707391738891602,-0.06921157985925674,0.04407238960266113,-0.33244508504867554,-0.03816874697804451,0.06730073690414429,-0.4278225004673004,-0.05054568126797676,0.08300536870956421,-0.4929315447807312,-0.06048830971121788,0.09520000219345093,-0.5563135147094727,-0.06936310976743698
0.0,0.0,0.0,-0.08029216527938843,-0.047724366188049316,-0.029176339507102966,-0.15255534648895264,-0.14313584566116333,-0.04364483803510666,-0.21257513761520386,-0.20833855867385864,-0.05748724564909935,-0.2641097605228424,-0.2341669797897339,-0.07175401598215103,-0.09928983449935913,-0.3616678714752197,-0.01004850398749113,-0.12554877996444702,-0.4859652817249298,-0.021349551156163216,-0.13801604509353638,-0.5626249313354492,-0.036867689341306686,-0.1473183035850525,-0.6346800327301025,-0.05142892152070999,-0.04882162809371948,-0.389867901802063,-0.014256976544857025,-0.05200749635696411,-0.5374153852462769,-0.01994478702545166,-0.05085676908493042,-0.6294567584991455,-0.03218894824385643,-0.050661444664001465,-0.7049726247787476,-0.04450689256191254,-0.0008068680763244629,-0.3746833801269531,-0.024090295657515526,0.008807957172393799,-0.5033820867538452,-0.035093702375888824,0.012894034385681152,-0.589120626449585,-0.052437666803598404,0.013857901096343994,-0.6664693355560303,-0.06700914353132248,0.0440521240234375,-0.33179771900177,-0.03756636381149292,0.06769782304763794,-0.4264993369579315,-0.04929361492395401,0.08361518383026123,-0.49062538146972656,-0.058898575603961945,0.09586125612258911,-0.5538806319236755,-0.0676095262169838
0.0,0.0,0.0,-0.08050310611724854,-0.048274099826812744,-0.029752498492598534,-0.15282315015792847,-0.14244210720062256,-0.04486365616321564,-0.21212545037269592,-0.20750975608825684,-0.05922069028019905,-0.26305055618286133,-0.23555594682693481,-0.07398059964179993,-0.0989983081817627,-0.3626170754432678,-0.011031527072191238,-0.1252104640007019,-0.48776665329933167,-0.02275855466723442,-0.13746947050094604,-0.5650144815444946,-0.03853915259242058,-0.14665067195892334,-0.6372510194778442,-0.053333405405282974,-0.04804438352584839,-0.3909075856208801,-0.015199651010334492,-0.051662445068359375,-0.5385146141052246,-0.021350789815187454,-0.05156660079956055,-0.630011260509491,-0.034004516899585724,-0.052552223205566406,-0.7044628858566284,-0.04672390595078468,0.00012284517288208008,-0.3763813376426697,-0.02501077950000763,0.009840190410614014,-0.5068967938423157,-0.0362040176987648,0.01373302936553955,-0.593963086605072,-0.05360938981175423,0.01446533203125,-0.6717002391815186,-0.0684659406542778,0.045009732246398926,-0.33391082286834717,-0.03851472958922386,0.0683739185333252,-0.4291364550590515,-0.05052482709288597,0.08376973867416382,-0.49371078610420227,-0.06035049632191658,0.09553134441375732,-0.5573889017105103,-0.06933622062206268
0.0,0.0,0.0,-0.08100146055221558,-0.048985421657562256,-0.028918694704771042,-0.15331166982650757,-0.14327752590179443,-0.04307391867041588,-0.21299177408218384,-0.20884013175964355,-0.05662715062499046,-0.26345494389533997,-0.23683011531829834,-0.07053332030773163,-0.09981918334960938,-0.36119145154953003,-0.008825141005218029,-0.12607932090759277,-0.4862992763519287,-0.01951599307358265,-0.1384410262107849,-0.562898576259613,-0.03479965031147003,-0.14757031202316284,-0.6348838806152344,-0.04920784756541252,-0.04926633834838867,-0.38970524072647095,-0.012849785387516022,-0.05224430561065674,-0.5354659557342529,-0.017608853057026863,-0.05150705575942993,-0.626535177230835,-0.029569920152425766,-0.051702022552490234,-0.7011013031005859,-0.041816774755716324,-0.0012637972831726074,-0.37523841857910156,-0.022549599409103394,0.00829380750656128,-0.503925085067749,-0.032308850437402725,0.012245237827301025,-0.5893882513046265,-0.04922544211149216,0.013436555862426758,-0.6665513515472412,-0.06380481272935867,0.04365551471710205,-0.3330771327018738,-0.03595606982707977,0.06671774387359619,-0.42773377895355225,-0.04687351733446121,0.08230262994766235,-0.49124830961227417,-0.05619135499000549,0.09480857849121094,-0.554301917552948,-0.0647769346833229
0.0,0.0,0.0,-0.08103829622268677,-0.048480987548828125,-0.028307287022471428,-0.1527072787284851,-0.14176321029663086,-0.042545393109321594,-0.21222400665283203,-0.20582056045532227,-0.05622584745287895,-0.2633126974105835,-0.23132562637329102,-0.07027146220207214,-0.09903264045715332,-0.3607954978942871,-0.007987765595316887,-0.1258535385131836,-0.4846557378768921,-0.018807103857398033,-0.1386764645576477,-0.5608210563659668,-0.03439273685216904,-0.1481459140777588,-0.631441593170166,-0.0488901361823082,-0.04876178503036499,-0.38892054557800293,-0.012153689749538898,-0.05200415849685669,-0.5342820882797241,-0.017116572707891464,-0.051604509353637695,-0.6252256631851196,-0.029533525928854942,-0.051790058612823486,-0.6998115181922913,-0.04198405146598816,-0.0009071826934814453,-0.37439292669296265,-0.021870208904147148,0.007996857166290283,-0.5046092867851257,-0.031662002205848694,0.012075603008270264,-0.5908490419387817,-0.04851411283016205,0.013507843017578125,-0.6678932905197144,-0.06290483474731445,0.043674468994140625,-0.33213239908218384,-0.03518405184149742,0.06666702032089233,-0.4277076721191406,-0.045786913484334946,0.08289951086044312,-0.49167707562446594,-0.054674793034791946,0.0960456132888794,-0.5546563863754272,-0.06282896548509598
0.0,0.0,0.0,-0.0819886326789856,-0.04860377311706543,-0.029115155339241028,-0.1532738208770752,-0.13998758792877197,-0.043566539883613586,-0.2128925919532776,-0.20361512899398804,-0.05725638195872307,-0.26448333263397217,-0.23013079166412354,-0.07108020782470703,-0.09947282075881958,-0.3596452474594116,-0.007498920429497957,-0.1259174346923828,-0.48300081491470337,-0.017752058804035187,-0.13866400718688965,-0.5586634278297424,-0.032945480197668076,-0.1483892798423767,-0.629077136516571,-0.047158125787973404,-0.04916733503341675,-0.38762766122817993,-0.011121680028736591,-0.05294674634933472,-0.5327650308609009,-0.015334323048591614,-0.053185880184173584,-0.6224489212036133,-0.0273716002702713,-0.0538945198059082,-0.6960585713386536,-0.03951351344585419,-0.000962674617767334,-0.3729480504989624,-0.020406004041433334,0.007993638515472412,-0.5021641850471497,-0.03006281703710556,0.011604070663452148,-0.5867046117782593,-0.046802837401628494,0.01260232925415039,-0.6622544527053833,-0.060928355902433395,0.04410892724990845,-0.33084672689437866,-0.03333482891321182,0.06695961952209473,-0.4255816340446472,-0.04400324076414108,0.08265602588653564,-0.48863762617111206,-0.05281619727611542,0.09535789489746094,-0.5506818890571594,-0.06075911223888397
0.0,0.0,0.0,-0.08039915561676025,-0.04755216836929321,-0.03131059557199478,-0.1520853042602539,-0.14014983177185059,-0.04701459780335426,-0.2114829421043396,-0.20521080493927002,-0.06166321784257889,-0.2623283267021179,-0.2298702597618103,-0.07655543088912964,-0.09870308637619019,-0.3588106036186218,-0.01211042981594801,-0.12481164932250977,-0.48237717151641846,-0.0247452724725008,-0.13764244318008423,-0.5588383674621582,-0.04109593853354454,-0.14731144905090332,-0.630281388759613,-0.05588924139738083,-0.04821372032165527,-0.38680970668792725,-0.015182903036475182,-0.051454007625579834,-0.5321942567825317,-0.021968577057123184,-0.051370978355407715,-0.62298583984375,-0.0346684604883194,-0.05186021327972412,-0.6973590850830078,-0.04708126559853554,-0.00045299530029296875,-0.3728739023208618,-0.024027535691857338,0.009132444858551025,-0.5009692311286926,-0.035546042025089264,0.012796521186828613,-0.5857349634170532,-0.052548348903656006,0.01380246877670288,-0.6615769863128662,-0.0666414275765419,0.04418879747390747,-0.3319894075393677,-0.03670944273471832,0.06779450178146362,-0.4260264039039612,-0.048376720398664474,0.08447021245956421,-0.48938342928886414,-0.05762510374188423,0.09792447090148926,-0.5512757301330566,-0.06588837504386902
0.0,0.0,0.0,-0.08097493648529053,-0.04985785484313965,-0.029317742213606834,-0.15239858627319336,-0.14068347215652466,-0.04442260414361954,-0.21156877279281616,-0.2043362259864807,-0.05875936150550842,-0.26196134090423584,-0.23161578178405762,-0.07343527674674988,-0.09902805089950562,-0.35932159423828125,-0.009994836524128914,-0.1259080171585083,-0.48321428894996643,-0.021557195112109184,-0.13820773363113403,-0.5594497323036194,-0.037412598729133606,-0.14694881439208984,-0.6306806206703186,-0.052114225924015045,-0.048566579818725586,-0.38749033212661743,-0.013845481909811497,-0.05252617597579956,-0.5314441323280334,-0.01981109380722046,-0.05253404378890991,-0.6205464005470276,-0.03265132009983063,-0.05303293466567993,-0.6940048933029175,-0.04542417824268341,-0.0007644891738891602,-0.37292665243148804,-0.023259874433279037,0.008627355098724365,-0.5005512237548828,-0.03401530906558037,0.012140810489654541,-0.5843949317932129,-0.051142677664756775,0.012978911399841309,-0.6603859066963196,-0.06565791368484497,0.04375964403152466,-0.3309389352798462,-0.03629547357559204,0.06711477041244507,-0.42590558528900146,-0.04780016466975212,0.08332318067550659,-0.4892350733280182,-0.05719512701034546,0.09639811515808105,-0.5524592399597168,-0.06567104905843735
0.0,0.0,0.0,-0.08138471841812134,-0.049534618854522705,-0.028764916583895683,-0.15357643365859985,-0.1426781415939331,-0.043223585933446884,-0.21309298276901245,-0.20674753189086914,-0.05696524679660797,-0.26339608430862427,-0.23419153690338135,-0.07112745195627213,-0.09920525550842285,-0.35969412326812744,-0.009695516899228096,-0.12600207328796387,-0.4841083288192749,-0.020801255479454994,-0.13846337795257568,-0.5604678392410278,-0.036342378705739975,-0.1476609706878662,-0.6317828297615051,-0.05084419995546341,-0.048788487911224365,-0.3880760073661804,-0.01363912783563137,-0.05177503824234009,-0.5327391624450684,-0.01889105886220932,-0.05187034606933594,-0.6223179697990417,-0.031212450936436653,-0.05285543203353882,-0.6955890655517578,-0.04364911839365959,-0.0009957551956176758,-0.3736695647239685,-0.023089347407221794,0.008116722106933594,-0.5025858879089355,-0.03291162848472595,0.0117570161819458,-0.5865770578384399,-0.049589015543460846,0.012831449508666992,-0.6622650623321533,-0.06399951130151749,0.043235599994659424,-0.33178234100341797,-0.03617816045880318,0.06642740964889526,-0.4262380599975586,-0.04705193638801575,0.08276855945587158,-0.48904871940612793,-0.05612083524465561,0.09618377685546875,-0.5515756011009216,-0.06444958597421646
0.0,0.0,0.0,-0.08124393224716187,-0.04936027526855469,-0.02993299998342991,-0.15318793058395386,-0.14170902967453003,-0.04538796469569206,-0.21271324157714844,-0.20535516738891602,-0.05992409214377403,-0.26368045806884766,-0.23161834478378296,-0.07486697286367416,-0.09913676977157593,-0.35951292514801025,-0.01162589993327856,-0.12589901685714722,-0.48315131664276123,-0.023709438741207123,-0.13912391662597656,-0.5599819421768188,-0.03995993360877037,-0.14944159984588623,-0.6317781209945679,-0.054847415536642075,-0.048610687255859375,-0.38768380880355835,-0.015414228662848473,-0.05182439088821411,-0.5338299870491028,-0.021681208163499832,-0.052148401737213135,-0.6257566213607788,-0.03478018194437027,-0.05313915014266968,-0.7012119889259338,-0.04767609387636185,-0.0006765127182006836,-0.37310874462127686,-0.02470438927412033,0.008666634559631348,-0.503623902797699,-0.035598527640104294,0.012214839458465576,-0.5896318554878235,-0.05308742821216583,0.013094782829284668,-0.6664223670959473,-0.06788618117570877,0.04389077425003052,-0.3309484124183655,-0.03765762224793434,0.06709319353103638,-0.4275040328502655,-0.04942401126027107,0.08320373296737671,-0.49207860231399536,-0.05897050350904465,0.09624391794204712,-0.5550441145896912,-0.06751661747694016
0.0,0.0,0.0,-0.08184003829956055,-0.050150275230407715,-0.029360143467783928,-0.15467417240142822,-0.14336252212524414,-0.04414939507842064,-0.2139623761177063,-0.20698261260986328,-0.05832231417298317,-0.26431798934936523,-0.23657971620559692,-0.07302173227071762,-0.10013926029205322,-0.3602222204208374,-0.010468889959156513,-0.12701308727264404,-0.48588043451309204,-0.022246355190873146,-0.13970649242401123,-0.5627936124801636,-0.03819330036640167,-0.14920181035995483,-0.6351906657218933,-0.05304604023694992,-0.04912269115447998,-0.3885638117790222,-0.014401552267372608,-0.05228531360626221,-0.5334900617599487,-0.02084154263138771,-0.0521773099899292,-0.6231637597084045,-0.03393908962607384,-0.05298256874084473,-0.6969777345657349,-0.04699067026376724,-0.001147627830505371,-0.37454551458358765,-0.02395169623196125,0.007514238357543945,-0.503991961479187,-0.0346938855946064,0.010695099830627441,-0.5882895588874817,-0.05202775448560715,0.011396944522857666,-0.6648330688476562,-0.06692135334014893,0.04358774423599243,-0.3329275846481323,-0.03720060735940933,0.0662800669670105,-0.42869457602500916,-0.04864340275526047,0.08195102214813232,-0.49225515127182007,-0.05837230011820793,0.09490346908569336,-0.5554866790771484,-0.06731382757425308
0.0,0.0,0.0,-0.08136183023452759,-0.04778790473937988,-0.02958459034562111,-0.15445029735565186,-0.14146792888641357,-0.04430820047855377,-0.2134922742843628,-0.20623254776000977,-0.05836382508277893,-0.2642980217933655,-0.23301458358764648,-0.07294409722089767,-0.0998792052268982,-0.3591909408569336,-0.011106505990028381,-0.1268565058708191,-0.4848152995109558,-0.022830750793218613,-0.13925987482070923,-0.5619574785232544,-0.038484979420900345,-0.1482720971107483,-0.6345687508583069,-0.05311957374215126,-0.04873114824295044,-0.3876490592956543,-0.014900432899594307,-0.052290260791778564,-0.5329294204711914,-0.021309364587068558,-0.0520818829536438,-0.6231624484062195,-0.033892493695020676,-0.052652716636657715,-0.6968655586242676,-0.04651731997728348,-0.0005246400833129883,-0.3735940456390381,-0.02430248074233532,0.008317410945892334,-0.502109944820404,-0.035198114812374115,0.011677861213684082,-0.5869606137275696,-0.052227042615413666,0.012501776218414307,-0.6636092066764832,-0.06679749488830566,0.044313132762908936,-0.33205485343933105,-0.03743932396173477,0.06709539890289307,-0.42709094285964966,-0.04899176210165024,0.08272767066955566,-0.4910010099411011,-0.05866483971476555,0.0954289436340332,-0.5541955828666687,-0.0675370991230011
0.0,0.0,0.0,-0.0817154049873352,-0.049356937408447266,-0.029803086072206497,-0.1547718644142151,-0.14310628175735474,-0.044471997767686844,-0.21453720331192017,-0.20714807510375977,-0.05845004320144653,-0.26539379358291626,-0.23226416110992432,-0.0728747770190239,-0.10000187158584595,-0.3616422414779663,-0.009517405182123184,-0.12670820951461792,-0.4863786995410919,-0.020505063235759735,-0.1393369436264038,-0.5623893141746521,-0.036117952316999435,-0.14881616830825806,-0.634125292301178,-0.050811704248189926,-0.04925692081451416,-0.39043211936950684,-0.013239008374512196,-0.05238354206085205,-0.534420371055603,-0.01862543262541294,-0.05211973190307617,-0.6244229078292847,-0.03128497302532196,-0.05283617973327637,-0.6980631351470947,-0.044061269611120224,-0.0013672709465026855,-0.376223623752594,-0.02268904261291027,0.007905900478363037,-0.5051710605621338,-0.033052630722522736,0.01118558645248413,-0.5904132127761841,-0.050420232117176056,0.011837899684906006,-0.6674237251281738,-0.06528151035308838,0.04341459274291992,-0.3342893123626709,-0.03590993583202362,0.06664073467254639,-0.42879682779312134,-0.047348979860544205,0.08240616321563721,-0.49275171756744385,-0.05719229578971863,0.09521228075027466,-0.5560707449913025,-0.06613484770059586
0.0,0.0,0.0,-0.08073055744171143,-0.0459255576133728,-0.03011021763086319,-0.15351057052612305,-0.1403716802597046,-0.04455828294157982,-0.21298068761825562,-0.2034229040145874,-0.05805220454931259,-0.26360946893692017,-0.22762948274612427,-0.07196628302335739,-0.09997719526290894,-0.3604733347892761,-0.0111076133325696,-0.12746268510818481,-0.48513221740722656,-0.0222490131855011,-0.14057350158691406,-0.5620242357254028,-0.03753240406513214,-0.150634765625,-0.6338882446289062,-0.05182253569364548,-0.049453675746917725,-0.38967519998550415,-0.014633324928581715,-0.053111135959625244,-0.5370646715164185,-0.0199306420981884,-0.05288708209991455,-0.6282056570053101,-0.03190073370933533,-0.05375504493713379,-0.7013543248176575,-0.04395256191492081,-0.0015323758125305176,-0.37580686807632446,-0.023814884945750237,0.008122742176055908,-0.5041494965553284,-0.03444736450910568,0.011404156684875488,-0.5890714526176453,-0.051682136952877045,0.011853814125061035,-0.6648598909378052,-0.06616522371768951,0.04318380355834961,-0.33434629440307617,-0.03672901168465614,0.06733298301696777,-0.4300464391708374,-0.04844209924340248,0.0835714340209961,-0.49400442838668823,-0.058182138949632645,0.09615892171859741,-0.5567206144332886,-0.06687979400157928
0.0,0.0,0.0,-0.08159661293029785,-0.047667503356933594,-0.03156653419137001,-0.15437138080596924,-0.13891220092773438,-0.047506533563137054,-0.21524614095687866,-0.20077484846115112,-0.062154918909072876,-0.26637521386146545,-0.226764976978302,-0.07693741470575333,-0.1025320291519165,-0.36102914810180664,-0.012453761883080006,-0.1303228735923767,-0.48741552233695984,-0.024788767099380493,-0.14459174871444702,-0.5640715956687927,-0.0410715751349926,-0.15584838390350342,-0.6355050802230835,-0.05577172711491585,-0.05181235074996948,-0.39015430212020874,-0.015255900099873543,-0.05643242597579956,-0.5371519923210144,-0.021094463765621185,-0.057297348976135254,-0.6286522746086121,-0.03374862298369408,-0.05904263257980347,-0.7030184268951416,-0.046270400285720825,-0.003460407257080078,-0.3760242462158203,-0.023796893656253815,0.0060765743255615234,-0.5038992166519165,-0.03434095159173012,0.009131968021392822,-0.5894547700881958,-0.0514652319252491,0.009295165538787842,-0.6660748720169067,-0.06585822254419327,0.04173392057418823,-0.33415138721466064,-0.036181312054395676,0.06468802690505981,-0.4309226870536804,-0.04758039861917496,0.08026587963104248,-0.4951830804347992,-0.05672954022884369,0.09264117479324341,-0.5583652853965759,-0.06485463678836823
0.0,0.0,0.0,-0.08111423254013062,-0.047065019607543945,-0.03079078532755375,-0.1540684700012207,-0.13921910524368286,-0.045901332050561905,-0.21487796306610107,-0.20119452476501465,-0.05979575961828232,-0.26581859588623047,-0.22605836391448975,-0.07382778078317642,-0.10241448879241943,-0.36106640100479126,-0.011111339554190636,-0.1303243637084961,-0.48664677143096924,-0.02247520722448826,-0.14419513940811157,-0.5629749894142151,-0.03805049881339073,-0.1547592282295227,-0.6344706416130066,-0.05239062011241913,-0.05181854963302612,-0.3903934955596924,-0.014077434316277504,-0.05644470453262329,-0.5372837781906128,-0.018848491832613945,-0.05686473846435547,-0.6277790069580078,-0.03064093552529812,-0.05817192792892456,-0.701000988483429,-0.04258454591035843,-0.0034632086753845215,-0.3763813376426697,-0.0227567907422781,0.006111860275268555,-0.5044865012168884,-0.032482780516147614,0.00956350564956665,-0.5894602537155151,-0.04896489530801773,0.009961128234863281,-0.6656055450439453,-0.06295830011367798,0.04177725315093994,-0.33473217487335205,-0.035266947001218796,0.06467247009277344,-0.4318903386592865,-0.046226512640714645,0.08010071516036987,-0.49604281783103943,-0.055097222328186035,0.09204453229904175,-0.559222936630249,-0.0630103126168251
0.0,0.0,0.0,-0.08095711469650269,-0.04662644863128662,-0.030381932854652405,-0.15383386611938477,-0.13775992393493652,-0.04589967429637909,-0.21456217765808105,-0.1994515061378479,-0.060388848185539246,-0.26571208238601685,-0.22399413585662842,-0.07516180723905563,-0.10283619165420532,-0.3584679365158081,-0.011917994357645512,-0.13043957948684692,-0.48316851258277893,-0.024270571768283844,-0.1441718339920044,-0.5598650574684143,-0.04050053283572197,-0.15481799840927124,-0.6311204433441162,-0.05525974556803703,-0.05213111639022827,-0.38819247484207153,-0.015555916354060173,-0.056854069232940674,-0.5357824563980103,-0.021616360172629356,-0.05698037147521973,-0.6271644830703735,-0.034190382808446884,-0.05785757303237915,-0.7014182806015015,-0.0466080866754055,-0.003636479377746582,-0.3743644952774048,-0.02482548914849758,0.00587230920791626,-0.5040477514266968,-0.03559528663754463,0.009057939052581787,-0.5894851684570312,-0.05260362848639488,0.009068846702575684,-0.6658650636672974,-0.06690192222595215,0.04180908203125,-0.3325679898262024,-0.03782348707318306,0.06452471017837524,-0.42982059717178345,-0.049573060125112534,0.07987821102142334,-0.49474966526031494,-0.05879810452461243,0.09167748689651489,-0.5589525103569031,-0.06695438176393509
0.0,0.0,0.0,-0.08164304494857788,-0.045880794525146484,-0.03129635378718376,-0.1552039384841919,-0.13667523860931396,-0.046647809445858,-0.21544146537780762,-0.1986844539642334,-0.06084347143769264,-0.2663308382034302,-0.22546172142028809,-0.07515791058540344,-0.10262203216552734,-0.360069215297699,-0.011304125189781189,-0.1311100721359253,-0.48678237199783325,-0.02273234911262989,-0.14505016803741455,-0.5634014010429382,-0.03836609423160553,-0.1555699110031128,-0.6356513500213623,-0.05290413275361061,-0.05229729413986206,-0.3894602060317993,-0.014139513485133648,-0.057033419609069824,-0.5330883264541626,-0.01952952891588211,-0.058448195457458496,-0.6228470206260681,-0.031850434839725494,-0.060584843158721924,-0.6960680484771729,-0.044228799641132355,-0.004318535327911377,-0.37666869163513184,-0.022805634886026382,0.004378855228424072,-0.5032439231872559,-0.03302620351314545,0.007329821586608887,-0.5891746282577515,-0.04990116134285927,0.008136153221130371,-0.6670082807540894,-0.06427671760320663,0.04088330268859863,-0.3367754817008972,-0.035420749336481094,0.06360310316085815,-0.4342024326324463,-0.046841543167829514,0.07865655422210693,-0.49842482805252075,-0.056309305131435394,0.09084868431091309,-0.5621030330657959,-0.06479004770517349
0.0,0.0,0.0,-0.08176928758621216,-0.04533684253692627,-0.030521363019943237,-0.1539326310157776,-0.13598251342773438,-0.045728638768196106,-0.21442487835884094,-0.19797712564468384,-0.059837210923433304,-0.2659297585487366,-0.2212212085723877,-0.07392223924398422,-0.10170722007751465,-0.35861676931381226,-0.009824511595070362,-0.12981855869293213,-0.48298558592796326,-0.021013813093304634,-0.14414989948272705,-0.558610737323761,-0.036686010658741,-0.1556214690208435,-0.6283164024353027,-0.05099715292453766,-0.05170494318008423,-0.38802653551101685,-0.012964852154254913,-0.05614328384399414,-0.5338099002838135,-0.017518093809485435,-0.05727905035018921,-0.6243273019790649,-0.029206303879618645,-0.05947953462600708,-0.697533369064331,-0.040913231670856476,-0.0037323832511901855,-0.37443238496780396,-0.021883590146899223,0.00562441349029541,-0.5043479204177856,-0.031555406749248505,0.008688688278198242,-0.5902630090713501,-0.04772908240556717,0.008570253849029541,-0.6666475534439087,-0.06137987971305847,0.041049957275390625,-0.33277952671051025,-0.03465157002210617,0.06346327066421509,-0.43021273612976074,-0.04562331363558769,0.0784529447555542,-0.49529650807380676,-0.05427509918808937,0.08995765447616577,-0.5588670969009399,-0.06189892441034317
0.0,0.0,0.0,-0.08160758018493652,-0.04553329944610596,-0.030078880488872528,-0.15354174375534058,-0.1362166404724121,-0.04500964656472206,-0.21452081203460693,-0.19785749912261963,-0.05898331478238106,-0.2662712335586548,-0.2210734486579895,-0.07299765199422836,-0.10190486907958984,-0.3587212562561035,-0.008866453543305397,-0.13045722246170044,-0.48317331075668335,-0.019724516198039055,-0.14500796794891357,-0.5584964156150818,-0.03531807288527489,-0.1566249132156372,-0.6284617185592651,-0.04972239211201668,-0.052109360694885254,-0.3883666396141052,-0.0123753035441041,-0.056891024112701416,-0.5336581468582153,-0.016960160806775093,-0.05806148052215576,-0.6243225336074829,-0.029140083119273186,-0.060096025466918945,-0.6986691355705261,-0.04130350053310394,-0.004353225231170654,-0.37505215406417847,-0.021670963615179062,0.004813551902770996,-0.504925549030304,-0.031631749123334885,0.008010387420654297,-0.5918594598770142,-0.0485626719892025,0.008097410202026367,-0.6694816946983337,-0.0627923533320427,0.04056370258331299,-0.333876371383667,-0.03474242612719536,0.06264376640319824,-0.4312366545200348,-0.045969296246767044,0.07748782634735107,-0.49709105491638184,-0.05510298162698746,0.0888025164604187,-0.5617443323135376,-0.06318177282810211
0.0,0.0,0.0,-0.08083301782608032,-0.04475080966949463,-0.0288697499781847,-0.15383827686309814,-0.13661789894104004,-0.043059442192316055,-0.2135494351387024,-0.19811296463012695,-0.0566234290599823,-0.2640155553817749,-0.22275638580322266,-0.07038704305887222,-0.10095763206481934,-0.36018282175064087,-0.008498452603816986,-0.12994295358657837,-0.4852443039417267,-0.0195693951100111,-0.14420753717422485,-0.5605224370956421,-0.03514088690280914,-0.15519028902053833,-0.6304603815078735,-0.049423590302467346,-0.05089771747589111,-0.38964778184890747,-0.01250474713742733,-0.05523425340652466,-0.535749077796936,-0.01727175898849964,-0.055717647075653076,-0.627159833908081,-0.02919919230043888,-0.05733191967010498,-0.7010985612869263,-0.04115935415029526,-0.003161013126373291,-0.3762565851211548,-0.022227531298995018,0.007122337818145752,-0.5059444308280945,-0.032067395746707916,0.01010894775390625,-0.5919411182403564,-0.048444245010614395,0.009684920310974121,-0.6688797473907471,-0.062302637845277786,0.041497230529785156,-0.335003137588501,-0.035684358328580856,0.06466692686080933,-0.4325202703475952,-0.04693305864930153,0.0797419548034668,-0.4976065158843994,-0.055915746837854385,0.0910332202911377,-0.5619436502456665,-0.06383554637432098
0.0,0.0,0.0,-0.08228951692581177,-0.045129239559173584,-0.029140530154109,-0.15542668104171753,-0.1351873278617859,-0.04369780048727989,-0.2160775065422058,-0.19529104232788086,-0.05750763788819313,-0.2669374346733093,-0.22024768590927124,-0.07136199623346329,-0.10177803039550781,-0.3569260239601135,-0.008217482827603817,-0.13010001182556152,-0.48070502281188965,-0.01924690045416355,-0.14483129978179932,-0.5553113222122192,-0.03502218425273895,-0.15682345628738403,-0.6241966485977173,-0.04933984950184822,-0.052245378494262695,-0.3868350386619568,-0.011841099709272385,-0.057091474533081055,-0.5326899290084839,-0.016210433095693588,-0.05782538652420044,-0.6242671608924866,-0.027945032343268394,-0.05942636728286743,-0.698082447052002,-0.03975449502468109,-0.00465768575668335,-0.37345588207244873,-0.021246835589408875,0.004454612731933594,-0.5033907890319824,-0.030557410791516304,0.007374107837677002,-0.5888401865959167,-0.046642597764730453,0.007319271564483643,-0.6653347015380859,-0.06031320244073868,0.04018807411193848,-0.3322417140007019,-0.0344276949763298,0.06289362907409668,-0.4295256733894348,-0.0451170988380909,0.07813453674316406,-0.4948643743991852,-0.05375882610678673,0.09013944864273071,-0.5595861077308655,-0.06144515797495842
0.0,0.0,0.0,-0.08160477876663208,-0.046672165393829346,-0.029203614220023155,-0.1544753909111023,-0.1359967589378357,-0.04438110440969467,-0.21613770723342896,-0.19367367029190063,-0.05890660360455513,-0.2679545283317566,-0.2169722318649292,-0.0736587792634964,-0.10157126188278198,-0.3566620945930481,-0.00931600946933031,-0.13062793016433716,-0.4798634648323059,-0.02130257897078991,-0.14505112171173096,-0.5546759366989136,-0.03736426681280136,-0.15604478120803833,-0.6237778663635254,-0.05174364149570465,-0.051417768001556396,-0.38659995794296265,-0.013037246651947498,-0.05659675598144531,-0.5320270657539368,-0.018451837822794914,-0.05729854106903076,-0.6219735145568848,-0.03030416928231716,-0.058626651763916016,-0.6945906281471252,-0.04193694517016411,-0.0033788084983825684,-0.37358248233795166,-0.0224643275141716,0.005920112133026123,-0.5030771493911743,-0.032394737005233765,0.00859302282333374,-0.5870084762573242,-0.047766849398612976,0.008298516273498535,-0.6624947190284729,-0.06066114455461502,0.04149144887924194,-0.3327941298484802,-0.03563437983393669,0.06380939483642578,-0.42966556549072266,-0.046495940536260605,0.07900279760360718,-0.494400292634964,-0.05440398305654526,0.09100532531738281,-0.5587046146392822,-0.061284925788640976
0.0,0.0,0.0,-0.08308976888656616,-0.04604917764663696,-0.028924521058797836,-0.15599113702774048,-0.136125385761261,-0.04359576478600502,-0.21674594283103943,-0.19480109214782715,-0.05771271139383316,-0.26852911710739136,-0.21591401100158691,-0.07187464088201523,-0.10203981399536133,-0.3587833642959595,-0.006800330709666014,-0.13006430864334106,-0.4816395044326782,-0.01786348596215248,-0.14543116092681885,-0.5545790195465088,-0.03378249332308769,-0.1583583950996399,-0.6223676204681396,-0.0481749102473259,-0.052240073680877686,-0.38880455493927,-0.010828432627022266,-0.05747145414352417,-0.5351157784461975,-0.015166723169386387,-0.05900716781616211,-0.6250235438346863,-0.027167631313204765,-0.061321377754211426,-0.6980347633361816,-0.03910602256655693,-0.004235267639160156,-0.3755985498428345,-0.020661309361457825,0.0046773552894592285,-0.505337655544281,-0.030152559280395508,0.00755465030670166,-0.5882480144500732,-0.04596608877182007,0.007338166236877441,-0.6619223356246948,-0.05924031883478165,0.04055100679397583,-0.334006667137146,-0.03429489582777023,0.0626288652420044,-0.43062731623649597,-0.044647861272096634,0.07747644186019897,-0.49546587467193604,-0.05260632559657097,0.08893495798110962,-0.5587878227233887,-0.05972398817539215
0.0,0.0,0.0,-0.0827474594116211,-0.04612100124359131,-0.028834907338023186,-0.15536761283874512,-0.13578176498413086,-0.044083140790462494,-0.21697476506233215,-0.19494426250457764,-0.05865221098065376,-0.269298255443573,-0.21690070629119873,-0.07327412813901901,-0.10301202535629272,-0.35893958806991577,-0.008157962933182716,-0.13092565536499023,-0.4825049340724945,-0.019182950258255005,-0.14558285474777222,-0.5556589365005493,-0.03491164371371269,-0.15757405757904053,-0.6229897141456604,-0.049274422228336334,-0.05306166410446167,-0.38839173316955566,-0.012242614291608334,-0.05890423059463501,-0.5343124866485596,-0.016962483525276184,-0.060351669788360596,-0.623762845993042,-0.029333291575312614,-0.062044382095336914,-0.6973154544830322,-0.04166727513074875,-0.004704296588897705,-0.37471842765808105,-0.021927176043391228,0.0032749176025390625,-0.5062175393104553,-0.031668759882450104,0.006135821342468262,-0.5900106430053711,-0.04804613068699837,0.006272077560424805,-0.6650359630584717,-0.061896901577711105,0.04059559106826782,-0.33282357454299927,-0.03524234518408775,0.06221652030944824,-0.4308033883571625,-0.04591469094157219,0.07718825340270996,-0.49606379866600037,-0.05429168418049812,0.08907431364059448,-0.5606789588928223,-0.061826735734939575
0.0,0.0,0.0,-0.08383572101593018,-0.04433208703994751,-0.027641652151942253,-0.1567055583000183,-0.13313299417495728,-0.04177907109260559,-0.2166154682636261,-0.1928122639656067,-0.055507831275463104,-0.2687152326107025,-0.21534830331802368,-0.06919795274734497,-0.10355663299560547,-0.3580469489097595,-0.004711798392236233,-0.13071823120117188,-0.4806371033191681,-0.014132790267467499,-0.1451156735420227,-0.5527245998382568,-0.029170041903853416,-0.1572723388671875,-0.6192338466644287,-0.04326518625020981,-0.053762853145599365,-0.38764655590057373,-0.009156760759651661,-0.059438347816467285,-0.5325530171394348,-0.012420980259776115,-0.06062108278274536,-0.6213949918746948,-0.02442839741706848,-0.06208533048629761,-0.6946536302566528,-0.036728840321302414,-0.005434155464172363,-0.37424230575561523,-0.019249701872467995,0.0022034049034118652,-0.5059326887130737,-0.027971230447292328,0.005194425582885742,-0.5896663665771484,-0.04415641725063324,0.005641460418701172,-0.6647443771362305,-0.058136727660894394,0.040039241313934326,-0.3321043848991394,-0.0329635813832283,0.061604201793670654,-0.4297336935997009,-0.04306739941239357,0.07650023698806763,-0.4945753216743469,-0.05137885734438896,0.08856570720672607,-0.5590503215789795,-0.05904853343963623
0.0,0.0,0.0,-0.08157753944396973,-0.045539259910583496,-0.029504355043172836,-0.15503734350204468,-0.13732993602752686,-0.044498130679130554,-0.2165992558002472,-0.19727247953414917,-0.058806490153074265,-0.26927533745765686,-0.21790027618408203,-0.07319170236587524,-0.10327184200286865,-0.3594483733177185,-0.009232199750840664,-0.13114291429519653,-0.48217591643333435,-0.020627202466130257,-0.145687997341156,-0.5557741522789001,-0.0362585075199604,-0.15753108263015747,-0.6245350241661072,-0.050462834537029266,-0.05352097749710083,-0.38909268379211426,-0.01305069774389267,-0.058008790016174316,-0.5347598791122437,-0.01803869567811489,-0.0587841272354126,-0.6246605515480042,-0.02957242727279663,-0.06063234806060791,-0.6978764533996582,-0.04108298197388649,-0.00539851188659668,-0.3757786154747009,-0.022596677765250206,0.0037146806716918945,-0.505407452583313,-0.032652754336595535,0.005970895290374756,-0.5884308815002441,-0.048120010644197464,0.004879891872406006,-0.6629494428634644,-0.06106380373239517,0.039326012134552,-0.3343691825866699,-0.03594700247049332,0.061880409717559814,-0.4299499988555908,-0.04675601050257683,0.07707226276397705,-0.49481916427612305,-0.05488616228103638,0.08877599239349365,-0.5585672855377197,-0.06208880990743637
0.0,0.0,0.0,-0.08195269107818604,-0.043372511863708496,-0.03012407012283802,-0.15513819456100464,-0.13449007272720337,-0.04520338028669357,-0.21625548601150513,-0.19491994380950928,-0.05938700959086418,-0.26830652356147766,-0.21665745973587036,-0.07352756708860397,-0.10302966833114624,-0.3592705726623535,-0.008942831307649612,-0.13163518905639648,-0.4814305305480957,-0.020086511969566345,-0.14661067724227905,-0.5548287630081177,-0.03594265505671501,-0.15885066986083984,-0.6234024167060852,-0.05037790164351463,-0.053057730197906494,-0.3889687657356262,-0.012342856265604496,-0.05858403444290161,-0.5344163775444031,-0.01685679331421852,-0.05950963497161865,-0.624788761138916,-0.028528615832328796,-0.061225712299346924,-0.6982600688934326,-0.04030663147568703,-0.004854857921600342,-0.3753151297569275,-0.02155398018658161,0.003567516803741455,-0.5039175748825073,-0.031225016340613365,0.0057669878005981445,-0.5865211486816406,-0.04695204272866249,0.004793643951416016,-0.6607527732849121,-0.06024235486984253,0.04017925262451172,-0.3334842324256897,-0.03465986251831055,0.062299251556396484,-0.43010663986206055,-0.04542231187224388,0.07731962203979492,-0.49460741877555847,-0.05378914251923561,0.08891749382019043,-0.5581727623939514,-0.06124362349510193
0.0,0.0,0.0,-0.08374524116516113,-0.04453933238983154,-0.02890021540224552,-0.15627169609069824,-0.1320744752883911,-0.04387260228395462,-0.21767869591712952,-0.19097983837127686,-0.05805972218513489,-0.27005240321159363,-0.2132411003112793,-0.07208738476037979,-0.10411494970321655,-0.3574490547180176,-0.0066830310970544815,-0.13269448280334473,-0.48051905632019043,-0.016635453328490257,-0.14867126941680908,-0.5529017448425293,-0.03196123242378235,-0.16237002611160278,-0.6206563711166382,-0.04622352868318558,-0.054754436016082764,-0.3881329894065857,-0.010592810809612274,-0.06117427349090576,-0.5335410237312317,-0.014095045626163483,-0.06351250410079956,-0.6237316727638245,-0.026103531941771507,-0.06669378280639648,-0.6977375745773315,-0.038318198174238205,-0.007144629955291748,-0.3751855492591858,-0.020161358639597893,0.0012213587760925293,-0.5046807527542114,-0.029061073437333107,0.004131138324737549,-0.5890686511993408,-0.04546380043029785,0.0036354660987854004,-0.6644078493118286,-0.05954097956418991,0.037485718727111816,-0.3340187072753906,-0.0334390327334404,0.059392452239990234,-0.4299279451370239,-0.04390689358115196,0.07403016090393066,-0.494667649269104,-0.05250106751918793,0.08524608612060547,-0.5585371255874634,-0.060234375298023224
0.0,0.0,0.0,-0.08281862735748291,-0.044821083545684814,-0.02982085943222046,-0.15543299913406372,-0.13240355253219604,-0.045326706022024155,-0.21696335077285767,-0.19118577241897583,-0.06001865491271019,-0.2691376209259033,-0.21374326944351196,-0.0746130496263504,-0.1042860746383667,-0.35766780376434326,-0.00809515081346035,-0.1329297423362732,-0.4803539514541626,-0.01914655603468418,-0.1484159231185913,-0.5531116724014282,-0.035153456032276154,-0.16141146421432495,-0.6210453510284424,-0.04972004145383835,-0.0546565055847168,-0.38820433616638184,-0.011873969808220863,-0.061492204666137695,-0.5331007838249207,-0.016204968094825745,-0.06366705894470215,-0.6232892274856567,-0.028485914692282677,-0.06642937660217285,-0.6969348192214966,-0.04083772003650665,-0.006716668605804443,-0.3753502368927002,-0.02145032025873661,0.0011584758758544922,-0.5040167570114136,-0.030939361080527306,0.003429412841796875,-0.5877484083175659,-0.047303568571805954,0.0025080442428588867,-0.6627793312072754,-0.06123068183660507,0.03830188512802124,-0.3345942497253418,-0.03485586494207382,0.05981987714767456,-0.43135541677474976,-0.04560627415776253,0.07451432943344116,-0.49619191884994507,-0.054204631596803665,0.08591002225875854,-0.5601013898849487,-0.0619012787938118
0.0,0.0,0.0,-0.08283776044845581,-0.04220438003540039,-0.028552589938044548,-0.1556847095489502,-0.12814265489578247,-0.043866634368896484,-0.2173665165901184,-0.18718498945236206,-0.058477386832237244,-0.26940661668777466,-0.21124160289764404,-0.07299390435218811,-0.10463321208953857,-0.35329490900039673,-0.008090797811746597,-0.13308411836624146,-0.4757874608039856,-0.018856385722756386,-0.14850366115570068,-0.5482498407363892,-0.034427154809236526,-0.16146737337112427,-0.615433931350708,-0.0487104095518589,-0.0552404522895813,-0.3851696252822876,-0.012334638275206089,-0.06209135055541992,-0.5322174429893494,-0.016847355291247368,-0.06366962194442749,-0.6229835748672485,-0.029057515785098076,-0.06561380624771118,-0.6971241235733032,-0.04123664274811745,-0.007439672946929932,-0.3729442358016968,-0.02209736406803131,-8.320808410644531e-05,-0.5038096904754639,-0.03156362473964691,0.0028039216995239258,-0.5876834392547607,-0.04773629829287529,0.0025322437286376953,-0.6623111367225647,-0.06152736395597458,0.037486374378204346,-0.3319830298423767,-0.035476189106702805,0.058888792991638184,-0.4290306270122528,-0.04596507176756859,0.07349377870559692,-0.49379658699035645,-0.05417230725288391,0.08463960886001587,-0.5575293302536011,-0.0615895614027977
0.0,0.0,0.0,-0.08212113380432129,-0.04365134239196777,-0.029542699456214905,-0.1551925539970398,-0.13052916526794434,-0.04558216780424118,-0.2170860767364502,-0.1899096965789795,-0.06079346686601639,-0.26929664611816406,-0.2129051685333252,-0.07599016278982162,-0.10450738668441772,-0.35385483503341675,-0.010079776868224144,-0.13276487588882446,-0.4770861268043518,-0.022064056247472763,-0.14796525239944458,-0.5503033399581909,-0.03835364803671837,-0.16054707765579224,-0.6177338361740112,-0.05306514352560043,-0.05477052927017212,-0.3841603398323059,-0.01397872157394886,-0.06151789426803589,-0.5297724008560181,-0.01983344927430153,-0.06354498863220215,-0.6198627948760986,-0.03291723504662514,-0.06561297178268433,-0.6943354606628418,-0.045757412910461426,-0.006424009799957275,-0.3717193007469177,-0.023412290960550308,0.00043594837188720703,-0.5028606653213501,-0.03399808332324028,0.002660989761352539,-0.5862555503845215,-0.0507139153778553,0.0022239089012145996,-0.6604809761047363,-0.06480669975280762,0.039040982723236084,-0.3312588334083557,-0.03647811710834503,0.059882164001464844,-0.4286928176879883,-0.047693584114313126,0.0747605562210083,-0.49347198009490967,-0.05630618333816528,0.08644264936447144,-0.5570735335350037,-0.06404485553503036
0.0,0.0,0.0,-0.0824350118637085,-0.04473590850830078,-0.028024902567267418,-0.15499484539031982,-0.13259541988372803,-0.0428454652428627,-0.21597418189048767,-0.19068121910095215,-0.057176485657691956,-0.2679795026779175,-0.21166753768920898,-0.07157015800476074,-0.10460478067398071,-0.3563309907913208,-0.006890874821692705,-0.13279014825820923,-0.47796374559402466,-0.01742802932858467,-0.14792323112487793,-0.5503793954849243,-0.033004872500896454,-0.16025811433792114,-0.6175527572631836,-0.04732218757271767,-0.05534142255783081,-0.3866179585456848,-0.01138942502439022,-0.06202441453933716,-0.531589925289154,-0.015792353078722954,-0.06346893310546875,-0.6212166547775269,-0.02811940386891365,-0.0648922324180603,-0.6950269937515259,-0.040389902889728546,-0.007172226905822754,-0.3738510012626648,-0.021432477980852127,-0.0008397102355957031,-0.5050663352012634,-0.031080838292837143,0.0013349056243896484,-0.5889743566513062,-0.047458674758672714,0.0009284615516662598,-0.6639621257781982,-0.06127750128507614,0.03825932741165161,-0.3331225514411926,-0.0350666418671608,0.05914127826690674,-0.43141117691993713,-0.04568303003907204,0.07397353649139404,-0.4966304898262024,-0.053986068814992905,0.08593225479125977,-0.5605133175849915,-0.061450835317373276
0.0,0.0,0.0,-0.08274191617965698,-0.04387533664703369,-0.028802329674363136,-0.15604037046432495,-0.13127094507217407,-0.04401479661464691,-0.21762514114379883,-0.1900634765625,-0.058660853654146194,-0.2699284851551056,-0.21073472499847412,-0.07319532334804535,-0.10493022203445435,-0.35484737157821655,-0.007773265708237886,-0.13302844762802124,-0.47607335448265076,-0.019049402326345444,-0.14795297384262085,-0.5484123826026917,-0.034922607243061066,-0.1602218747138977,-0.6151341795921326,-0.04934283345937729,-0.05577576160430908,-0.385047972202301,-0.011705911718308926,-0.062313199043273926,-0.5280056595802307,-0.016725288704037666,-0.06475532054901123,-0.6164319515228271,-0.02854015864431858,-0.06781095266342163,-0.6889266967773438,-0.040310509502887726,-0.007597088813781738,-0.3727746605873108,-0.021354645490646362,-0.0009096860885620117,-0.5036536455154419,-0.031314361840486526,0.0010914802551269531,-0.5866873264312744,-0.046584296971559525,0.0004995465278625488,-0.6603824496269226,-0.059413451701402664,0.03761160373687744,-0.3322911858558655,-0.034754421561956406,0.05875355005264282,-0.4294304847717285,-0.045500148087739944,0.07325583696365356,-0.49515771865844727,-0.05349322780966759,0.08477646112442017,-0.5595673322677612,-0.060574647039175034
0.0,0.0,0.0,-0.08138787746429443,-0.043789803981781006,-0.028912900015711784,-0.15493524074554443,-0.13092994689941406,-0.04455116018652916,-0.2168843150138855,-0.18915879726409912,-0.05962555110454559,-0.2694047689437866,-0.209847092628479,-0.07493937760591507,-0.10425782203674316,-0.35306280851364136,-0.0104738250374794,-0.1326831579208374,-0.474202424287796,-0.02288145199418068,-0.14737796783447266,-0.5473002195358276,-0.039177995175123215,-0.15918350219726562,-0.6152687668800354,-0.05382398143410683,-0.05479073524475098,-0.38362860679626465,-0.014464229345321655,-0.06020098924636841,-0.5264617800712585,-0.02091296762228012,-0.06202036142349243,-0.6146969199180603,-0.03345870599150658,-0.06449496746063232,-0.6877086162567139,-0.04568878188729286,-0.006731688976287842,-0.3720373511314392,-0.023945720866322517,0.00039511919021606445,-0.5009734630584717,-0.034908782690763474,0.001973748207092285,-0.5841377973556519,-0.050889577716588974,0.000703275203704834,-0.6584416031837463,-0.06418533623218536,0.03819042444229126,-0.3327556252479553,-0.037066880613565445,0.05964016914367676,-0.4292272925376892,-0.04836641624569893,0.07461464405059814,-0.49397099018096924,-0.05676937848329544,0.08611780405044556,-0.5571665167808533,-0.06415824592113495
0.0,0.0,0.0,-0.0810583233833313,-0.04392319917678833,-0.029734507203102112,-0.15457814931869507,-0.13098126649856567,-0.04551659896969795,-0.21681588888168335,-0.18972480297088623,-0.060652781277894974,-0.26939380168914795,-0.21146655082702637,-0.0759381428360939,-0.10519981384277344,-0.3554324507713318,-0.010093992576003075,-0.13396424055099487,-0.4773204028606415,-0.022403327748179436,-0.14886903762817383,-0.5504194498062134,-0.03873090445995331,-0.1608213186264038,-0.6188986897468567,-0.05342056229710579,-0.055732905864715576,-0.3856506943702698,-0.013755540363490582,-0.06167793273925781,-0.5288103818893433,-0.01979006454348564,-0.06384032964706421,-0.6162092685699463,-0.03195572271943092,-0.06682074069976807,-0.6886153221130371,-0.044023770838975906,-0.007673859596252441,-0.3740732669830322,-0.02312431111931801,-0.0011250972747802734,-0.5043555498123169,-0.03373808041214943,0.00046569108963012695,-0.5876569151878357,-0.04926668107509613,-0.0006783604621887207,-0.6621372699737549,-0.062288831919431686,0.03743511438369751,-0.33547383546829224,-0.036301661282777786,0.05848175287246704,-0.43288224935531616,-0.047246303409338,0.0734439492225647,-0.4975472688674927,-0.055377572774887085,0.08524531126022339,-0.5607873201370239,-0.062628373503685
0.0,0.0,0.0,-0.0811043381690979,-0.04516667127609253,-0.02826046384871006,-0.15470188856124878,-0.13325530290603638,-0.043573204427957535,-0.21748387813568115,-0.19168752431869507,-0.05859622731804848,-0.270128071308136,-0.21249401569366455,-0.07384530454874039,-0.10458731651306152,-0.3556292653083801,-0.008685179054737091,-0.13303017616271973,-0.47761109471321106,-0.020684415474534035,-0.14742302894592285,-0.5509167313575745,-0.03685043379664421,-0.15872836112976074,-0.619588315486908,-0.05159588158130646,-0.0551028847694397,-0.38626354932785034,-0.013102846220135689,-0.06115543842315674,-0.5276724100112915,-0.01895415596663952,-0.06318521499633789,-0.6145402789115906,-0.031001297757029533,-0.06605327129364014,-0.6872087121009827,-0.0431055873632431,-0.007058501243591309,-0.3749973773956299,-0.023155532777309418,-0.0010849237442016602,-0.5053669214248657,-0.03325333073735237,0.0011255741119384766,-0.5883440375328064,-0.0483156219124794,0.00046128034591674805,-0.6631462574005127,-0.061263956129550934,0.03811711072921753,-0.3361944556236267,-0.036966800689697266,0.059337317943573,-0.43340545892715454,-0.047493595629930496,0.07442700862884521,-0.4985072612762451,-0.055423554033041,0.08624809980392456,-0.5627574920654297,-0.06266819685697556
0.0,0.0,0.0,-0.08186399936676025,-0.04405468702316284,-0.028762008994817734,-0.15515553951263428,-0.13106095790863037,-0.044299520552158356,-0.2168729603290558,-0.19008660316467285,-0.05936836823821068,-0.2695103883743286,-0.21124029159545898,-0.07445608824491501,-0.1049424409866333,-0.35498636960983276,-0.009096664376556873,-0.13389736413955688,-0.47741085290908813,-0.021180924028158188,-0.14852362871170044,-0.5496693849563599,-0.03739709034562111,-0.16029256582260132,-0.6169273257255554,-0.05202208459377289,-0.05549001693725586,-0.38565075397491455,-0.013157492503523827,-0.0617680549621582,-0.5290108919143677,-0.0187514740973711,-0.06367170810699463,-0.6160777807235718,-0.03049570694565773,-0.06644773483276367,-0.6879613399505615,-0.04226050525903702,-0.00713193416595459,-0.3740715980529785,-0.022893304005265236,-0.0011959671974182129,-0.5066105127334595,-0.03289387375116348,0.0011124610900878906,-0.5896918773651123,-0.0476757176220417,0.0006852149963378906,-0.6635501384735107,-0.060276586562395096,0.0383450984954834,-0.3345239758491516,-0.03642655536532402,0.05935317277908325,-0.4315735995769501,-0.047001007944345474,0.07413166761398315,-0.4962899684906006,-0.05479422211647034,0.08570176362991333,-0.5595102906227112,-0.061775658279657364
0.0,0.0,0.0,-0.08192098140716553,-0.04404813051223755,-0.029611794278025627,-0.1556130051612854,-0.1315155029296875,-0.04531987011432648,-0.21741247177124023,-0.19013339281082153,-0.060421451926231384,-0.2698739171028137,-0.21083933115005493,-0.07568556815385818,-0.10549086332321167,-0.35562604665756226,-0.010222803801298141,-0.13385260105133057,-0.4778048098087311,-0.022619759663939476,-0.1491241455078125,-0.550719141960144,-0.03902314230799675,-0.1617518663406372,-0.6195670366287231,-0.05370863154530525,-0.05598169565200806,-0.38575881719589233,-0.01397023070603609,-0.061640024185180664,-0.528976559638977,-0.01998787745833397,-0.06386739015579224,-0.6172064542770386,-0.03208554536104202,-0.06704342365264893,-0.6905718445777893,-0.04403176158666611,-0.00788027048110962,-0.3738374710083008,-0.023408198729157448,-0.001203000545501709,-0.5038477778434753,-0.034016162157058716,0.00017505884170532227,-0.5874450206756592,-0.04948975890874863,-0.0012432336807250977,-0.6626818180084229,-0.062433283776044846,0.03728783130645752,-0.33475053310394287,-0.0366581454873085,0.05866670608520508,-0.43205684423446655,-0.04771894961595535,0.07350850105285645,-0.4972708821296692,-0.05585898458957672,0.08515232801437378,-0.5611895322799683,-0.06305631995201111
0.0,0.0,0.0,-0.08234935998916626,-0.04288762807846069,-0.030050141736865044,-0.15699267387390137,-0.1309056282043457,-0.04549664631485939,-0.21952572464942932,-0.18811410665512085,-0.06021537259221077,-0.27259910106658936,-0.2086780071258545,-0.07494936883449554,-0.10669887065887451,-0.3546779155731201,-0.009711150079965591,-0.13579517602920532,-0.47722405195236206,-0.022196145728230476,-0.1515655517578125,-0.5498748421669006,-0.038476377725601196,-0.1644764542579651,-0.6179159879684448,-0.05281021073460579,-0.05708944797515869,-0.38535040616989136,-0.013018251396715641,-0.06365984678268433,-0.5305131673812866,-0.0185819361358881,-0.06543922424316406,-0.6192705631256104,-0.030041787773370743,-0.06761139631271362,-0.6918725967407227,-0.04136107116937637,-0.008832693099975586,-0.3734051585197449,-0.022172901779413223,-0.001910567283630371,-0.5042495727539062,-0.032590027898550034,-0.0002662539482116699,-0.5879679322242737,-0.04736322909593582,-0.0012276768684387207,-0.6627752780914307,-0.059618812054395676,0.03661853075027466,-0.3339056968688965,-0.0352158397436142,0.058109819889068604,-0.43024250864982605,-0.04611478000879288,0.07297581434249878,-0.49573051929473877,-0.05379573628306389,0.08483189344406128,-0.5601423978805542,-0.060481954365968704
0.0,0.0,0.0,-0.0828198790550232,-0.04183989763259888,-0.028535673394799232,-0.15644431114196777,-0.12925243377685547,-0.04355481266975403,-0.2177342176437378,-0.18875569105148315,-0.058061689138412476,-0.2699964940547943,-0.21029531955718994,-0.07273779809474945,-0.10512423515319824,-0.3541679382324219,-0.008790447376668453,-0.13374078273773193,-0.47537440061569214,-0.02060561813414097,-0.14877945184707642,-0.5486096143722534,-0.036734551191329956,-0.1609123945236206,-0.6163583993911743,-0.051323093473911285,-0.05575674772262573,-0.38473349809646606,-0.013051492162048817,-0.062003374099731445,-0.5281083583831787,-0.018560903146862984,-0.06370747089385986,-0.616348385810852,-0.03053892031311989,-0.06575214862823486,-0.6886913180351257,-0.0424315445125103,-0.007706284523010254,-0.3728712797164917,-0.02293447032570839,-0.0006403326988220215,-0.5036324858665466,-0.03346005827188492,0.0007814764976501465,-0.5883047580718994,-0.0491897389292717,-0.00044161081314086914,-0.6636682748794556,-0.062418580055236816,0.0373615026473999,-0.3325694799423218,-0.03650210425257683,0.058764100074768066,-0.429826557636261,-0.047888632863759995,0.07339859008789062,-0.4958747625350952,-0.05637334659695625,0.08475899696350098,-0.5605817437171936,-0.06385234743356705
0.0,0.0,0.0,-0.08164942264556885,-0.04201769828796387,-0.028793809935450554,-0.1556934118270874,-0.13019734621047974,-0.04397717863321304,-0.21776345372200012,-0.188501238822937,-0.058538809418678284,-0.2699489891529083,-0.21043622493743896,-0.07341726869344711,-0.10491830110549927,-0.3544082045555115,-0.010029025375843048,-0.13409310579299927,-0.47534358501434326,-0.02205345779657364,-0.14957374334335327,-0.5491886138916016,-0.03836759552359581,-0.16191506385803223,-0.6181998252868652,-0.053189024329185486,-0.05569559335708618,-0.3850376009941101,-0.014317391440272331,-0.06270897388458252,-0.5289735198020935,-0.020154159516096115,-0.06508773565292358,-0.6187183856964111,-0.03269029036164284,-0.0674639344215393,-0.6932413578033447,-0.04511978477239609,-0.0077211856842041016,-0.3731345534324646,-0.024127569049596786,-0.0007500648498535156,-0.5044274926185608,-0.03485376387834549,0.0006384849548339844,-0.589806079864502,-0.05131501704454422,-0.0007302761077880859,-0.6668741703033447,-0.06523926556110382,0.03740274906158447,-0.33338266611099243,-0.03757643699645996,0.058819472789764404,-0.4311288297176361,-0.049223583191633224,0.07334357500076294,-0.49694329500198364,-0.05815543979406357,0.08440107107162476,-0.5622524619102478,-0.0660938173532486
0.0,0.0,0.0,-0.08108639717102051,-0.04121977090835571,-0.02827097661793232,-0.15610015392303467,-0.13126057386398315,-0.04301353543996811,-0.21749693155288696,-0.19107544422149658,-0.05733446404337883,-0.26930275559425354,-0.21476346254348755,-0.07229576259851456,-0.10530656576156616,-0.35404831171035767,-0.011004012078046799,-0.13439613580703735,-0.47657614946365356,-0.023078732192516327,-0.14932376146316528,-0.5513659715652466,-0.039023373275995255,-0.16099494695663452,-0.621498703956604,-0.053677044808864594,-0.055273234844207764,-0.38495737314224243,-0.015601545572280884,-0.06156831979751587,-0.5285167694091797,-0.02221594750881195,-0.06308501958847046,-0.6181132793426514,-0.03521335870027542,-0.06482785940170288,-0.6920348405838013,-0.04812193289399147,-0.007090091705322266,-0.37361055612564087,-0.025604356080293655,0.0007821917533874512,-0.5018342733383179,-0.03710950165987015,0.0022708773612976074,-0.5866345167160034,-0.054506633430719376,0.000751197338104248,-0.6633810997009277,-0.06919801235198975,0.037962913513183594,-0.3344729542732239,-0.03911899775266647,0.06005251407623291,-0.4329299330711365,-0.051445845514535904,0.07497429847717285,-0.4989754855632782,-0.06131071224808693,0.08618146181106567,-0.5640607476234436,-0.07011998444795609
0.0,0.0,0.0,-0.08038896322250366,-0.04238736629486084,-0.028583001345396042,-0.15503495931625366,-0.13203883171081543,-0.043611615896224976,-0.2168126106262207,-0.19083011150360107,-0.05812525749206543,-0.26851189136505127,-0.21422719955444336,-0.07304063439369202,-0.10413479804992676,-0.354922354221344,-0.011119121685624123,-0.13354945182800293,-0.47702693939208984,-0.023764586076140404,-0.14904487133026123,-0.5513070821762085,-0.04001409187912941,-0.16133499145507812,-0.6205567717552185,-0.05452115833759308,-0.05468529462814331,-0.3851568102836609,-0.015439222566783428,-0.060487210750579834,-0.5293987393379211,-0.021728502586483955,-0.06228458881378174,-0.6194357872009277,-0.03380966559052467,-0.06465411186218262,-0.6932172775268555,-0.04571479931473732,-0.006648600101470947,-0.37301552295684814,-0.025255350396037102,0.0010725855827331543,-0.5025718212127686,-0.03609113767743111,0.0026262402534484863,-0.5874442458152771,-0.051831141114234924,0.0012837052345275879,-0.6635646224021912,-0.06506963819265366,0.038351237773895264,-0.3327949643135071,-0.03872954845428467,0.06029045581817627,-0.43010708689689636,-0.05019707232713699,0.07533502578735352,-0.4959558844566345,-0.05858558416366577,0.08682960271835327,-0.5607461333274841,-0.06599589437246323
0.0,0.0,0.0,-0.0804641842842102,-0.04344969987869263,-0.02903374470770359,-0.15503275394439697,-0.13347172737121582,-0.04464806616306305,-0.21683484315872192,-0.1920182704925537,-0.05973482504487038,-0.26837578415870667,-0.21469789743423462,-0.07527612149715424,-0.10313916206359863,-0.3539844751358032,-0.01209949515759945,-0.13292157649993896,-0.47524142265319824,-0.02542254701256752,-0.14833080768585205,-0.5497708320617676,-0.04220578074455261,-0.16025394201278687,-0.61942058801651,-0.057317834347486496,-0.053814470767974854,-0.38477402925491333,-0.016401082277297974,-0.05997276306152344,-0.5280059576034546,-0.02374124713242054,-0.0619586706161499,-0.6172504425048828,-0.036241739988327026,-0.06442499160766602,-0.6910769939422607,-0.0485357865691185,-0.005940139293670654,-0.37315064668655396,-0.026235654950141907,0.0001920461654663086,-0.5063644647598267,-0.03739821910858154,0.0015845894813537598,-0.5911017656326294,-0.05271830037236214,0.000420987606048584,-0.6672440767288208,-0.06586864590644836,0.03911393880844116,-0.3327749967575073,-0.03984636068344116,0.060009658336639404,-0.4306914210319519,-0.051345281302928925,0.07470393180847168,-0.4968571066856384,-0.05967641621828079,0.08616667985916138,-0.5616753101348877,-0.06721330434083939
0.0,0.0,0.0,-0.08167785406112671,-0.04151266813278198,-0.030395645648241043,-0.15611135959625244,-0.12773317098617554,-0.04645668342709541,-0.21744322776794434,-0.18615245819091797,-0.06177356094121933,-0.2680703103542328,-0.209750235080719,-0.07705292850732803,-0.10613465309143066,-0.35127830505371094,-0.011349356733262539,-0.13587945699691772,-0.47099417448043823,-0.024232646450400352,-0.1505124568939209,-0.5443539619445801,-0.04087253659963608,-0.161374032497406,-0.6137046813964844,-0.05592813715338707,-0.056935012340545654,-0.38351863622665405,-0.014741608873009682,-0.06407105922698975,-0.5259963870048523,-0.021060705184936523,-0.06517034769058228,-0.6140783429145813,-0.03206992894411087,-0.06695157289505005,-0.6859734654426575,-0.04321794584393501,-0.009165346622467041,-0.3728397488594055,-0.024068940430879593,-0.003890812397003174,-0.5054957270622253,-0.03473837673664093,-0.0012940764427185059,-0.588150143623352,-0.048597533255815506,-0.00126725435256958,-0.6622698307037354,-0.06042128801345825,0.03608226776123047,-0.33340466022491455,-0.037432823330163956,0.057252705097198486,-0.42941778898239136,-0.048756472766399384,0.07209956645965576,-0.49381351470947266,-0.056559789925813675,0.08382248878479004,-0.5576761960983276,-0.06344014406204224
0.0,0.0,0.0,-0.0821036696434021,-0.042595505714416504,-0.0285098347812891,-0.15662020444869995,-0.12850862741470337,-0.04416976496577263,-0.21885830163955688,-0.18501102924346924,-0.05938054248690605,-0.27047446370124817,-0.20772254467010498,-0.07468428462743759,-0.10553240776062012,-0.35221725702285767,-0.009747211821377277,-0.13484644889831543,-0.47346383333206177,-0.022108644247055054,-0.14980155229568481,-0.5460911393165588,-0.03856456279754639,-0.16171973943710327,-0.6135046482086182,-0.05337221175432205,-0.05621790885925293,-0.38353270292282104,-0.01379344705492258,-0.0632590651512146,-0.5264639854431152,-0.019513200968503952,-0.06513833999633789,-0.6147293448448181,-0.03139013797044754,-0.06727391481399536,-0.687273383140564,-0.043387264013290405,-0.008091986179351807,-0.37233883142471313,-0.023455096408724785,-0.003248929977416992,-0.5052049160003662,-0.03334638103842735,-0.001322329044342041,-0.5889154672622681,-0.0482756569981575,-0.0015987157821655273,-0.6635947823524475,-0.06120583042502403,0.03743612766265869,-0.3323553800582886,-0.03687506914138794,0.05847376585006714,-0.428439736366272,-0.04761466011404991,0.07305037975311279,-0.4937209486961365,-0.05567048862576485,0.08457779884338379,-0.5584709644317627,-0.06292275339365005
0.0,0.0,0.0,-0.08368349075317383,-0.04185265302658081,-0.029383506625890732,-0.1581871509552002,-0.12923663854599,-0.04452473670244217,-0.21993905305862427,-0.18702274560928345,-0.058954186737537384,-0.2724892795085907,-0.20759820938110352,-0.07347893714904785,-0.10593277215957642,-0.3539872169494629,-0.008636699989438057,-0.135534405708313,-0.4756166338920593,-0.020020630210638046,-0.1514352560043335,-0.548737645149231,-0.03606582060456276,-0.16427677869796753,-0.6167060732841492,-0.05071575567126274,-0.05663156509399414,-0.3852918744087219,-0.012425811029970646,-0.0638551115989685,-0.5291262865066528,-0.017242062836885452,-0.06586933135986328,-0.6183091402053833,-0.029173193499445915,-0.06788641214370728,-0.6912904977798462,-0.04119513928890228,-0.008528470993041992,-0.3736095428466797,-0.021982531994581223,-0.002397596836090088,-0.5054072141647339,-0.03195790573954582,-0.0006025433540344238,-0.5906621813774109,-0.047911372035741806,-0.0010495185852050781,-0.666877031326294,-0.06146559864282608,0.03706467151641846,-0.3333855867385864,-0.03534047305583954,0.057663679122924805,-0.43135666847229004,-0.046501513570547104,0.07185602188110352,-0.49717140197753906,-0.055085938423871994,0.08311265707015991,-0.5617516040802002,-0.06275076419115067
0.0,0.0,0.0,-0.08320903778076172,-0.04227006435394287,-0.029668249189853668,-0.15726691484451294,-0.13076573610305786,-0.04509272053837776,-0.21937626600265503,-0.1880849003791809,-0.05973796173930168,-0.2727290987968445,-0.20730692148208618,-0.07442142814397812,-0.10655719041824341,-0.3547549247741699,-0.009735378436744213,-0.1358802318572998,-0.47794005274772644,-0.022198451682925224,-0.1515446901321411,-0.5513215065002441,-0.03861847519874573,-0.16449415683746338,-0.6188482642173767,-0.05324248597025871,-0.05688309669494629,-0.38638371229171753,-0.013365623541176319,-0.06459593772888184,-0.5332911014556885,-0.019020037725567818,-0.06643199920654297,-0.6227202415466309,-0.031050601974129677,-0.0680762529373169,-0.6956995725631714,-0.042880963534116745,-0.008058786392211914,-0.3741747736930847,-0.02274569682776928,-0.002430140972137451,-0.5080902576446533,-0.03338158130645752,-0.0006268024444580078,-0.5935862064361572,-0.0491354800760746,-0.0010657906532287598,-0.669112503528595,-0.06221872940659523,0.038366854190826416,-0.3328929543495178,-0.03588183969259262,0.05945330858230591,-0.43149957060813904,-0.04701101407408714,0.07379370927810669,-0.4979552626609802,-0.055156197398900986,0.08495885133743286,-0.5626368522644043,-0.062335554510354996
0.0,0.0,0.0,-0.08324664831161499,-0.04109621047973633,-0.03113752044737339,-0.15842509269714355,-0.1316726803779602,-0.046554867178201675,-0.22139525413513184,-0.19055694341659546,-0.060849517583847046,-0.2749769985675812,-0.20993661880493164,-0.07517775893211365,-0.10850363969802856,-0.36043280363082886,-0.01054108515381813,-0.13841551542282104,-0.4845525622367859,-0.022784065455198288,-0.15416449308395386,-0.5587002038955688,-0.03920300304889679,-0.16732150316238403,-0.6272294521331787,-0.05393480136990547,-0.058432579040527344,-0.3920120596885681,-0.013657087460160255,-0.06573307514190674,-0.539880096912384,-0.01895860768854618,-0.06807804107666016,-0.6300747990608215,-0.030807185918092728,-0.07090240716934204,-0.7033697366714478,-0.0426073856651783,-0.009526431560516357,-0.3797524571418762,-0.022695301100611687,-0.002451598644256592,-0.5138454437255859,-0.03305903822183609,-0.0004951357841491699,-0.5997944474220276,-0.048889465630054474,-0.0012215971946716309,-0.6770384311676025,-0.0622740238904953,0.03651970624923706,-0.3385937213897705,-0.03568732365965843,0.05815696716308594,-0.43742668628692627,-0.047176510095596313,0.07279419898986816,-0.5039652585983276,-0.05577518418431282,0.08420711755752563,-0.5694810748100281,-0.06336138397455215
0.0,0.0,0.0,-0.08265644311904907,-0.04178333282470703,-0.03048677183687687,-0.15882235765457153,-0.13320708274841309,-0.04596548154950142,-0.2213718295097351,-0.19295936822891235,-0.06051216274499893,-0.274250328540802,-0.21267735958099365,-0.0753524899482727,-0.10935145616531372,-0.36180758476257324,-0.011923028156161308,-0.13892394304275513,-0.4854673147201538,-0.024812670424580574,-0.1549282670021057,-0.5602067112922668,-0.04135257378220558,-0.16830891370773315,-0.6298270225524902,-0.05606348067522049,-0.05892372131347656,-0.39279788732528687,-0.015850894153118134,-0.06608271598815918,-0.5415921211242676,-0.02258298546075821,-0.0681682825088501,-0.6335585117340088,-0.03515906631946564,-0.07042473554611206,-0.7089205980300903,-0.0473303459584713,-0.010160565376281738,-0.38014423847198486,-0.0254958663135767,-0.0026204586029052734,-0.5132712125778198,-0.03744332492351532,-0.0008879303932189941,-0.6001346707344055,-0.0543719120323658,-0.0017724037170410156,-0.6784577369689941,-0.06824943423271179,0.03570157289505005,-0.33925867080688477,-0.03887271136045456,0.05772280693054199,-0.43967220187187195,-0.05141007527709007,0.07268041372299194,-0.5079004764556885,-0.0606735497713089,0.08445066213607788,-0.5751574039459229,-0.06869428604841232
0.0,0.0,0.0,-0.08211421966552734,-0.04107421636581421,-0.02949628047645092,-0.15800005197525024,-0.1309906244277954,-0.044845808297395706,-0.2199961543083191,-0.19126200675964355,-0.059651199728250504,-0.2727097272872925,-0.2123836874961853,-0.07481403648853302,-0.10851836204528809,-0.36026597023010254,-0.010760811157524586,-0.13757365942001343,-0.4835609793663025,-0.023811306804418564,-0.1530119776725769,-0.5576552748680115,-0.04068879783153534,-0.16617202758789062,-0.6268346309661865,-0.055710796266794205,-0.05826270580291748,-0.39113157987594604,-0.01513960212469101,-0.0642351508140564,-0.538450300693512,-0.02204548940062523,-0.06670504808425903,-0.6297289133071899,-0.034960661083459854,-0.0701131820678711,-0.7054911851882935,-0.04755350202322006,-0.009353458881378174,-0.37912988662719727,-0.025182168930768967,-0.0020895004272460938,-0.5120882391929626,-0.03664005920290947,-0.0004849433898925781,-0.5976287722587585,-0.05297746881842613,-0.0018650293350219727,-0.6745038628578186,-0.06664104014635086,0.03647160530090332,-0.3385620713233948,-0.03898278623819351,0.05793827772140503,-0.4386562407016754,-0.05071169510483742,0.07293665409088135,-0.505994439125061,-0.05936753377318382,0.08447235822677612,-0.5717194080352783,-0.06710894405841827
0.0,0.0,0.0,-0.0830845832824707,-0.042067646980285645,-0.02821548655629158,-0.15795546770095825,-0.13015800714492798,-0.04345312342047691,-0.22037440538406372,-0.1883435845375061,-0.05831776186823845,-0.27309972047805786,-0.21017789840698242,-0.07340939342975616,-0.10719931125640869,-0.35923343896865845,-0.00888647697865963,-0.13666009902954102,-0.48173797130584717,-0.020960088819265366,-0.15245819091796875,-0.5549266338348389,-0.03733084723353386,-0.16541171073913574,-0.6235537528991699,-0.05209094285964966,-0.05690795183181763,-0.3909158706665039,-0.013811181299388409,-0.06413674354553223,-0.5402539968490601,-0.019326092675328255,-0.06594175100326538,-0.6325465440750122,-0.03125661984086037,-0.06801295280456543,-0.7082833051681519,-0.04311072453856468,-0.007914900779724121,-0.3780279755592346,-0.024372439831495285,-0.0014826059341430664,-0.5134902596473694,-0.03514420613646507,0.0007683038711547852,-0.5997619032859802,-0.050903238356113434,0.0003559589385986328,-0.676702618598938,-0.06407731026411057,0.03824979066848755,-0.3356208801269531,-0.03857064247131348,0.059890806674957275,-0.43582382798194885,-0.05015470087528229,0.07485973834991455,-0.5030221343040466,-0.05833258852362633,0.08638447523117065,-0.5693327188491821,-0.06555964052677155
0.0,0.0,0.0,-0.08448904752731323,-0.03875535726547241,-0.03047560341656208,-0.15865874290466309,-0.1241881251335144,-0.04632344841957092,-0.2210226058959961,-0.18278062343597412,-0.061202384531497955,-0.27338677644729614,-0.20535433292388916,-0.07596651464700699,-0.10985797643661499,-0.35463786125183105,-0.010022830218076706,-0.14004063606262207,-0.47810983657836914,-0.021999541670084,-0.1561795473098755,-0.5524001121520996,-0.03838284686207771,-0.16948890686035156,-0.6213611364364624,-0.053143247961997986,-0.05993330478668213,-0.3879169821739197,-0.01371239684522152,-0.06830531358718872,-0.5369752049446106,-0.018785199150443077,-0.07043951749801636,-0.6299269199371338,-0.030631063506007195,-0.07289332151412964,-0.7051525712013245,-0.042397640645504,-0.011203587055206299,-0.37639445066452026,-0.02330370619893074,-0.004562437534332275,-0.5104701519012451,-0.0337296687066555,-0.0019739270210266113,-0.5977967381477356,-0.050147127360105515,-0.0022644400596618652,-0.6748776435852051,-0.06380581855773926,0.035253703594207764,-0.33556103706359863,-0.03676043823361397,0.057471275329589844,-0.4365202486515045,-0.04845535382628441,0.07244187593460083,-0.5039209127426147,-0.05742755904793739,0.08373790979385376,-0.5697472095489502,-0.06519472599029541
0.0,0.0,0.0,-0.0828855037689209,-0.04076206684112549,-0.029279544949531555,-0.157667338848114,-0.1281864047050476,-0.04469999298453331,-0.2204652726650238,-0.18638503551483154,-0.05940363556146622,-0.27331554889678955,-0.208729088306427,-0.07411008328199387,-0.10908722877502441,-0.35886675119400024,-0.008899063803255558,-0.1392202377319336,-0.4826025068759918,-0.02096754126250744,-0.1558361053466797,-0.5573495626449585,-0.03752102330327034,-0.16969984769821167,-0.6259245872497559,-0.05234256759285927,-0.05937737226486206,-0.3913627862930298,-0.013215146027505398,-0.0681723952293396,-0.5407462120056152,-0.01847938448190689,-0.07055532932281494,-0.6341910362243652,-0.030714135617017746,-0.07286626100540161,-0.7101230025291443,-0.04273581504821777,-0.01026087999343872,-0.3794861435890198,-0.023299245163798332,-0.00518035888671875,-0.5140091180801392,-0.03358863666653633,-0.003061950206756592,-0.6011416912078857,-0.04984990134835243,-0.00354844331741333,-0.6788143515586853,-0.06347707659006119,0.03663194179534912,-0.3382764458656311,-0.03713487088680267,0.057175397872924805,-0.4387540817260742,-0.04843760281801224,0.07145977020263672,-0.5061039924621582,-0.05683687701821327,0.08252876996994019,-0.5726450085639954,-0.06423512101173401
0.0,0.0,0.0,-0.08479392528533936,-0.04104435443878174,-0.02838614396750927,-0.16022241115570068,-0.12897896766662598,-0.04350585862994194,-0.22198855876922607,-0.1873263120651245,-0.05823799595236778,-0.2753055691719055,-0.2071547508239746,-0.07315423339605331,-0.10783565044403076,-0.35842233896255493,-0.00849017221480608,-0.1366283893585205,-0.4818752110004425,-0.02029680274426937,-0.15271449089050293,-0.5547575950622559,-0.03653348237276077,-0.16673684120178223,-0.6218495965003967,-0.05118057504296303,-0.058059632778167725,-0.390137255191803,-0.013222315348684788,-0.0648336410522461,-0.539014458656311,-0.018725499510765076,-0.06722575426101685,-0.6305838823318481,-0.030979840084910393,-0.0700833797454834,-0.7053027153015137,-0.04315151274204254,-0.009464025497436523,-0.37786543369293213,-0.023617040365934372,-0.003212869167327881,-0.5136376023292542,-0.034187257289886475,-0.0012006163597106934,-0.5995751619338989,-0.05017772316932678,-0.0018036365509033203,-0.6759139895439148,-0.06369026750326157,0.03632521629333496,-0.336093544960022,-0.03769628331065178,0.05836361646652222,-0.43569886684417725,-0.04910637065768242,0.0732353925704956,-0.5030965209007263,-0.05757254734635353,0.08475017547607422,-0.5693250894546509,-0.06515403836965561
0.0,0.0,0.0,-0.08441871404647827,-0.041808247566223145,-0.029672697186470032,-0.15953701734542847,-0.1311805248260498,-0.04502174258232117,-0.2221735119819641,-0.19016540050506592,-0.05967859551310539,-0.27622532844543457,-0.21043545007705688,-0.07442861795425415,-0.1082078218460083,-0.36021900177001953,-0.008942458778619766,-0.1373906135559082,-0.48445647954940796,-0.020792342722415924,-0.15301823616027832,-0.5578767657279968,-0.0370650552213192,-0.16614890098571777,-0.6260018348693848,-0.051816731691360474,-0.05782419443130493,-0.392070472240448,-0.012950566597282887,-0.06530338525772095,-0.5397421717643738,-0.018368523567914963,-0.06728988885879517,-0.6301870346069336,-0.030637331306934357,-0.06933706998825073,-0.704456090927124,-0.04283112287521362,-0.00858396291732788,-0.3797217607498169,-0.022775685414671898,-0.0024421215057373047,-0.5143675804138184,-0.033601146191358566,-0.0005805492401123047,-0.6000964045524597,-0.04985728859901428,-0.001043856143951416,-0.6767036318778992,-0.06348027288913727,0.03770267963409424,-0.3378968834877014,-0.03636834770441055,0.05892622470855713,-0.43630462884902954,-0.04805973917245865,0.0735812783241272,-0.5028315186500549,-0.05674680322408676,0.08507424592971802,-0.5684442520141602,-0.06443417817354202
0.0,0.0,0.0,-0.08353781700134277,-0.04160475730895996,-0.030569666996598244,-0.158699631690979,-0.13124626874923706,-0.04603134095668793,-0.2215031385421753,-0.1906532645225525,-0.06070909649133682,-0.27527835965156555,-0.21136999130249023,-0.0754445493221283,-0.10828191041946411,-0.35994768142700195,-0.009545552544295788,-0.13791155815124512,-0.484310120344162,-0.02174154855310917,-0.15334051847457886,-0.5582988262176514,-0.03815271705389023,-0.16599500179290771,-0.6272477507591248,-0.05287681519985199,-0.05776095390319824,-0.39151424169540405,-0.01311563141644001,-0.0652429461479187,-0.5389084815979004,-0.018521955236792564,-0.06739634275436401,-0.6289963126182556,-0.030393455177545547,-0.06987005472183228,-0.7023420333862305,-0.04221179336309433,-0.008422553539276123,-0.37948328256607056,-0.0226338729262352,-0.001787424087524414,-0.5140694975852966,-0.03315824642777443,-9.870529174804688e-05,-0.5993108749389648,-0.048607584089040756,-0.0009728670120239258,-0.6751949787139893,-0.061599742621183395,0.03782457113265991,-0.33860868215560913,-0.03610968962311745,0.058819711208343506,-0.4373859763145447,-0.04751821979880333,0.07330995798110962,-0.5037767887115479,-0.05579955503344536,0.08479368686676025,-0.5689802765846252,-0.06310734152793884
0.0,0.0,0.0,-0.08385723829269409,-0.041538119316101074,-0.030629344284534454,-0.15923529863357544,-0.13108253479003906,-0.04589561000466347,-0.22179359197616577,-0.19089865684509277,-0.060189779847860336,-0.2750997543334961,-0.21235519647598267,-0.07450592517852783,-0.10823369026184082,-0.3624385595321655,-0.009122115559875965,-0.13809412717819214,-0.48574772477149963,-0.020248517394065857,-0.15377932786941528,-0.5597652792930603,-0.036264531314373016,-0.16690146923065186,-0.6287499666213989,-0.05101185292005539,-0.05809706449508667,-0.39365094900131226,-0.012544126249849796,-0.0651167631149292,-0.5405999422073364,-0.01714763231575489,-0.06739693880081177,-0.6308035850524902,-0.029201600700616837,-0.07019531726837158,-0.7042405605316162,-0.04143751412630081,-0.009079158306121826,-0.3811907172203064,-0.02185860089957714,-0.0023691654205322266,-0.514141857624054,-0.03190099075436592,-0.0006828904151916504,-0.6003058552742004,-0.04846532642841339,-0.0016722679138183594,-0.6779835224151611,-0.06258849799633026,0.03719300031661987,-0.3401503562927246,-0.03507063165307045,0.05863004922866821,-0.43942973017692566,-0.04644332453608513,0.07318395376205444,-0.5058498382568359,-0.05554063618183136,0.08446669578552246,-0.5715755820274353,-0.06371019780635834
0.0,0.0,0.0,-0.0842200517654419,-0.04262983798980713,-0.029795046895742416,-0.16002166271209717,-0.13303661346435547,-0.04521872103214264,-0.22311174869537354,-0.19244956970214844,-0.05992017313838005,-0.2772308588027954,-0.2129840850830078,-0.07456175982952118,-0.10879331827163696,-0.363969624042511,-0.009061061777174473,-0.1378670334815979,-0.48907774686813354,-0.020260464400053024,-0.15314596891403198,-0.5617516040802002,-0.03592560812830925,-0.16635537147521973,-0.629679262638092,-0.0502890907227993,-0.05847501754760742,-0.39460617303848267,-0.013061817735433578,-0.06462907791137695,-0.5423751473426819,-0.017906611785292625,-0.06679636240005493,-0.6323077082633972,-0.02947448194026947,-0.07024073600769043,-0.7058895826339722,-0.041154295206069946,-0.009357750415802002,-0.3813691735267639,-0.0228774044662714,-0.0037451982498168945,-0.5174083113670349,-0.03303849697113037,-0.0017270445823669434,-0.6026448607444763,-0.04827301949262619,-0.0025185346603393555,-0.6791779398918152,-0.06119291111826897,0.036626577377319336,-0.3397619128227234,-0.03654439374804497,0.057627975940704346,-0.4394647479057312,-0.047818511724472046,0.07242763042449951,-0.5060784816741943,-0.0560227669775486,0.08430927991867065,-0.571856677532196,-0.06327350437641144
0.0,0.0,0.0,-0.08261740207672119,-0.04268544912338257,-0.030622970312833786,-0.15835803747177124,-0.1316806674003601,-0.046728577464818954,-0.2206251621246338,-0.19286209344863892,-0.06211627274751663,-0.2738005220890045,-0.21528476476669312,-0.0776379331946373,-0.10852169990539551,-0.3620101809501648,-0.010910258628427982,-0.1381322741508484,-0.48753654956817627,-0.02382931485772133,-0.15280842781066895,-0.5619048476219177,-0.040641847997903824,-0.16490685939788818,-0.6312456727027893,-0.05574304610490799,-0.05798006057739258,-0.3927343487739563,-0.014599548652768135,-0.06453597545623779,-0.5395624041557312,-0.021271301433444023,-0.06727874279022217,-0.6291148662567139,-0.034068457782268524,-0.07099157571792603,-0.7029035687446594,-0.04666450247168541,-0.008596420288085938,-0.3802323341369629,-0.02409944497048855,-0.0028632283210754395,-0.5167858600616455,-0.035095032304525375,-0.0012107491493225098,-0.6022657155990601,-0.05101212114095688,-0.0021535158157348633,-0.6787195801734924,-0.06453421711921692,0.037874042987823486,-0.3388763666152954,-0.037504468113183975,0.05847048759460449,-0.4394408166408539,-0.049068741500377655,0.07280385494232178,-0.5062410831451416,-0.05768955126404762,0.08435654640197754,-0.5715958476066589,-0.06539784371852875
0.0,0.0,0.0,-0.08475732803344727,-0.04366421699523926,-0.030027206987142563,-0.16069644689559937,-0.1349039077758789,-0.045201003551483154,-0.2239263653755188,-0.1954696774482727,-0.059788163751363754,-0.2782248854637146,-0.21690130233764648,-0.07434254139661789,-0.10972738265991211,-0.36555951833724976,-0.007875493727624416,-0.13905096054077148,-0.49185097217559814,-0.019102493301033974,-0.15380418300628662,-0.5660563111305237,-0.034873154014348984,-0.1661142110824585,-0.6351535320281982,-0.04926071688532829,-0.05917447805404663,-0.39646047353744507,-0.011661143973469734,-0.06527388095855713,-0.5446917414665222,-0.016424689441919327,-0.06774985790252686,-0.6350112557411194,-0.0281201284378767,-0.07161670923233032,-0.7079733610153198,-0.039837684482336044,-0.00970083475112915,-0.38369131088256836,-0.02138834446668625,-0.0036221742630004883,-0.5207961201667786,-0.031019162386655807,-0.0018500685691833496,-0.6064291000366211,-0.046145662665367126,-0.003051459789276123,-0.6823620796203613,-0.05901631712913513,0.03665560483932495,-0.34266191720962524,-0.03507775813341141,0.05747675895690918,-0.4431714415550232,-0.045800987631082535,0.07198315858840942,-0.5101154446601868,-0.05388211831450462,0.08374202251434326,-0.5754342079162598,-0.06104036048054695
0.0,0.0,0.0,-0.08299612998962402,-0.04230332374572754,-0.030650455504655838,-0.15871822834014893,-0.13321584463119507,-0.04669351503252983,-0.2217821478843689,-0.19454950094223022,-0.06196809932589531,-0.2758958041667938,-0.21652138233184814,-0.07738238573074341,-0.10796183347702026,-0.3639376163482666,-0.011252802796661854,-0.1371561884880066,-0.48850807547569275,-0.023917248472571373,-0.15198343992233276,-0.5626751184463501,-0.04048128426074982,-0.16449064016342163,-0.6318485736846924,-0.055448103696107864,-0.05764269828796387,-0.3945164084434509,-0.01507504191249609,-0.06394308805465698,-0.542282223701477,-0.021548736840486526,-0.06665223836898804,-0.6314747929573059,-0.033960577100515366,-0.07049292325973511,-0.7045348882675171,-0.04619014635682106,-0.008373796939849854,-0.38139426708221436,-0.024666383862495422,-0.0019409656524658203,-0.5179853439331055,-0.035649437457323074,-1.7821788787841797e-05,-0.6038809418678284,-0.05125409737229347,-0.0009615421295166016,-0.6809374690055847,-0.06452210992574692,0.0376850962638855,-0.3395649194717407,-0.03815780207514763,0.058818817138671875,-0.44009432196617126,-0.049779776483774185,0.07356899976730347,-0.5070604681968689,-0.05820808932185173,0.0853346586227417,-0.5726503133773804,-0.06573427468538284
0.0,0.0,0.0,-0.08256620168685913,-0.04457569122314453,-0.03024582751095295,-0.15855425596237183,-0.13517820835113525,-0.046249985694885254,-0.2218521237373352,-0.19598019123077393,-0.061538588255643845,-0.275275319814682,-0.21966087818145752,-0.0771011933684349,-0.10873794555664062,-0.36472344398498535,-0.01161923073232174,-0.13727933168411255,-0.49007314443588257,-0.024784374982118607,-0.15259653329849243,-0.5650733709335327,-0.041832562536001205,-0.16549092531204224,-0.6356016397476196,-0.057086218148469925,-0.058086276054382324,-0.39473533630371094,-0.015703976154327393,-0.06430262327194214,-0.5410696864128113,-0.022688593715429306,-0.06703585386276245,-0.6316322088241577,-0.03591780364513397,-0.07064789533615112,-0.70731520652771,-0.04891718551516533,-0.008742690086364746,-0.3823053240776062,-0.025469772517681122,-0.001828014850616455,-0.5165840983390808,-0.03673092648386955,8.70823860168457e-05,-0.6031613349914551,-0.053157538175582886,-0.0008878111839294434,-0.6811226606369019,-0.06708367168903351,0.03755593299865723,-0.3420994281768799,-0.039048682898283005,0.0585862398147583,-0.4432072639465332,-0.05067383870482445,0.07364070415496826,-0.5105187296867371,-0.059369999915361404,0.08577412366867065,-0.5763981342315674,-0.067214734852314
0.0,0.0,0.0,-0.08285361528396606,-0.04218745231628418,-0.02992374636232853,-0.15856176614761353,-0.1333954930305481,-0.04546221345663071,-0.22135519981384277,-0.19491219520568848,-0.06035437062382698,-0.27496448159217834,-0.21727490425109863,-0.07529245316982269,-0.10706555843353271,-0.3632827401161194,-0.009557942859828472,-0.1363113522529602,-0.4882473349571228,-0.02174883708357811,-0.1518988013267517,-0.5620045065879822,-0.03822429105639458,-0.16546517610549927,-0.6299959421157837,-0.05301216244697571,-0.056724369525909424,-0.3931565284729004,-0.013707011006772518,-0.0632023811340332,-0.5418088436126709,-0.01960543543100357,-0.06574743986129761,-0.6334677934646606,-0.03223221004009247,-0.06950736045837402,-0.7080438137054443,-0.04469135403633118,-0.007509112358093262,-0.38032084703445435,-0.0236731618642807,-0.001646578311920166,-0.5167469382286072,-0.03417807072401047,0.00033420324325561523,-0.6031355857849121,-0.050394270569086075,-0.0005755424499511719,-0.6797610521316528,-0.06412973999977112,0.0388982892036438,-0.33943092823028564,-0.0374927744269371,0.05977010726928711,-0.44083136320114136,-0.048746202141046524,0.07473170757293701,-0.5082165598869324,-0.0574035719037056,0.0866197943687439,-0.5737149119377136,-0.06517058610916138
0.0,0.0,0.0,-0.08440923690795898,-0.04254037141799927,-0.030373312532901764,-0.16151267290115356,-0.1332918405532837,-0.04604464769363403,-0.22444823384284973,-0.1932903528213501,-0.06091482564806938,-0.2781789302825928,-0.21627384424209595,-0.07588106393814087,-0.1082906723022461,-0.3635866641998291,-0.010408550500869751,-0.13699012994766235,-0.48925983905792236,-0.022560618817806244,-0.15282601118087769,-0.5636613965034485,-0.038970399647951126,-0.16680419445037842,-0.6325945854187012,-0.05371851474046707,-0.05783402919769287,-0.3935062289237976,-0.014204313047230244,-0.06372785568237305,-0.5421169996261597,-0.01978135108947754,-0.06617438793182373,-0.6338285803794861,-0.03226988762617111,-0.06979107856750488,-0.7087026834487915,-0.04480712115764618,-0.00884997844696045,-0.38038527965545654,-0.02381037548184395,-0.0022112131118774414,-0.5158033967018127,-0.03436370566487312,-0.00039821863174438477,-0.6025586724281311,-0.05078447237610817,-0.001352071762084961,-0.6799577474594116,-0.06480051577091217,0.03714609146118164,-0.3390581011772156,-0.03728335723280907,0.05887424945831299,-0.4387078881263733,-0.04886992648243904,0.07418829202651978,-0.5059013366699219,-0.05788232758641243,0.08677715063095093,-0.5716081857681274,-0.06598212569952011
0.0,0.0,0.0,-0.08405119180679321,-0.04315793514251709,-0.031131019815802574,-0.16071999073028564,-0.13615155220031738,-0.04666679725050926,-0.2234218716621399,-0.19845175743103027,-0.06131596118211746,-0.27711254358291626,-0.2211933135986328,-0.07614459842443466,-0.10827016830444336,-0.3649563193321228,-0.011572188697755337,-0.137187659740448,-0.4919593036174774,-0.023735830560326576,-0.1525474190711975,-0.5666722655296326,-0.03981781005859375,-0.1655721664428711,-0.6372509002685547,-0.054375916719436646,-0.05759686231613159,-0.39505165815353394,-0.014981520362198353,-0.06351077556610107,-0.5429252982139587,-0.02088576927781105,-0.06561970710754395,-0.6342217922210693,-0.03318367525935173,-0.06882035732269287,-0.7092850804328918,-0.045472651720047,-0.008813977241516113,-0.3821136951446533,-0.024226786568760872,-0.0015330910682678223,-0.5164527893066406,-0.03492390364408493,0.00034433603286743164,-0.602277934551239,-0.05104542151093483,-0.0006453990936279297,-0.6801896095275879,-0.06478725373744965,0.03704577684402466,-0.3420647978782654,-0.037423841655254364,0.05876988172531128,-0.44191431999206543,-0.04911931976675987,0.07419753074645996,-0.5083191394805908,-0.05817735940217972,0.08699691295623779,-0.5738979578018188,-0.06625108420848846
0.0,0.0,0.0,-0.08326953649520874,-0.04367786645889282,-0.031621478497982025,-0.16025936603546143,-0.13541829586029053,-0.048033542931079865,-0.22326335310935974,-0.19757747650146484,-0.06365646421909332,-0.27708905935287476,-0.2216266393661499,-0.07957528531551361,-0.10810023546218872,-0.36416345834732056,-0.013106203638017178,-0.13790977001190186,-0.49000823497772217,-0.026111112907528877,-0.1525181531906128,-0.5660937428474426,-0.04265693575143814,-0.16414237022399902,-0.6382718086242676,-0.05766243487596512,-0.05695229768753052,-0.394955575466156,-0.01659291423857212,-0.06306016445159912,-0.5428906083106995,-0.024109777063131332,-0.06461977958679199,-0.634435772895813,-0.037401001900434494,-0.06694531440734863,-0.710236668586731,-0.05035555735230446,-0.007791996002197266,-0.3823763132095337,-0.02578757330775261,-0.001305222511291504,-0.5158581733703613,-0.037371233105659485,0.00010097026824951172,-0.6001448631286621,-0.05357249453663826,-0.0014627575874328613,-0.6764143705368042,-0.06728667765855789,0.038270771503448486,-0.3418616056442261,-0.03894784674048424,0.05917555093765259,-0.4413583278656006,-0.050413116812705994,0.07376134395599365,-0.5072034597396851,-0.058985866606235504,0.08560562133789062,-0.5714112520217896,-0.06677541136741638
0.0,0.0,0.0,-0.08388012647628784,-0.04286062717437744,-0.03187362104654312,-0.16085660457611084,-0.13560938835144043,-0.04778500273823738,-0.22388702630996704,-0.19702816009521484,-0.06254777312278748,-0.27780067920684814,-0.21986985206604004,-0.07750540226697922,-0.10880208015441895,-0.3653057813644409,-0.013133949600160122,-0.13695627450942993,-0.49288278818130493,-0.02527383342385292,-0.1522102952003479,-0.5677216053009033,-0.04125392436981201,-0.16535639762878418,-0.6381372213363647,-0.055761270225048065,-0.05794787406921387,-0.39495158195495605,-0.016186704859137535,-0.06352007389068604,-0.5434967279434204,-0.0222680252045393,-0.06550228595733643,-0.6349767446517944,-0.03497053682804108,-0.06840962171554565,-0.7103578448295593,-0.04765291512012482,-0.009052932262420654,-0.381605863571167,-0.02500414103269577,-0.0014365911483764648,-0.5150413513183594,-0.03616395220160484,0.00031876564025878906,-0.6009040474891663,-0.053294215351343155,-0.0007157325744628906,-0.6788339614868164,-0.06779462844133377,0.03679114580154419,-0.3410775661468506,-0.037707701325416565,0.05894947052001953,-0.4400728940963745,-0.049736183136701584,0.07461345195770264,-0.5061603784561157,-0.059418126940727234,0.08760160207748413,-0.5712026953697205,-0.06806235015392303
0.0,0.0,0.0,-0.08394169807434082,-0.043847084045410156,-0.03127424791455269,-0.1606917381286621,-0.1371815800666809,-0.04689449444413185,-0.2236749529838562,-0.1976686716079712,-0.06166338175535202,-0.2775476574897766,-0.21929645538330078,-0.07661386579275131,-0.10730355978012085,-0.3656507730484009,-0.011678891256451607,-0.13676810264587402,-0.4915424883365631,-0.02390560694038868,-0.1520618200302124,-0.5664529204368591,-0.039940331131219864,-0.1645941138267517,-0.6375102996826172,-0.05447785556316376,-0.05645471811294556,-0.396418035030365,-0.015083842910826206,-0.062246501445770264,-0.5447259545326233,-0.020925845950841904,-0.06416714191436768,-0.6360193490982056,-0.032852210104465485,-0.0671614408493042,-0.7105699777603149,-0.04479131102561951,-0.007589101791381836,-0.38341987133026123,-0.024335481226444244,-6.783008575439453e-05,-0.5174427032470703,-0.0347394123673439,0.001498878002166748,-0.6021618843078613,-0.05006812512874603,4.2438507080078125e-05,-0.6784362196922302,-0.06317848712205887,0.03813982009887695,-0.342474102973938,-0.03763607516884804,0.0599057674407959,-0.4406909942626953,-0.04887260124087334,0.07478171586990356,-0.5066251754760742,-0.05727429315447807,0.0867425799369812,-0.5710347890853882,-0.06477710604667664
0.0,0.0,0.0,-0.08396488428115845,-0.04483795166015625,-0.03159879148006439,-0.16072481870651245,-0.13719964027404785,-0.04771924018859863,-0.2239474654197693,-0.1967933177947998,-0.06288469582796097,-0.27788835763931274,-0.21802645921707153,-0.07821032404899597,-0.10796499252319336,-0.3655139207839966,-0.012358778156340122,-0.13614869117736816,-0.49280625581741333,-0.024872912093997,-0.1516377329826355,-0.5671271681785583,-0.04114159196615219,-0.16513735055923462,-0.6371597051620483,-0.05571199953556061,-0.05721163749694824,-0.3954429030418396,-0.015641165897250175,-0.06321465969085693,-0.54360032081604,-0.021765951067209244,-0.06568104028701782,-0.6346554160118103,-0.03438210114836693,-0.06905919313430786,-0.7097727060317993,-0.04686892777681351,-0.008256375789642334,-0.3823145031929016,-0.02473362348973751,-0.0007113814353942871,-0.5163308382034302,-0.035550035536289215,0.0008984208106994629,-0.6013513207435608,-0.051783155649900436,-0.00044977664947509766,-0.6782407760620117,-0.06554548442363739,0.03760641813278198,-0.34196680784225464,-0.03778887912631035,0.05935823917388916,-0.44074076414108276,-0.04925958812236786,0.07452982664108276,-0.5064612627029419,-0.05805965140461922,0.08697932958602905,-0.570824921131134,-0.06591268628835678
0.0,0.0,0.0,-0.08328884840011597,-0.04324597120285034,-0.031195510178804398,-0.1599007248878479,-0.13461428880691528,-0.047132451087236404,-0.22323298454284668,-0.19588440656661987,-0.062299322336912155,-0.27695056796073914,-0.21861392259597778,-0.07769101113080978,-0.10821616649627686,-0.3635712265968323,-0.01162466686218977,-0.1376969814300537,-0.4891555607318878,-0.023911546915769577,-0.15225601196289062,-0.5645042657852173,-0.04002261161804199,-0.16386079788208008,-0.6358836889266968,-0.05471440404653549,-0.05744493007659912,-0.3946898579597473,-0.014984876848757267,-0.06370532512664795,-0.5420213937759399,-0.021439697593450546,-0.06539148092269897,-0.6326965093612671,-0.033949870616197586,-0.06815946102142334,-0.7069839239120483,-0.04635406285524368,-0.008539736270904541,-0.38228344917297363,-0.02413184940814972,-0.0013460516929626465,-0.5152462720870972,-0.03496981039643288,0.00054168701171875,-0.5993198156356812,-0.05068579688668251,-0.0009664297103881836,-0.6752508282661438,-0.06404317170381546,0.03730881214141846,-0.3420581817626953,-0.03725861385464668,0.05925273895263672,-0.44065138697624207,-0.048554424196481705,0.07424521446228027,-0.5067700147628784,-0.05715254694223404,0.086070716381073,-0.571819543838501,-0.06485579907894135
0.0,0.0,0.0,-0.0827752947807312,-0.04341590404510498,-0.03195098787546158,-0.15967828035354614,-0.13473689556121826,-0.04845726490020752,-0.22275671362876892,-0.19642120599746704,-0.06404535472393036,-0.27614712715148926,-0.2200150489807129,-0.07984698563814163,-0.10836756229400635,-0.3650597929954529,-0.013056316412985325,-0.1380351185798645,-0.49078369140625,-0.02603614330291748,-0.15275657176971436,-0.5664443969726562,-0.04264631122350693,-0.16470861434936523,-0.6381454467773438,-0.05770094692707062,-0.057395339012145996,-0.3957577347755432,-0.01635410450398922,-0.0633499026298523,-0.5434278845787048,-0.02370685152709484,-0.064949631690979,-0.6348253488540649,-0.03686392307281494,-0.06761682033538818,-0.7103843688964844,-0.04975331202149391,-0.00850057601928711,-0.3830578327178955,-0.025448551401495934,-0.0014339089393615723,-0.5161564350128174,-0.03693167865276337,0.0002639889717102051,-0.6007415652275085,-0.05314061790704727,-0.0013530254364013672,-0.6776260137557983,-0.06689528375864029,0.03734612464904785,-0.3424314260482788,-0.038554202765226364,0.05873525142669678,-0.44155633449554443,-0.05015895143151283,0.07352572679519653,-0.507426381111145,-0.05896810442209244,0.08533990383148193,-0.5722230076789856,-0.06691925972700119
0.0,0.0,0.0,-0.08253628015518188,-0.0444260835647583,-0.03163544461131096,-0.15903162956237793,-0.13749098777770996,-0.04743531718850136,-0.22165554761886597,-0.19869369268417358,-0.06225046515464783,-0.2754545509815216,-0.22012758255004883,-0.07735107839107513,-0.10751152038574219,-0.36651158332824707,-0.012624476104974747,-0.136480450630188,-0.49393314123153687,-0.024955540895462036,-0.1516125202178955,-0.569632887840271,-0.04110625758767128,-0.16432303190231323,-0.6413155198097229,-0.055761512368917465,-0.056643664836883545,-0.3966543674468994,-0.01604175567626953,-0.06245243549346924,-0.5476656556129456,-0.02251197211444378,-0.06386971473693848,-0.640939474105835,-0.035518497228622437,-0.06619751453399658,-0.7173351049423218,-0.048318732529878616,-0.0077054500579833984,-0.3834191560745239,-0.025196131318807602,0.0003234744071960449,-0.5172291994094849,-0.036444831639528275,0.0023522377014160156,-0.6038351058959961,-0.053589433431625366,0.0011571645736694336,-0.6815756559371948,-0.06804168969392776,0.038219332695007324,-0.3429794907569885,-0.03824923187494278,0.06025487184524536,-0.44212186336517334,-0.04992515966296196,0.07587844133377075,-0.5083146095275879,-0.059201110154390335,0.08849823474884033,-0.5725592970848083,-0.06756091117858887
0.0,0.0,0.0,-0.08260393142700195,-0.04322683811187744,-0.030886124819517136,-0.15887033939361572,-0.1350628137588501,-0.04675361141562462,-0.2218576967716217,-0.19654017686843872,-0.06185028702020645,-0.2751767039299011,-0.21957802772521973,-0.07724056392908096,-0.10688656568527222,-0.3643115758895874,-0.012002288363873959,-0.13598328828811646,-0.49050092697143555,-0.024566279724240303,-0.15106284618377686,-0.5656755566596985,-0.0409492552280426,-0.16369444131851196,-0.6367208361625671,-0.05581757053732872,-0.056388676166534424,-0.3947244882583618,-0.015735087916254997,-0.06177568435668945,-0.5433824062347412,-0.022456366568803787,-0.06338465213775635,-0.635413646697998,-0.03535085543990135,-0.06607258319854736,-0.7111051082611084,-0.04806163161993027,-0.007797658443450928,-0.38176262378692627,-0.025196710601449013,-0.00019443035125732422,-0.5155235528945923,-0.036503396928310394,0.0020843148231506348,-0.6009736657142639,-0.0531308576464653,0.0011851787567138672,-0.6778292655944824,-0.0672050192952156,0.03778398036956787,-0.3412039279937744,-0.03853487968444824,0.05962175130844116,-0.44018909335136414,-0.05056305602192879,0.07504492998123169,-0.5068346261978149,-0.05989203602075577,0.08740216493606567,-0.5723644495010376,-0.0681905671954155
0.0,0.0,0.0,-0.08382916450500488,-0.042075514793395996,-0.030809348449110985,-0.16006827354431152,-0.13142436742782593,-0.0467790812253952,-0.22234845161437988,-0.19240295886993408,-0.0619867667555809,-0.2755141258239746,-0.21647167205810547,-0.07750167697668076,-0.10808825492858887,-0.3611648678779602,-0.011804125271737576,-0.13664734363555908,-0.48678749799728394,-0.02448420412838459,-0.15121454000473022,-0.5615804195404053,-0.0409100204706192,-0.1635928750038147,-0.6318141222000122,-0.055609334260225296,-0.057025790214538574,-0.39228004217147827,-0.015139251947402954,-0.06199401617050171,-0.5382722020149231,-0.021765029057860374,-0.06429928541183472,-0.6281582713127136,-0.034514911472797394,-0.06773543357849121,-0.7024224400520325,-0.047059547156095505,-0.008056104183197021,-0.38021939992904663,-0.024185389280319214,-0.00023680925369262695,-0.5116586685180664,-0.034943483769893646,0.0016658902168273926,-0.595140814781189,-0.05081421509385109,0.00041115283966064453,-0.6708002090454102,-0.06433548778295517,0.037247657775878906,-0.3402636647224426,-0.03714067488908768,0.05893439054489136,-0.4387429654598236,-0.0482131689786911,0.07374763488769531,-0.5038710832595825,-0.056589748710393906,0.08558475971221924,-0.5680163502693176,-0.06417987495660782
0.0,0.0,0.0,-0.08399951457977295,-0.04371678829193115,-0.030159851536154747,-0.15996581315994263,-0.13309776782989502,-0.045794229954481125,-0.22269219160079956,-0.19376254081726074,-0.06094091013073921,-0.27593159675598145,-0.21809345483779907,-0.07616249471902847,-0.1080179214477539,-0.36337560415267944,-0.009127351455390453,-0.13643407821655273,-0.48917534947395325,-0.021217048168182373,-0.15076136589050293,-0.5635461211204529,-0.037579845637083054,-0.16292822360992432,-0.6330257058143616,-0.05227886140346527,-0.05750000476837158,-0.39421093463897705,-0.012790188193321228,-0.06275695562362671,-0.5399859547615051,-0.01853378862142563,-0.06537848711013794,-0.6300005912780762,-0.03090697154402733,-0.06978905200958252,-0.702742874622345,-0.043175291270017624,-0.008511960506439209,-0.3820626139640808,-0.022335348650813103,-0.0012785792350769043,-0.5154557824134827,-0.03220938518643379,0.00035369396209716797,-0.5993062257766724,-0.04754263162612915,-0.0014662742614746094,-0.6739150285720825,-0.06069672852754593,0.03718304634094238,-0.3418470025062561,-0.035879217088222504,0.059164226055145264,-0.4410591423511505,-0.04655126854777336,0.07409000396728516,-0.5071406364440918,-0.054864346981048584,0.08597493171691895,-0.5715346932411194,-0.062312524765729904
0.0,0.0,0.0,-0.08443009853363037,-0.044470906257629395,-0.030214129015803337,-0.16006100177764893,-0.13456952571868896,-0.04566613957285881,-0.22241473197937012,-0.19447696208953857,-0.06060382351279259,-0.27574193477630615,-0.2175523042678833,-0.07572048902511597,-0.10787785053253174,-0.36346131563186646,-0.008973052725195885,-0.13658303022384644,-0.48933011293411255,-0.02086038887500763,-0.1509559154510498,-0.5637174248695374,-0.03703095018863678,-0.16294020414352417,-0.6335052251815796,-0.051670536398887634,-0.05723154544830322,-0.39440280199050903,-0.012733952142298222,-0.06304013729095459,-0.5405017137527466,-0.01833786629140377,-0.06585335731506348,-0.6305356621742249,-0.030642647296190262,-0.07008814811706543,-0.7036837339401245,-0.042896900326013565,-0.008222877979278564,-0.3820961117744446,-0.022397451102733612,-0.0008075833320617676,-0.5167758464813232,-0.03241138532757759,0.0007578134536743164,-0.6010257601737976,-0.0477517768740654,-0.0009108781814575195,-0.6762399077415466,-0.06092283874750137,0.037441372871398926,-0.34170210361480713,-0.03605308011174202,0.05919235944747925,-0.4407503604888916,-0.04699596390128136,0.07394176721572876,-0.5068686008453369,-0.05536436662077904,0.08581525087356567,-0.5714808106422424,-0.06283364444971085
0.0,0.0,0.0,-0.08354228734970093,-0.043227970600128174,-0.030401092022657394,-0.15942305326461792,-0.13345271348953247,-0.0457133874297142,-0.22145560383796692,-0.1941860318183899,-0.060414720326662064,-0.2748371958732605,-0.21723836660385132,-0.07541068643331528,-0.10781246423721313,-0.36284369230270386,-0.009639590978622437,-0.13686460256576538,-0.4890962839126587,-0.02160567231476307,-0.15145331621170044,-0.5645523071289062,-0.03775433078408241,-0.16341787576675415,-0.6354167461395264,-0.05240905284881592,-0.057120442390441895,-0.3936377763748169,-0.013273892924189568,-0.06300181150436401,-0.5402020812034607,-0.019365960732102394,-0.06533420085906982,-0.6310527324676514,-0.03217654302716255,-0.0687786340713501,-0.705268144607544,-0.04481655731797218,-0.008425652980804443,-0.3814413547515869,-0.02273912914097309,-0.0006804466247558594,-0.5144367218017578,-0.03331325203180313,0.0013590455055236816,-0.5997642278671265,-0.049523357301950455,7.337331771850586e-05,-0.6762396693229675,-0.06329494714736938,0.037131428718566895,-0.3417409658432007,-0.03611311689019203,0.05895388126373291,-0.44077280163764954,-0.04738091677427292,0.07396352291107178,-0.5069686770439148,-0.056247737258672714,0.08598113059997559,-0.5720268487930298,-0.06417464464902878
0.0,0.0,0.0,-0.08257275819778442,-0.04223757982254028,-0.031088531017303467,-0.15848863124847412,-0.1326804757118225,-0.047067224979400635,-0.2204652726650238,-0.1940854787826538,-0.06225955858826637,-0.27335309982299805,-0.21746522188186646,-0.07773826271295547,-0.10702389478683472,-0.3619843125343323,-0.012364612892270088,-0.1361876130104065,-0.487126886844635,-0.025138283148407936,-0.1507818102836609,-0.5622495412826538,-0.04155392572283745,-0.16278451681137085,-0.6333340406417847,-0.05647629499435425,-0.0568578839302063,-0.39299750328063965,-0.015925956889986992,-0.0624004602432251,-0.5408640503883362,-0.022960985079407692,-0.064541757106781,-0.6315469741821289,-0.035737406462430954,-0.06788009405136108,-0.7056978940963745,-0.048329152166843414,-0.008458197116851807,-0.38061702251434326,-0.02521408163011074,-0.00044840574264526367,-0.5154345035552979,-0.03668243810534477,0.001173853874206543,-0.599635124206543,-0.05280957743525505,-0.0005661249160766602,-0.6746894121170044,-0.06645475327968597,0.03684985637664795,-0.34010958671569824,-0.03841964900493622,0.05930972099304199,-0.43873918056488037,-0.050428129732608795,0.07467544078826904,-0.5048549771308899,-0.05957489088177681,0.08676797151565552,-0.5692383646965027,-0.06768583506345749
0.0,0.0,0.0,-0.08320307731628418,-0.043915629386901855,-0.030314385890960693,-0.15833383798599243,-0.13452959060668945,-0.045848410576581955,-0.22114628553390503,-0.1957983374595642,-0.0607101134955883,-0.2747284770011902,-0.2179057002067566,-0.07565638422966003,-0.10779106616973877,-0.36272698640823364,-0.009893245063722134,-0.13697290420532227,-0.4885854721069336,-0.022084319964051247,-0.15118885040283203,-0.5636633038520813,-0.03837288171052933,-0.16262024641036987,-0.6339914798736572,-0.05309649929404259,-0.05751103162765503,-0.3939318060874939,-0.01337908860296011,-0.06340575218200684,-0.5410085320472717,-0.018771003931760788,-0.06565743684768677,-0.631119966506958,-0.030362894758582115,-0.06932878494262695,-0.704656720161438,-0.042065780609846115,-0.008296608924865723,-0.38189589977264404,-0.02271886169910431,-0.001424252986907959,-0.5171397924423218,-0.03224972262978554,0.0005896687507629395,-0.6016428470611572,-0.046739865094423294,-0.0005847811698913574,-0.677108883857727,-0.05931290239095688,0.03768026828765869,-0.3413820266723633,-0.03610809147357941,0.059177398681640625,-0.4401683211326599,-0.04658236727118492,0.07408076524734497,-0.5059627890586853,-0.05437466874718666,0.08614933490753174,-0.5701428651809692,-0.06139274314045906
0.0,0.0,0.0,-0.08271914720535278,-0.04352986812591553,-0.030383717268705368,-0.1583995819091797,-0.1334635615348816,-0.046354617923498154,-0.22137081623077393,-0.19576340913772583,-0.06171052157878876,-0.27476274967193604,-0.2202998399734497,-0.07717663794755936,-0.10700660943984985,-0.3626673221588135,-0.010465651750564575,-0.13560450077056885,-0.4886588752269745,-0.023198777809739113,-0.15005677938461304,-0.5636277794837952,-0.039812687784433365,-0.162034809589386,-0.6335039138793945,-0.05466202646493912,-0.056621551513671875,-0.393363893032074,-0.013994504697620869,-0.06203824281692505,-0.5395244359970093,-0.020220791921019554,-0.06435787677764893,-0.6292911767959595,-0.0324573777616024,-0.06821399927139282,-0.7027199268341064,-0.044622909277677536,-0.007530093193054199,-0.3813403844833374,-0.02335873432457447,-0.0005270242691040039,-0.5155990719795227,-0.03353344649076462,0.0012240409851074219,-0.599267840385437,-0.04847998172044754,-0.00037747621536254883,-0.6741340756416321,-0.06134473904967308,0.038346827030181885,-0.341255784034729,-0.036724161356687546,0.059936344623565674,-0.4407539963722229,-0.04742235317826271,0.07481968402862549,-0.506467878818512,-0.05542932078242302,0.08670240640640259,-0.5704132914543152,-0.06266138702630997
0.0,0.0,0.0,-0.08301413059234619,-0.043305158615112305,-0.03056911937892437,-0.15881162881851196,-0.1318037509918213,-0.047015231102705,-0.22229260206222534,-0.1935306191444397,-0.062766894698143,-0.27577248215675354,-0.21858501434326172,-0.0785907655954361,-0.10729151964187622,-0.36195528507232666,-0.011151070706546307,-0.13578903675079346,-0.48798999190330505,-0.024053964763879776,-0.15009719133377075,-0.5631431937217712,-0.040819235146045685,-0.16194170713424683,-0.6334235668182373,-0.055909641087055206,-0.05689173936843872,-0.39276665449142456,-0.014710619114339352,-0.062877357006073,-0.5389232635498047,-0.02101057581603527,-0.06547826528549194,-0.6279895305633545,-0.03333519771695137,-0.06924474239349365,-0.701660692691803,-0.04570332542061806,-0.007634580135345459,-0.38062340021133423,-0.024074899032711983,-0.0009818077087402344,-0.5153355598449707,-0.03438400849699974,0.0010648369789123535,-0.599980890750885,-0.04949386045336723,9.882450103759766e-05,-0.6761548519134521,-0.06265756487846375,0.03846317529678345,-0.3399248719215393,-0.03742988780140877,0.06015503406524658,-0.4388556480407715,-0.04848019406199455,0.07512068748474121,-0.5049943327903748,-0.05671747028827667,0.0871814489364624,-0.5702433586120605,-0.06419584900140762
0.0,0.0,0.0,-0.08422142267227173,-0.04348355531692505,-0.029774107038974762,-0.15939807891845703,-0.12994402647018433,-0.0459803082048893,-0.22181642055511475,-0.19070911407470703,-0.06171691045165062,-0.275509774684906,-0.21541404724121094,-0.07748712599277496,-0.10732495784759521,-0.3618916869163513,-0.009159859269857407,-0.13570570945739746,-0.4873407781124115,-0.021453170105814934,-0.14994370937347412,-0.5616459846496582,-0.03816717118024826,-0.1619044542312622,-0.6308932304382324,-0.05323454737663269,-0.056912899017333984,-0.39227163791656494,-0.013199551030993462,-0.06258511543273926,-0.5386025905609131,-0.019038358703255653,-0.06468456983566284,-0.6279493570327759,-0.031594328582286835,-0.06786483526229858,-0.7017855644226074,-0.04408247023820877,-0.007754325866699219,-0.3797963857650757,-0.023045755922794342,-0.0015393495559692383,-0.5150289535522461,-0.03324650228023529,0.0007556676864624023,-0.5998732447624207,-0.048655468970537186,0.0002561807632446289,-0.6761519908905029,-0.061942845582962036,0.03834521770477295,-0.3389056324958801,-0.0368017815053463,0.06004458665847778,-0.4377990663051605,-0.047732073813676834,0.0753093957901001,-0.5036768317222595,-0.05585284158587456,0.08773255348205566,-0.568850040435791,-0.06320469081401825
0.0,0.0,0.0,-0.0830572247505188,-0.043968915939331055,-0.029647745192050934,-0.15778839588165283,-0.13159894943237305,-0.04545047506690025,-0.22056740522384644,-0.19177532196044922,-0.060731567442417145,-0.2740594744682312,-0.21561294794082642,-0.07615882158279419,-0.10625708103179932,-0.36194270849227905,-0.009327208623290062,-0.13479042053222656,-0.486791729927063,-0.021618658676743507,-0.1492357850074768,-0.561040461063385,-0.038213714957237244,-0.16116589307785034,-0.6306841373443604,-0.05324704200029373,-0.055859148502349854,-0.3925809860229492,-0.013363081030547619,-0.06134819984436035,-0.5384016633033752,-0.01913626305758953,-0.06355798244476318,-0.6279815435409546,-0.031501468271017075,-0.0668032169342041,-0.7021557092666626,-0.04388883337378502,-0.0068686604499816895,-0.38018345832824707,-0.023180203512310982,-0.0003268122673034668,-0.5146645307540894,-0.03343290090560913,0.0018852949142456055,-0.5995564460754395,-0.04880078509449959,0.001335740089416504,-0.6759017705917358,-0.06204875558614731,0.03907191753387451,-0.33941298723220825,-0.03688424080610275,0.0606304407119751,-0.437987744808197,-0.04804191738367081,0.0759434700012207,-0.5037487745285034,-0.05625937506556511,0.08833026885986328,-0.5686095952987671,-0.0636361688375473
0.0,0.0,0.0,-0.08328765630722046,-0.04277610778808594,-0.02918221801519394,-0.15843653678894043,-0.13133811950683594,-0.044710807502269745,-0.22116348147392273,-0.19227606058120728,-0.05968761071562767,-0.2747359871864319,-0.2170352339744568,-0.07482592016458511,-0.10663211345672607,-0.3620082139968872,-0.009520025923848152,-0.13557136058807373,-0.4871775209903717,-0.02157445251941681,-0.1499050259590149,-0.5621584057807922,-0.03798247501254082,-0.1616308093070984,-0.6317803859710693,-0.05289623513817787,-0.05626958608627319,-0.39299362897872925,-0.01378938090056181,-0.061731696128845215,-0.5397650599479675,-0.019444257020950317,-0.06383031606674194,-0.6298814415931702,-0.03185798227787018,-0.0670052170753479,-0.7042163610458374,-0.04422115534543991,-0.007251083850860596,-0.38056790828704834,-0.023696810007095337,-0.0005990266799926758,-0.5159225463867188,-0.033849380910396576,0.0018165111541748047,-0.6014388799667358,-0.049382079392671585,0.0013349056243896484,-0.677922785282135,-0.06277722120285034,0.03855431079864502,-0.33946162462234497,-0.037397440522909164,0.060010552406311035,-0.4382933974266052,-0.048721373081207275,0.07526946067810059,-0.5044578313827515,-0.05705103650689125,0.08734714984893799,-0.569590151309967,-0.06445254385471344
0.0,0.0,0.0,-0.08347612619400024,-0.04230093955993652,-0.02912811189889908,-0.1584828495979309,-0.1302931308746338,-0.044676557183265686,-0.2202875018119812,-0.19124913215637207,-0.05966350808739662,-0.27355748414993286,-0.21548569202423096,-0.07467645406723022,-0.1063084602355957,-0.3623868227005005,-0.00895667728036642,-0.13514351844787598,-0.48734182119369507,-0.02063329517841339,-0.14997553825378418,-0.5611885786056519,-0.03682932257652283,-0.16247975826263428,-0.6297049522399902,-0.051574233919382095,-0.05619478225708008,-0.392400860786438,-0.013333078473806381,-0.06218594312667847,-0.5409849882125854,-0.018904728814959526,-0.0641753077507019,-0.632046103477478,-0.0315968357026577,-0.06686639785766602,-0.7068920731544495,-0.04415272921323776,-0.00716477632522583,-0.3789973258972168,-0.023341959342360497,-0.0005151629447937012,-0.5139273405075073,-0.03393663093447685,0.001499474048614502,-0.5986394286155701,-0.05020127072930336,0.0006458163261413574,-0.6738524436950684,-0.06391604989767075,0.03900212049484253,-0.3369894027709961,-0.03705700859427452,0.060326218605041504,-0.43673941493034363,-0.0485566072165966,0.07541471719741821,-0.5028036832809448,-0.0571097694337368,0.0873827338218689,-0.5673636794090271,-0.06469354033470154
0.0,0.0,0.0,-0.08333021402359009,-0.04349786043167114,-0.02922813594341278,-0.15899455547332764,-0.1324019432067871,-0.044972386211156845,-0.2222527265548706,-0.1925249695777893,-0.060195572674274445,-0.27613627910614014,-0.21765583753585815,-0.07566893845796585,-0.1066281795501709,-0.36149197816848755,-0.0099502457305789,-0.13545066118240356,-0.48653584718704224,-0.022158874198794365,-0.14977383613586426,-0.5612837076187134,-0.03858822211623192,-0.1614093780517578,-0.6306448578834534,-0.05346236005425453,-0.05639702081680298,-0.39197564125061035,-0.014140814542770386,-0.061734914779663086,-0.5392895936965942,-0.0199805349111557,-0.06338363885879517,-0.6287968158721924,-0.03254341334104538,-0.06598979234695435,-0.7020516991615295,-0.04504775255918503,-0.0072917938232421875,-0.3795108199119568,-0.023928722366690636,-0.0008653998374938965,-0.5131670832633972,-0.033950310200452805,0.0011432766914367676,-0.597435474395752,-0.049438197165727615,0.00023597478866577148,-0.6729377508163452,-0.06289505213499069,0.03874295949935913,-0.33873820304870605,-0.03751763328909874,0.05987238883972168,-0.43815991282463074,-0.04832814261317253,0.07509100437164307,-0.503611147403717,-0.05633746460080147,0.08722317218780518,-0.5676748752593994,-0.0636562630534172
0.0,0.0,0.0,-0.08399653434753418,-0.04254186153411865,-0.02890809439122677,-0.15877830982208252,-0.13045042753219604,-0.04408898204565048,-0.22049134969711304,-0.19187259674072266,-0.05872200056910515,-0.27378731966018677,-0.21570980548858643,-0.07330340892076492,-0.1070203185081482,-0.36320918798446655,-0.0075647565536201,-0.1357252597808838,-0.4883461594581604,-0.018318796530365944,-0.15028154850006104,-0.5616681575775146,-0.034061141312122345,-0.16238898038864136,-0.6299195289611816,-0.04854235425591469,-0.0569077730178833,-0.3930622339248657,-0.011799300089478493,-0.06267154216766357,-0.5411632061004639,-0.016186261549592018,-0.06445032358169556,-0.6318961977958679,-0.028122013434767723,-0.06724739074707031,-0.706266462802887,-0.04020559787750244,-0.007971048355102539,-0.37955808639526367,-0.021754533052444458,-0.00149458646774292,-0.5141192674636841,-0.031187746673822403,0.0010558366775512695,-0.598812997341156,-0.046843767166137695,0.000642240047454834,-0.6747452020645142,-0.06030239909887314,0.03814101219177246,-0.3378869295120239,-0.03547849878668785,0.05938112735748291,-0.43742799758911133,-0.04611050710082054,0.07457244396209717,-0.5028805136680603,-0.05420902743935585,0.08676230907440186,-0.5674170255661011,-0.06154453754425049
0.0,0.0,0.0,-0.08321422338485718,-0.04247492551803589,-0.02898586541414261,-0.15815478563308716,-0.131039559841156,-0.04414510354399681,-0.2203216254711151,-0.19171923398971558,-0.05871577933430672,-0.27374064922332764,-0.21471530199050903,-0.073332279920578,-0.10581845045089722,-0.3624410033226013,-0.008126340806484222,-0.1351526975631714,-0.48711085319519043,-0.019096318632364273,-0.15004199743270874,-0.5611329078674316,-0.03481411933898926,-0.16230255365371704,-0.6293579339981079,-0.04919353872537613,-0.05573117733001709,-0.3923632502555847,-0.012337378226220608,-0.06155860424041748,-0.5407853126525879,-0.01701314188539982,-0.06341636180877686,-0.6314972043037415,-0.029155828058719635,-0.06601452827453613,-0.7051272392272949,-0.0413028709590435,-0.006856858730316162,-0.37893813848495483,-0.022201957181096077,0.00013315677642822266,-0.51317298412323,-0.03182738646864891,0.0023650527000427246,-0.5987436771392822,-0.047767166048288345,0.0017622709274291992,-0.6744624376296997,-0.061376288533210754,0.03885132074356079,-0.33714646100997925,-0.035800110548734665,0.06023329496383667,-0.43668198585510254,-0.046548161655664444,0.0753205418586731,-0.502826452255249,-0.05481953173875809,0.08745652437210083,-0.5674940943717957,-0.062242403626441956
0.0,0.0,0.0,-0.08435177803039551,-0.042726755142211914,-0.029409462586045265,-0.16017860174179077,-0.13118374347686768,-0.04508121684193611,-0.2230038046836853,-0.1927940845489502,-0.06024807319045067,-0.27674442529678345,-0.21705669164657593,-0.07551839202642441,-0.10781848430633545,-0.3631780743598938,-0.008720437064766884,-0.13629084825515747,-0.4884461462497711,-0.02033981680870056,-0.15042924880981445,-0.5622389912605286,-0.03664584830403328,-0.1622079610824585,-0.6312265396118164,-0.05162113532423973,-0.057553887367248535,-0.3940795063972473,-0.012820151634514332,-0.06372946500778198,-0.5396648049354553,-0.018198350444436073,-0.06598275899887085,-0.6280243396759033,-0.03069479577243328,-0.06920820474624634,-0.7011915445327759,-0.04326239973306656,-0.008402884006500244,-0.38173556327819824,-0.022635243833065033,-0.0022313594818115234,-0.5162847638130188,-0.032607804983854294,6.949901580810547e-05,-0.6004350185394287,-0.04823426529765129,-0.0004699826240539551,-0.6764103174209595,-0.06181156635284424,0.03756511211395264,-0.3405119776725769,-0.03630377724766731,0.058829545974731445,-0.4392630159854889,-0.047464411705732346,0.07403969764709473,-0.50468510389328,-0.055927716195583344,0.08644992113113403,-0.5695135593414307,-0.06356372684240341
0.0,0.0,0.0,-0.08370500802993774,-0.04267525672912598,-0.030171828344464302,-0.16008973121643066,-0.13273054361343384,-0.045458972454071045,-0.2233562469482422,-0.1944582462310791,-0.060090672224760056,-0.2770945429801941,-0.2184942364692688,-0.07480983436107635,-0.10844165086746216,-0.36253100633621216,-0.009222297929227352,-0.1376183032989502,-0.4880155622959137,-0.020480507984757423,-0.1516774296760559,-0.562732994556427,-0.03610728681087494,-0.16264092922210693,-0.6330759525299072,-0.05049591884016991,-0.05822402238845825,-0.393878698348999,-0.012795117683708668,-0.06415581703186035,-0.54133141040802,-0.01784539967775345,-0.06570130586624146,-0.6316931247711182,-0.0294794961810112,-0.0682448148727417,-0.7049154043197632,-0.041286975145339966,-0.009469568729400635,-0.3816871643066406,-0.022208133712410927,-0.002043783664703369,-0.5158647298812866,-0.03200491517782211,0.00017964839935302734,-0.5999502539634705,-0.04721452295780182,-0.0008833408355712891,-0.675055980682373,-0.06030232086777687,0.036148011684417725,-0.3414062261581421,-0.03556983545422554,0.05810946226119995,-0.44023099541664124,-0.04659653827548027,0.07337391376495361,-0.5056176781654358,-0.05507159233093262,0.08560574054718018,-0.5699396133422852,-0.06260751187801361
0.0,0.0,0.0,-0.08430242538452148,-0.044297754764556885,-0.029978692531585693,-0.15949702262878418,-0.13369250297546387,-0.04537377879023552,-0.22194933891296387,-0.1953907012939453,-0.060214292258024216,-0.2755536735057831,-0.2178645133972168,-0.07505816221237183,-0.10741907358169556,-0.3637372851371765,-0.008129826746881008,-0.1355370283126831,-0.4901314675807953,-0.01936960034072399,-0.14977753162384033,-0.56416916847229,-0.03531666472554207,-0.16159683465957642,-0.6336653232574463,-0.04982393607497215,-0.0570530891418457,-0.39443284273147583,-0.011741409078240395,-0.06186997890472412,-0.5418333411216736,-0.01627061516046524,-0.06365591287612915,-0.6322444081306458,-0.02783386968076229,-0.06697767972946167,-0.7055455446243286,-0.0395369678735733,-0.008198261260986328,-0.3817635178565979,-0.021240226924419403,-0.0011903643608093262,-0.5163150429725647,-0.030175592750310898,0.0010215044021606445,-0.6001294851303101,-0.044757768511772156,-2.5331974029541016e-05,-0.674956202507019,-0.057444848120212555,0.03742951154708862,-0.34121036529541016,-0.03478214517235756,0.05912858247756958,-0.4404084086418152,-0.04503979906439781,0.07442408800125122,-0.5058615803718567,-0.05281638726592064,0.08698540925979614,-0.56993567943573,-0.05979667976498604
0.0,0.0,0.0,-0.0841781497001648,-0.043494224548339844,-0.029576029628515244,-0.16005825996398926,-0.13284146785736084,-0.0446634441614151,-0.22260186076164246,-0.19397079944610596,-0.05925489962100983,-0.2762344777584076,-0.21705305576324463,-0.07399342954158783,-0.10690104961395264,-0.3633471727371216,-0.008058152161538601,-0.13498836755752563,-0.4898921251296997,-0.01933724246919155,-0.14896124601364136,-0.5647039413452148,-0.03529335930943489,-0.16040629148483276,-0.6343790292739868,-0.0498029924929142,-0.05669832229614258,-0.39350420236587524,-0.011777379550039768,-0.061658263206481934,-0.5401760339736938,-0.016358375549316406,-0.06380677223205566,-0.630282998085022,-0.02810671366751194,-0.06723558902740479,-0.7035841345787048,-0.040010374039411545,-0.007800877094268799,-0.3808794617652893,-0.021334482356905937,-0.0004677772521972656,-0.5147209167480469,-0.03030594065785408,0.001731276512145996,-0.5995680689811707,-0.0452144593000412,0.0008218288421630859,-0.6753630638122559,-0.058224208652973175,0.03785163164138794,-0.34069281816482544,-0.034873321652412415,0.05952411890029907,-0.4399726986885071,-0.04520443454384804,0.07472753524780273,-0.5053492784500122,-0.05315851792693138,0.08717864751815796,-0.5693139433860779,-0.060336608439683914
0.0,0.0,0.0,-0.08301454782485962,-0.043263137340545654,-0.029443494975566864,-0.15891849994659424,-0.13312369585037231,-0.0448516421020031,-0.2219022512435913,-0.19417256116867065,-0.05965682864189148,-0.27551597356796265,-0.21849095821380615,-0.07465337961912155,-0.106059730052948,-0.3638630509376526,-0.009406526573002338,-0.13414359092712402,-0.48950278759002686,-0.02099919505417347,-0.1483907699584961,-0.5642069578170776,-0.037086326628923416,-0.16008007526397705,-0.6341599225997925,-0.05174203962087631,-0.05582845211029053,-0.39377015829086304,-0.013364993967115879,-0.060545265674591064,-0.5408614277839661,-0.018534431234002113,-0.061782896518707275,-0.6308208703994751,-0.03063313663005829,-0.0640418529510498,-0.7045453786849976,-0.04281625151634216,-0.006952345371246338,-0.3804807662963867,-0.02299431525170803,0.00022214651107788086,-0.5126703977584839,-0.032647695392370224,0.0026046037673950195,-0.5965123772621155,-0.047957152128219604,0.0019254684448242188,-0.6722388863563538,-0.06122789531946182,0.03891003131866455,-0.33953022956848145,-0.036482200026512146,0.0603787899017334,-0.4393368363380432,-0.04720316454768181,0.07574975490570068,-0.5047672390937805,-0.055219218134880066,0.08810198307037354,-0.569406270980835,-0.062495261430740356
0.0,0.0,0.0,-0.08402740955352783,-0.04157531261444092,-0.029427744448184967,-0.15986984968185425,-0.12917762994766235,-0.045252274721860886,-0.22267773747444153,-0.1886918544769287,-0.06049051880836487,-0.2764013409614563,-0.21229618787765503,-0.07597965747117996,-0.10694438219070435,-0.3600184917449951,-0.010357299819588661,-0.13583439588546753,-0.4853030741214752,-0.022270992398262024,-0.15008050203323364,-0.559457004070282,-0.038517653942108154,-0.1617226004600525,-0.6282570362091064,-0.05332876369357109,-0.05655074119567871,-0.39105772972106934,-0.014322449453175068,-0.06162416934967041,-0.538165271282196,-0.019841454923152924,-0.06342518329620361,-0.62784743309021,-0.03218869864940643,-0.06610125303268433,-0.7014220356941223,-0.044609926640987396,-0.007579684257507324,-0.3785383105278015,-0.02386104129254818,-0.0006619095802307129,-0.5134307146072388,-0.03373303264379501,0.001792311668395996,-0.5974345207214355,-0.04913293570280075,0.001571953296661377,-0.6725376844406128,-0.06253954023122787,0.03798329830169678,-0.33723676204681396,-0.03720417618751526,0.059230268001556396,-0.43629592657089233,-0.048185840249061584,0.07439219951629639,-0.501549482345581,-0.05629950761795044,0.08660620450973511,-0.5656665563583374,-0.0636342391371727
0.0,0.0,0.0,-0.08395451307296753,-0.04222071170806885,-0.029340295121073723,-0.1591813564300537,-0.1311970353126526,-0.04441637173295021,-0.22115027904510498,-0.19097650051116943,-0.05883455649018288,-0.2744482457637787,-0.21242141723632812,-0.07351230084896088,-0.10727578401565552,-0.3612751364707947,-0.009326323866844177,-0.13583749532699585,-0.4862522780895233,-0.02056492492556572,-0.1507207155227661,-0.5605393648147583,-0.03630504757165909,-0.1630130410194397,-0.6298284530639648,-0.05059339106082916,-0.057052552700042725,-0.3917061686515808,-0.01326579600572586,-0.06283438205718994,-0.5390081405639648,-0.018231648951768875,-0.06448054313659668,-0.6293299198150635,-0.030369268730282784,-0.06666016578674316,-0.7031248807907104,-0.04249129071831703,-0.008363008499145508,-0.3791069984436035,-0.022852208465337753,-0.00031822919845581055,-0.5108196139335632,-0.032975733280181885,0.0016894340515136719,-0.5951354503631592,-0.049311067909002304,0.0007179379463195801,-0.6709120273590088,-0.06311504542827606,0.03709608316421509,-0.3389819860458374,-0.03616338595747948,0.0592421293258667,-0.43882811069488525,-0.047474008053541183,0.0748637318611145,-0.5047893524169922,-0.05623801425099373,0.08741587400436401,-0.5695844888687134,-0.06399762630462646
0.0,0.0,0.0,-0.08327347040176392,-0.04210621118545532,-0.03026866354048252,-0.1585015058517456,-0.12971818447113037,-0.04631282389163971,-0.22143220901489258,-0.1878843903541565,-0.06156556308269501,-0.2749720513820648,-0.2090468406677246,-0.07697416841983795,-0.10693663358688354,-0.3594817519187927,-0.010762272402644157,-0.13556551933288574,-0.48322439193725586,-0.02307136356830597,-0.15076911449432373,-0.5571202635765076,-0.039668209850788116,-0.16352009773254395,-0.626327395439148,-0.054656729102134705,-0.05671471357345581,-0.390367329120636,-0.014548135921359062,-0.06279003620147705,-0.5368411540985107,-0.020237687975168228,-0.06465411186218262,-0.6267735958099365,-0.03273874893784523,-0.0669364333152771,-0.701195240020752,-0.045205119997262955,-0.007752895355224609,-0.37795358896255493,-0.024045975878834724,-0.00020617246627807617,-0.5103363990783691,-0.03458287939429283,0.0018727779388427734,-0.5942151546478271,-0.050656404346227646,0.0010647177696228027,-0.6699594259262085,-0.06431573629379272,0.03807181119918823,-0.33691173791885376,-0.03738085553050041,0.059250593185424805,-0.4353855848312378,-0.04878786951303482,0.07389509677886963,-0.5008105635643005,-0.05719418078660965,0.08529031276702881,-0.5654001235961914,-0.06472755968570709
0.0,0.0,0.0,-0.08297401666641235,-0.043010711669921875,-0.03031991794705391,-0.15830421447753906,-0.13146734237670898,-0.04620492458343506,-0.22097840905189514,-0.1904740333557129,-0.0612817108631134,-0.2744014859199524,-0.2109285593032837,-0.07654809951782227,-0.10719132423400879,-0.36079007387161255,-0.010737420059740543,-0.1356763243675232,-0.4853956699371338,-0.02271413616836071,-0.15057557821273804,-0.5597857236862183,-0.03903041034936905,-0.16307002305984497,-0.6290516257286072,-0.05379113927483559,-0.056926846504211426,-0.39100849628448486,-0.014195995405316353,-0.06228083372116089,-0.5362635254859924,-0.019651100039482117,-0.06428968906402588,-0.6251481771469116,-0.03195773437619209,-0.06710362434387207,-0.6984573602676392,-0.04437105730175972,-0.008083164691925049,-0.3787398338317871,-0.023346269503235817,-0.0007500648498535156,-0.5102077722549438,-0.03326867148280144,0.0010230541229248047,-0.594204843044281,-0.049119703471660614,-0.00013959407806396484,-0.6698367595672607,-0.0628090500831604,0.03746926784515381,-0.33878839015960693,-0.03638051450252533,0.05891650915145874,-0.43726909160614014,-0.04707184061408043,0.07412451505661011,-0.5026509761810303,-0.05543632060289383,0.08626914024353027,-0.5666710734367371,-0.06310915946960449
0.0,0.0,0.0,-0.08380913734436035,-0.04219353199005127,-0.0288395993411541,-0.15900498628616333,-0.12867486476898193,-0.04444186016917229,-0.22173994779586792,-0.18736648559570312,-0.05959826335310936,-0.2753521203994751,-0.2091747522354126,-0.07497895509004593,-0.10675466060638428,-0.36040449142456055,-0.009133064188063145,-0.13506871461868286,-0.484413206577301,-0.021015699952840805,-0.15001094341278076,-0.5574051737785339,-0.037315890192985535,-0.16285324096679688,-0.6251465678215027,-0.052055492997169495,-0.056734561920166016,-0.39079999923706055,-0.013409179635345936,-0.06224483251571655,-0.5365116000175476,-0.018878629431128502,-0.0645667314529419,-0.6244632005691528,-0.0312545970082283,-0.06773096323013306,-0.6969166994094849,-0.04364822804927826,-0.007867991924285889,-0.378387987613678,-0.023305339738726616,-0.0013355612754821777,-0.5111691355705261,-0.03347543999552727,0.00047397613525390625,-0.5946013927459717,-0.04908405616879463,-0.0005564689636230469,-0.6694660186767578,-0.06247039884328842,0.03783780336380005,-0.3378252387046814,-0.03694276511669159,0.05915117263793945,-0.4368748068809509,-0.04786870256066322,0.07418978214263916,-0.502336323261261,-0.05598434805870056,0.08590346574783325,-0.5666725635528564,-0.06334371864795685
0.0,0.0,0.0,-0.08290958404541016,-0.043601810932159424,-0.030507389456033707,-0.1580648422241211,-0.13081306219100952,-0.046878766268491745,-0.22154545783996582,-0.18945902585983276,-0.0624791756272316,-0.2752612829208374,-0.21299457550048828,-0.07826012372970581,-0.10703366994857788,-0.3594125509262085,-0.011708475649356842,-0.13568329811096191,-0.4842711389064789,-0.024608569219708443,-0.15077078342437744,-0.5585760474205017,-0.04124133661389351,-0.1633346676826477,-0.627769947052002,-0.05599021539092064,-0.05666649341583252,-0.3902345895767212,-0.01512839738279581,-0.06254637241363525,-0.5362507104873657,-0.021368226036429405,-0.06454992294311523,-0.6251565217971802,-0.03369676321744919,-0.06731551885604858,-0.6984773874282837,-0.04592900350689888,-0.007620275020599365,-0.3785943388938904,-0.02428954653441906,-0.00106048583984375,-0.5100075006484985,-0.03496953472495079,0.0006268024444580078,-0.5937304496765137,-0.05061833932995796,-0.0005338788032531738,-0.6692066192626953,-0.06386671215295792,0.038399338722229004,-0.33952194452285767,-0.03731894865632057,0.06013697385787964,-0.43810248374938965,-0.04841050133109093,0.07540631294250488,-0.5034275054931641,-0.05660144239664078,0.0873488187789917,-0.5676403045654297,-0.06393749266862869
0.0,0.0,0.0,-0.08453768491744995,-0.042450547218322754,-0.030272241681814194,-0.15954911708831787,-0.12883591651916504,-0.046415064483881,-0.22347718477249146,-0.1867586374282837,-0.06166783720254898,-0.27765125036239624,-0.20903074741363525,-0.07707082480192184,-0.10741978883743286,-0.35990995168685913,-0.010567783378064632,-0.13726431131362915,-0.48458540439605713,-0.022849496454000473,-0.15322071313858032,-0.5592644810676575,-0.03947318345308304,-0.16643184423446655,-0.6282296180725098,-0.05443602427840233,-0.0575830340385437,-0.391635537147522,-0.01424381323158741,-0.06454998254776001,-0.539344847202301,-0.01983165554702282,-0.06695044040679932,-0.6292679309844971,-0.032545506954193115,-0.06932693719863892,-0.7027851343154907,-0.04517130181193352,-0.008862793445587158,-0.37967008352279663,-0.02360403724014759,-0.0014880895614624023,-0.5118956565856934,-0.03395639732480049,0.00028228759765625,-0.5971594452857971,-0.050383199006319046,-0.000720679759979248,-0.6733596920967102,-0.06440401822328568,0.03694278001785278,-0.33894824981689453,-0.036767616868019104,0.0580480694770813,-0.4379592537879944,-0.048031628131866455,0.0725095272064209,-0.5037909150123596,-0.056529149413108826,0.08361572027206421,-0.5684497356414795,-0.0641636997461319
0.0,0.0,0.0,-0.08452904224395752,-0.04031026363372803,-0.029030118137598038,-0.15928655862808228,-0.12466120719909668,-0.04495943337678909,-0.22239580750465393,-0.1835232973098755,-0.06040838733315468,-0.2759593725204468,-0.20899873971939087,-0.07565020769834518,-0.10793280601501465,-0.35617709159851074,-0.008423608727753162,-0.1367831826210022,-0.4809281527996063,-0.019492970779538155,-0.15154963731765747,-0.5544613599777222,-0.035023368895053864,-0.16382759809494019,-0.6220978498458862,-0.04927542805671692,-0.05796164274215698,-0.38844019174575806,-0.012413504533469677,-0.06538408994674683,-0.533738374710083,-0.01706966757774353,-0.06807589530944824,-0.6229112148284912,-0.028482181951403618,-0.07144802808761597,-0.6963012218475342,-0.040054842829704285,-0.009011685848236084,-0.37696564197540283,-0.022137172520160675,-0.0038628578186035156,-0.510120153427124,-0.0316777266561985,-0.0018255114555358887,-0.5926594138145447,-0.04628410562872887,-0.0025200843811035156,-0.6676466464996338,-0.0588984452188015,0.03711611032485962,-0.3368656635284424,-0.035675786435604095,0.058865487575531006,-0.4339008927345276,-0.046514566987752914,0.0735815167427063,-0.4988062381744385,-0.05442342534661293,0.08516919612884521,-0.5644457936286926,-0.061404999345541
0.0,0.0,0.0,-0.08637309074401855,-0.0441439151763916,-0.02997588738799095,-0.1616346836090088,-0.12893730401992798,-0.04679558426141739,-0.22454845905303955,-0.18527168035507202,-0.06294108927249908,-0.2782430648803711,-0.20819270610809326,-0.07940613478422165,-0.10896855592727661,-0.3574965000152588,-0.011424435302615166,-0.13785302639007568,-0.4830678105354309,-0.022916138172149658,-0.15204143524169922,-0.5572832226753235,-0.03895121440291405,-0.1638716459274292,-0.6266232132911682,-0.05382436886429787,-0.05847764015197754,-0.38965511322021484,-0.015290770679712296,-0.06435072422027588,-0.5362164378166199,-0.020940624177455902,-0.06632322072982788,-0.6254817247390747,-0.03414240851998329,-0.0687980055809021,-0.7007759213447571,-0.047304995357990265,-0.009912669658660889,-0.37777554988861084,-0.024607231840491295,-0.003352522850036621,-0.5127793550491333,-0.03477822616696358,-0.0014919638633728027,-0.5957655906677246,-0.051523398607969284,-0.0024343132972717285,-0.6719199419021606,-0.0660509318113327,0.035417258739471436,-0.3371211886405945,-0.03761947527527809,0.0569271445274353,-0.4357379972934723,-0.04899810999631882,0.07175499200820923,-0.5008217096328735,-0.057941410690546036,0.08356040716171265,-0.566584587097168,-0.06599824130535126
0.0,0.0,0.0,-0.08731597661972046,-0.04365438222885132,-0.02901073358952999,-0.16311287879943848,-0.1297682523727417,-0.04467063769698143,-0.22640159726142883,-0.187811017036438,-0.05975032597780228,-0.27937763929367065,-0.21088933944702148,-0.07484840601682663,-0.10960203409194946,-0.35784387588500977,-0.00805478636175394,-0.1383562684059143,-0.48370787501335144,-0.01830695942044258,-0.15286380052566528,-0.5573307275772095,-0.03380758315324783,-0.1650714874267578,-0.6250066757202148,-0.04828331992030144,-0.059415459632873535,-0.3906286954879761,-0.011956599541008472,-0.06574195623397827,-0.5371612906455994,-0.015901347622275352,-0.06810253858566284,-0.6274182200431824,-0.02829854190349579,-0.07071179151535034,-0.7024487853050232,-0.04099951684474945,-0.010592877864837646,-0.37974315881729126,-0.021454378962516785,-0.00444638729095459,-0.5140491127967834,-0.02994210086762905,-0.0023119449615478516,-0.5976476669311523,-0.0460611991584301,-0.002540111541748047,-0.6731164455413818,-0.0603562667965889,0.035331904888153076,-0.3397447466850281,-0.034727543592453,0.05697423219680786,-0.4371899366378784,-0.04471559450030327,0.07188820838928223,-0.5018256902694702,-0.05308446288108826,0.08408337831497192,-0.5667715072631836,-0.06086113676428795
0.0,0.0,0.0,-0.08530068397521973,-0.0422137975692749,-0.03012591041624546,-0.1614338755607605,-0.1285719871520996,-0.0458967499434948,-0.22497659921646118,-0.1854015588760376,-0.060833387076854706,-0.2777143716812134,-0.20857703685760498,-0.07589569687843323,-0.10920333862304688,-0.35805004835128784,-0.009597435593605042,-0.13828033208847046,-0.48280924558639526,-0.020307881757616997,-0.15265464782714844,-0.5570422410964966,-0.03603970631957054,-0.1643502116203308,-0.6263037919998169,-0.05071045458316803,-0.058640897274017334,-0.39049094915390015,-0.012842074036598206,-0.06484013795852661,-0.5356944799423218,-0.01694876328110695,-0.06689918041229248,-0.6242090463638306,-0.028882768005132675,-0.0695798397064209,-0.6973332166671753,-0.041210636496543884,-0.009631216526031494,-0.37894195318222046,-0.021761687472462654,-0.0034883618354797363,-0.5120207071304321,-0.030331945046782494,-0.0013829469680786133,-0.5955687165260315,-0.045892756432294846,-0.0017042756080627441,-0.6716881990432739,-0.05970779061317444,0.036512911319732666,-0.3386882543563843,-0.034590985625982285,0.05733144283294678,-0.43705126643180847,-0.0448746494948864,0.07200366258621216,-0.5020872354507446,-0.05317704379558563,0.08395117521286011,-0.5674113035202026,-0.06081004813313484
0.0,0.0,0.0,-0.08477306365966797,-0.042335331439971924,-0.03007056750357151,-0.15920895338058472,-0.126181960105896,-0.04728800430893898,-0.22232884168624878,-0.18372923135757446,-0.06385105103254318,-0.2757934629917145,-0.20612174272537231,-0.08051323890686035,-0.10874998569488525,-0.35438913106918335,-0.012004413641989231,-0.13765764236450195,-0.47875791788101196,-0.0244570504873991,-0.15210652351379395,-0.5521069169044495,-0.04109825938940048,-0.16408133506774902,-0.6204555034637451,-0.05624934285879135,-0.05831688642501831,-0.387325644493103,-0.01582699827849865,-0.06516265869140625,-0.5309801697731018,-0.022063370794057846,-0.06755131483078003,-0.6188549399375916,-0.035032644867897034,-0.07037144899368286,-0.6934241652488708,-0.047944940626621246,-0.009181439876556396,-0.3766496777534485,-0.025134913623332977,-0.003151237964630127,-0.5082200765609741,-0.035493746399879456,-0.0007885098457336426,-0.5894041657447815,-0.051295455545186996,-0.0012417435646057129,-0.66383296251297,-0.06498471647500992,0.036855220794677734,-0.336902916431427,-0.03823701664805412,0.058810532093048096,-0.4339645504951477,-0.04929552599787712,0.0740365982055664,-0.498105525970459,-0.057525139302015305,0.08597034215927124,-0.5626652240753174,-0.06496725231409073
0.0,0.0,0.0,-0.08543002605438232,-0.0408860445022583,-0.030835291370749474,-0.1601460576057434,-0.12238872051239014,-0.048848316073417664,-0.2233235239982605,-0.17979729175567627,-0.0659952387213707,-0.2755790650844574,-0.20564210414886475,-0.08320924639701843,-0.10813677310943604,-0.35185885429382324,-0.014460356906056404,-0.1380900740623474,-0.47769132256507874,-0.027116017416119576,-0.1531410813331604,-0.5517181754112244,-0.043650899082422256,-0.1652628779411316,-0.6215662956237793,-0.05884663015604019,-0.05803114175796509,-0.38512343168258667,-0.01818746328353882,-0.06506514549255371,-0.5316199660301208,-0.025232503190636635,-0.06753313541412354,-0.6216139793395996,-0.03856005147099495,-0.0703919529914856,-0.6980808973312378,-0.05165969580411911,-0.009996950626373291,-0.37394702434539795,-0.02729286625981331,-0.003949284553527832,-0.5072138905525208,-0.03863072767853737,-0.0011090636253356934,-0.5891308188438416,-0.05517607182264328,-0.0009613037109375,-0.6639384031295776,-0.06921324133872986,0.03504306077957153,-0.3336219787597656,-0.0401204414665699,0.05749791860580444,-0.4334200322628021,-0.05249316990375519,0.07343125343322754,-0.49920520186424255,-0.0616241917014122,0.08611530065536499,-0.5661160945892334,-0.06957046687602997
0.0,0.0,0.0,-0.08578962087631226,-0.042021989822387695,-0.029353847727179527,-0.16027820110321045,-0.12577742338180542,-0.04583800956606865,-0.2232646942138672,-0.1831831932067871,-0.06169963628053665,-0.2762964069843292,-0.2070854902267456,-0.07761445641517639,-0.10917454957962036,-0.3541526198387146,-0.010417184792459011,-0.1380670666694641,-0.4790235459804535,-0.022025801241397858,-0.1527358889579773,-0.5526309609413147,-0.03819463029503822,-0.1648656129837036,-0.6209131479263306,-0.05312854051589966,-0.058932602405548096,-0.38762587308883667,-0.014391306787729263,-0.0661095380783081,-0.5331035852432251,-0.019795037806034088,-0.06846374273300171,-0.6215401887893677,-0.03233478590846062,-0.07125943899154663,-0.6954753398895264,-0.04492977634072304,-0.010032296180725098,-0.3767155408859253,-0.023877102881669998,-0.004864335060119629,-0.5100753903388977,-0.03381220996379852,-0.0022138357162475586,-0.5928225517272949,-0.049675241112709045,-0.002037346363067627,-0.6681064367294312,-0.06347782909870148,0.03598600625991821,-0.3362647294998169,-0.03709522634744644,0.05757516622543335,-0.4333682060241699,-0.048294104635715485,0.07282018661499023,-0.4981357455253601,-0.056820616126060486,0.08498209714889526,-0.5637950897216797,-0.06450333446264267
0.0,0.0,0.0,-0.08662533760070801,-0.04006713628768921,-0.030198920518159866,-0.16186362504959106,-0.12210696935653687,-0.04728835076093674,-0.22485333681106567,-0.17979395389556885,-0.06352265179157257,-0.27710288763046265,-0.20596563816070557,-0.07983459532260895,-0.10957437753677368,-0.3515095114707947,-0.012138294987380505,-0.13930267095565796,-0.4773041009902954,-0.023682428523898125,-0.15396064519882202,-0.5513682961463928,-0.03971270099282265,-0.16590648889541626,-0.6203075647354126,-0.05463593080639839,-0.059198737144470215,-0.38496899604797363,-0.015759212896227837,-0.06673955917358398,-0.5313402414321899,-0.021459558978676796,-0.06961268186569214,-0.6206414699554443,-0.03456198424100876,-0.07252949476242065,-0.6958884000778198,-0.04769902303814888,-0.010581493377685547,-0.3741186261177063,-0.02481384389102459,-0.005400478839874268,-0.5083754062652588,-0.03523484244942665,-0.0030634403228759766,-0.5923413634300232,-0.05214763805270195,-0.002713322639465332,-0.6682862043380737,-0.06675693392753601,0.03508591651916504,-0.33399152755737305,-0.03753180801868439,0.05690354108810425,-0.43286144733428955,-0.049315836280584335,0.07235455513000488,-0.4980955421924591,-0.058603521436452866,0.08489120006561279,-0.5643887519836426,-0.06690368056297302
0.0,0.0,0.0,-0.0862811803817749,-0.03989708423614502,-0.0297506432980299,-0.16101187467575073,-0.12398558855056763,-0.046428367495536804,-0.2242985963821411,-0.18291771411895752,-0.062415145337581635,-0.277240514755249,-0.20824521780014038,-0.07846216857433319,-0.10914582014083862,-0.35263848304748535,-0.011248406022787094,-0.1384514570236206,-0.4783983826637268,-0.02271330915391445,-0.15303832292556763,-0.5525763034820557,-0.038662537932395935,-0.16467875242233276,-0.6217141151428223,-0.053560737520456314,-0.05888563394546509,-0.38596755266189575,-0.01520045381039381,-0.06617885828018188,-0.5332125425338745,-0.020901044830679893,-0.06839954853057861,-0.6231561303138733,-0.03362052142620087,-0.07091599702835083,-0.6981934309005737,-0.04645312577486038,-0.010200917720794678,-0.375053346157074,-0.024667194113135338,-0.004537105560302734,-0.5102548599243164,-0.03532223775982857,-0.001803278923034668,-0.593090295791626,-0.051873333752155304,-0.0015245676040649414,-0.6674932241439819,-0.06604992598295212,0.03567260503768921,-0.3350216746330261,-0.03780759498476982,0.058104097843170166,-0.4355780780315399,-0.049810994416475296,0.07411354780197144,-0.5014790892601013,-0.059078119695186615,0.08683490753173828,-0.5680522918701172,-0.06730334460735321
0.0,0.0,0.0,-0.08651435375213623,-0.039888203144073486,-0.03064078278839588,-0.16177016496658325,-0.12267208099365234,-0.048086050897836685,-0.22501486539840698,-0.18192923069000244,-0.06465743482112885,-0.2776423692703247,-0.20864838361740112,-0.08135317265987396,-0.10897767543792725,-0.351915180683136,-0.013377047143876553,-0.13886791467666626,-0.4778161644935608,-0.02541685476899147,-0.15385842323303223,-0.5518327951431274,-0.04177422821521759,-0.16597634553909302,-0.6219764947891235,-0.056920260190963745,-0.05867046117782593,-0.385573148727417,-0.016944080591201782,-0.06630003452301025,-0.5318237543106079,-0.02307303249835968,-0.06902992725372314,-0.6215123534202576,-0.03615378960967064,-0.07189977169036865,-0.6977905035018921,-0.049246154725551605,-0.010290205478668213,-0.37482762336730957,-0.025943618267774582,-0.004683077335357666,-0.508720874786377,-0.03676055744290352,-0.001949310302734375,-0.5914603471755981,-0.053432710468769073,-0.0015118718147277832,-0.666600227355957,-0.06768961995840073,0.035141944885253906,-0.3350050449371338,-0.03866302967071533,0.05738174915313721,-0.43536376953125,-0.050875067710876465,0.07342076301574707,-0.5013371109962463,-0.06016680970788002,0.08645182847976685,-0.568371593952179,-0.06831421703100204
0.0,0.0,0.0,-0.08692389726638794,-0.04001051187515259,-0.03126716613769531,-0.16235661506652832,-0.12307703495025635,-0.04881652072072029,-0.2257954180240631,-0.1834658980369568,-0.06528566777706146,-0.27845364809036255,-0.21049875020980835,-0.08187837898731232,-0.10864704847335815,-0.3515302538871765,-0.014255419373512268,-0.13926643133163452,-0.47769659757614136,-0.026246076449751854,-0.15410226583480835,-0.5525949001312256,-0.042559415102005005,-0.1657450795173645,-0.6236000061035156,-0.057785701006650925,-0.05861020088195801,-0.385536253452301,-0.017271623015403748,-0.06600892543792725,-0.531769335269928,-0.02370426617562771,-0.06863290071487427,-0.6213290691375732,-0.03691926226019859,-0.07145160436630249,-0.697702169418335,-0.05007973685860634,-0.010754883289337158,-0.375002384185791,-0.02568816766142845,-0.004899442195892334,-0.5084184408187866,-0.03655768185853958,-0.0013995170593261719,-0.591423511505127,-0.053598057478666306,-0.0004818439483642578,-0.6667871475219727,-0.06811657547950745,0.03414338827133179,-0.3350922465324402,-0.03785194829106331,0.056861698627471924,-0.4350365102291107,-0.05000392720103264,0.07314437627792358,-0.5006645917892456,-0.059628814458847046,0.08621925115585327,-0.566877007484436,-0.06805639714002609
0.0,0.0,0.0,-0.08678174018859863,-0.04154610633850098,-0.03090190514922142,-0.1620212197303772,-0.12502741813659668,-0.04833078011870384,-0.22538471221923828,-0.18442875146865845,-0.06479323655366898,-0.2779422998428345,-0.21151280403137207,-0.08137015998363495,-0.10775834321975708,-0.3528565764427185,-0.013508918695151806,-0.13835245370864868,-0.47923195362091064,-0.025509478524327278,-0.15356051921844482,-0.553895115852356,-0.04185876250267029,-0.16583871841430664,-0.6244312524795532,-0.05705596134066582,-0.05793046951293945,-0.3866143226623535,-0.016776708886027336,-0.06577473878860474,-0.5327904224395752,-0.02319447137415409,-0.06885778903961182,-0.6221420764923096,-0.036554090678691864,-0.07215595245361328,-0.6978929042816162,-0.049771346151828766,-0.010095715522766113,-0.3757844567298889,-0.02545749396085739,-0.004829108715057373,-0.5094742178916931,-0.03616250678896904,-0.0014454126358032227,-0.5929619073867798,-0.053098928183317184,-0.00043064355850219727,-0.6687840223312378,-0.06757459044456482,0.034794747829437256,-0.3357189893722534,-0.037882000207901,0.056831538677215576,-0.43621835112571716,-0.04975231736898422,0.07287222146987915,-0.5021560192108154,-0.05907800793647766,0.08595174551010132,-0.5684539675712585,-0.0672999694943428
0.0,0.0,0.0,-0.08594202995300293,-0.040505051612854004,-0.02988606132566929,-0.16113871335983276,-0.1247948408126831,-0.04644843190908432,-0.2240666151046753,-0.1839619278907776,-0.0622774176299572,-0.27676790952682495,-0.20910698175430298,-0.07806979864835739,-0.10966658592224121,-0.3544918894767761,-0.010728609748184681,-0.13930851221084595,-0.4797154664993286,-0.0221092589199543,-0.15359127521514893,-0.5533462166786194,-0.037981610745191574,-0.16513359546661377,-0.6218513250350952,-0.052751630544662476,-0.059346795082092285,-0.3879438638687134,-0.014501025900244713,-0.06706070899963379,-0.5345248579978943,-0.019969936460256577,-0.06914621591567993,-0.6231856346130371,-0.03226874768733978,-0.07149696350097656,-0.6968078017234802,-0.04464815929532051,-0.01050657033920288,-0.3771195411682129,-0.0238497294485569,-0.005317986011505127,-0.5115077495574951,-0.03410312533378601,-0.0023935437202453613,-0.5942947864532471,-0.049956418573856354,-0.0018842220306396484,-0.669400155544281,-0.06362642347812653,0.035676538944244385,-0.33680206537246704,-0.036954667419195175,0.057429373264312744,-0.4349886476993561,-0.048467185348272324,0.07288527488708496,-0.4999546706676483,-0.05716519057750702,0.08523356914520264,-0.5659178495407104,-0.06490106880664825
0.0,0.0,0.0,-0.08670377731323242,-0.04117923974990845,-0.029389506205916405,-0.1615327000617981,-0.12363052368164062,-0.04616435244679451,-0.2242811918258667,-0.18241643905639648,-0.06232120469212532,-0.2768635153770447,-0.20896607637405396,-0.07842038571834564,-0.10999488830566406,-0.3552623391151428,-0.010402407497167587,-0.13932526111602783,-0.481423020362854,-0.02248239703476429,-0.15447157621383667,-0.5549264550209045,-0.03878374770283699,-0.16691970825195312,-0.6229963302612305,-0.05353892594575882,-0.05938839912414551,-0.38858819007873535,-0.014468077570199966,-0.06702739000320435,-0.5359402298927307,-0.0204447153955698,-0.06945949792861938,-0.6258503198623657,-0.03299909457564354,-0.07206791639328003,-0.7009606957435608,-0.0453551709651947,-0.010578453540802002,-0.37745803594589233,-0.02411501482129097,-0.004904747009277344,-0.5121504068374634,-0.03472715988755226,-0.001991868019104004,-0.595412015914917,-0.05038722977042198,-0.0013613700866699219,-0.6710825562477112,-0.06373008340597153,0.035442471504211426,-0.3370656967163086,-0.03744564205408096,0.057498157024383545,-0.4357891082763672,-0.04892643913626671,0.0728493332862854,-0.5009379982948303,-0.0571620911359787,0.08536368608474731,-0.5673227906227112,-0.06441137194633484
0.0,0.0,0.0,-0.08640992641448975,-0.04236358404159546,-0.030116934329271317,-0.1611614227294922,-0.12601470947265625,-0.04706515371799469,-0.22416695952415466,-0.18387281894683838,-0.06333457678556442,-0.2769993543624878,-0.20912468433380127,-0.07971987873315811,-0.10898131132125854,-0.3550052046775818,-0.011161508969962597,-0.13868772983551025,-0.47994381189346313,-0.02322225272655487,-0.1535036563873291,-0.5537109971046448,-0.039747826755046844,-0.16564106941223145,-0.6227623224258423,-0.054880592972040176,-0.058506786823272705,-0.388552725315094,-0.015019706450402737,-0.06585824489593506,-0.5352180600166321,-0.02093573845922947,-0.06839495897293091,-0.6249681115150452,-0.03379151225090027,-0.07119762897491455,-0.7001510858535767,-0.04659351333975792,-0.009981930255889893,-0.37765055894851685,-0.024467751383781433,-0.004138588905334473,-0.5118757486343384,-0.03476409986615181,-0.001217186450958252,-0.5939463376998901,-0.050665516406297684,-0.0008406639099121094,-0.6687577962875366,-0.0644630640745163,0.035579144954681396,-0.3372461795806885,-0.03772661089897156,0.05725300312042236,-0.435167133808136,-0.04903370887041092,0.0724952220916748,-0.49972715973854065,-0.05742871016263962,0.08472830057144165,-0.565374493598938,-0.06499968469142914
0.0,0.0,0.0,-0.08669877052307129,-0.04232347011566162,-0.03007875755429268,-0.16115117073059082,-0.12561386823654175,-0.046957094222307205,-0.22364094853401184,-0.1854991316795349,-0.06303665041923523,-0.27607864141464233,-0.21262019872665405,-0.07893890142440796,-0.10968667268753052,-0.3559761643409729,-0.01066108699887991,-0.13971692323684692,-0.48288196325302124,-0.02253572642803192,-0.15474164485931396,-0.5571648478507996,-0.038751520216464996,-0.1667526364326477,-0.6257635951042175,-0.05349976196885109,-0.059302449226379395,-0.3894839882850647,-0.014169865287840366,-0.06715917587280273,-0.5365914702415466,-0.01976454257965088,-0.06946277618408203,-0.6256874799728394,-0.03198797628283501,-0.07191342115402222,-0.6993334293365479,-0.044073063880205154,-0.01041632890701294,-0.37873727083206177,-0.023332985118031502,-0.005232334136962891,-0.5136237144470215,-0.03344672545790672,-0.002736210823059082,-0.5971631407737732,-0.048841752111911774,-0.0024254322052001953,-0.6727615594863892,-0.06204177439212799,0.03580951690673828,-0.33859169483184814,-0.036301884800195694,0.05777949094772339,-0.4368007183074951,-0.04757653921842575,0.0728563666343689,-0.5021237730979919,-0.05584920570254326,0.08510774374008179,-0.5685275793075562,-0.0630912035703659
0.0,0.0,0.0,-0.08690983057022095,-0.04229748249053955,-0.030008666217327118,-0.16196763515472412,-0.1270766258239746,-0.04644539952278137,-0.22513103485107422,-0.186759352684021,-0.06205323338508606,-0.2774512767791748,-0.21340525150299072,-0.07748628407716751,-0.11010819673538208,-0.3559735417366028,-0.010105329565703869,-0.1400863528251648,-0.4832097887992859,-0.021687235683202744,-0.15508967638015747,-0.5578426122665405,-0.037754908204078674,-0.1672438383102417,-0.6265007257461548,-0.05238419026136398,-0.05989187955856323,-0.38930702209472656,-0.013514630496501923,-0.06726372241973877,-0.5363107919692993,-0.018594631925225258,-0.06953287124633789,-0.6259913444519043,-0.030825132504105568,-0.07191699743270874,-0.7010310292243958,-0.043012574315071106,-0.010968685150146484,-0.37905657291412354,-0.022615592926740646,-0.00543522834777832,-0.5134979486465454,-0.032191064208745956,-0.0025134682655334473,-0.5966605544090271,-0.04789683595299721,-0.0019469261169433594,-0.6725245714187622,-0.06144234910607338,0.0351448655128479,-0.3396967053413391,-0.03554443642497063,0.057000577449798584,-0.4376774728298187,-0.046353261917829514,0.07207000255584717,-0.5022115111351013,-0.05468017980456352,0.08423548936843872,-0.5679198503494263,-0.062057334929704666
