0.0,0.0,0.0,-0.05882960557937622,-0.06972986459732056,-0.039656609296798706,-0.08305948972702026,-0.15967285633087158,-0.059037961065769196,-0.04170709848403931,-0.24915319681167603,-0.07800602167844772,0.005768179893493652,-0.30296385288238525,-0.09333666414022446,-0.08156263828277588,-0.3524218797683716,-0.012760531157255173,-0.10394531488418579,-0.48236602544784546,-0.034058552235364914,-0.11402446031570435,-0.5618992447853088,-0.05370914191007614,-0.11695235967636108,-0.6333246827125549,-0.06994317471981049,-0.03149998188018799,-0.3676665425300598,-0.012924710288643837,-0.029936134815216064,-0.5221912860870361,-0.030279122292995453,-0.020139098167419434,-0.607770562171936,-0.04474075883626938,-0.007900416851043701,-0.6852459907531738,-0.056139878928661346,0.010556995868682861,-0.3363761305809021,-0.01977076567709446,0.022778630256652832,-0.4422886371612549,-0.05077690631151199,0.008036375045776367,-0.3481934666633606,-0.053885310888290405,-0.001872420310974121,-0.2733493447303772,-0.04918786883354187,0.04553323984146118,-0.27521640062332153,-0.031118091195821762,0.04953986406326294,-0.347703218460083,-0.06442947685718536,0.03242009878158569,-0.2842366099357605,-0.06799311190843582,0.021640241146087646,-0.22216254472732544,-0.06428459286689758
0.0,0.0,0.0,-0.058644235134124756,-0.06795608997344971,-0.044364456087350845,-0.08275610208511353,-0.1542506217956543,-0.06682992726564407,-0.04461538791656494,-0.24171137809753418,-0.08844727277755737,0.0031313300132751465,-0.29716646671295166,-0.10673801600933075,-0.08345586061477661,-0.3478090763092041,-0.016864238306879997,-0.10640954971313477,-0.4767674207687378,-0.03927530720829964,-0.11593401432037354,-0.5567725300788879,-0.058983925729990005,-0.1183893084526062,-0.627849280834198,-0.07496117800474167,-0.03409510850906372,-0.36264485120773315,-0.015561295673251152,-0.03312605619430542,-0.5187609195709229,-0.03314386308193207,-0.022768676280975342,-0.605552613735199,-0.046607017517089844,-0.011094093322753906,-0.6820148229598999,-0.057130031287670135,0.00818169116973877,-0.3327120542526245,-0.02176901511847973,0.019053637981414795,-0.4372534155845642,-0.05457044020295143,0.005150496959686279,-0.3437157869338989,-0.060482461005449295,-0.004454314708709717,-0.268193781375885,-0.05737397074699402,0.04377979040145874,-0.276378870010376,-0.03276590257883072,0.04629635810852051,-0.34371769428253174,-0.06851239502429962,0.03032022714614868,-0.2794152498245239,-0.07543784379959106,0.020317494869232178,-0.21610653400421143,-0.07410264015197754
0.0,0.0,0.0,-0.059384703636169434,-0.07129192352294922,-0.03932768851518631,-0.08329492807388306,-0.1549004316329956,-0.05994740501046181,-0.0445551872253418,-0.24292773008346558,-0.0805700272321701,0.0029880404472351074,-0.29515141248703003,-0.09793796390295029,-0.08261966705322266,-0.3509078025817871,-0.013150499202311039,-0.1053665280342102,-0.4796992242336273,-0.03555457666516304,-0.11479616165161133,-0.559013843536377,-0.056353967636823654,-0.11685287952423096,-0.6299895644187927,-0.07339813560247421,-0.0331040620803833,-0.36529064178466797,-0.013479715213179588,-0.03160446882247925,-0.5199236273765564,-0.030885949730873108,-0.020697414875030518,-0.605787992477417,-0.044933851808309555,-0.008190453052520752,-0.682437539100647,-0.05638029798865318,0.008869171142578125,-0.3343192934989929,-0.020703457295894623,0.020346641540527344,-0.43705353140830994,-0.05033998191356659,0.005662143230438232,-0.3431774973869324,-0.053264252841472626,-0.004653811454772949,-0.2685033679008484,-0.049006856977939606,0.043502748012542725,-0.27517837285995483,-0.0325561948120594,0.046382248401641846,-0.3456437587738037,-0.06463714689016342,0.029371440410614014,-0.28276002407073975,-0.06859114021062851,0.018830299377441406,-0.21990513801574707,-0.06569583714008331
0.0,0.0,0.0,-0.0593453049659729,-0.06830966472625732,-0.04135294258594513,-0.08287215232849121,-0.1534508466720581,-0.06292814016342163,-0.04432719945907593,-0.2403193712234497,-0.0839271992444992,0.004078090190887451,-0.293880820274353,-0.10175449401140213,-0.08234423398971558,-0.3493698835372925,-0.016613543033599854,-0.1058233380317688,-0.47829699516296387,-0.03896314650774002,-0.11574727296829224,-0.5579174160957336,-0.0591387040913105,-0.11769968271255493,-0.6292287111282349,-0.07565488666296005,-0.03267461061477661,-0.3635823130607605,-0.016405675560235977,-0.032510459423065186,-0.5193555951118469,-0.03317291662096977,-0.021923840045928955,-0.6044445037841797,-0.046162985265254974,-0.01030421257019043,-0.6785670518875122,-0.056985024362802505,0.009509444236755371,-0.33245372772216797,-0.023235898464918137,0.020724475383758545,-0.43649688363075256,-0.05359760671854019,0.006789445877075195,-0.3457983136177063,-0.05816387012600899,-0.0035286545753479004,-0.27269870042800903,-0.0553114116191864,0.044625282287597656,-0.27413272857666016,-0.034691013395786285,0.047658562660217285,-0.3427937626838684,-0.06789455562829971,0.030329465866088867,-0.28063154220581055,-0.07330268621444702,0.01899564266204834,-0.21890008449554443,-0.07168956100940704
0.0,0.0,0.0,-0.06020611524581909,-0.06861460208892822,-0.041884008795022964,-0.0845499038696289,-0.15190339088439941,-0.06405354291200638,-0.04675823450088501,-0.24232971668243408,-0.08609442412853241,0.00011533498764038086,-0.29661834239959717,-0.10446996241807938,-0.08435636758804321,-0.34851646423339844,-0.01564469002187252,-0.10830867290496826,-0.48236197233200073,-0.03724081069231033,-0.11696195602416992,-0.5630706548690796,-0.05631427466869354,-0.11871546506881714,-0.6330347061157227,-0.0721578598022461,-0.03529763221740723,-0.36353063583374023,-0.014640518464148045,-0.03420227766036987,-0.5201437473297119,-0.031640421599149704,-0.023151695728302002,-0.6061323881149292,-0.044437114149332047,-0.010661900043487549,-0.683485746383667,-0.05502164363861084,0.006795227527618408,-0.3336111307144165,-0.020742472261190414,0.01733487844467163,-0.4426867663860321,-0.048939261585474014,0.004715919494628906,-0.3495934009552002,-0.050740182399749756,-0.004657924175262451,-0.27568167448043823,-0.0461762510240078,0.041954755783081055,-0.2757609486579895,-0.031900059431791306,0.04678976535797119,-0.34853750467300415,-0.06272745132446289,0.030259013175964355,-0.2878037095069885,-0.06688409298658371,0.018982112407684326,-0.2261563539505005,-0.06453443318605423
0.0,0.0,0.0,-0.06048709154129028,-0.07278662919998169,-0.03949492424726486,-0.08431130647659302,-0.1559552550315857,-0.06085630878806114,-0.046108126640319824,-0.24671465158462524,-0.08228194713592529,0.0015064477920532227,-0.29870474338531494,-0.10028021037578583,-0.08236140012741089,-0.35156917572021484,-0.013854051940143108,-0.10577589273452759,-0.48361629247665405,-0.0360105074942112,-0.11555403470993042,-0.564147412776947,-0.056741878390312195,-0.11709266901016235,-0.6356984376907349,-0.07406067848205566,-0.032579004764556885,-0.36628419160842896,-0.01401690486818552,-0.03245842456817627,-0.5236812829971313,-0.029757678508758545,-0.02121126651763916,-0.6085449457168579,-0.04238054156303406,-0.007980406284332275,-0.6850556135177612,-0.05363697186112404,0.00924748182296753,-0.3353203535079956,-0.021094899624586105,0.020418643951416016,-0.4427293539047241,-0.04726143553853035,0.005606293678283691,-0.3490687608718872,-0.04769415408372879,-0.005247890949249268,-0.2754000425338745,-0.04330072179436684,0.04370558261871338,-0.27604764699935913,-0.03322519361972809,0.047515153884887695,-0.34910017251968384,-0.063412144780159,0.02930760383605957,-0.28623199462890625,-0.06670792400836945,0.017417311668395996,-0.2242419719696045,-0.06417330354452133
0.0,0.0,0.0,-0.060328543186187744,-0.06789648532867432,-0.04193181172013283,-0.08487308025360107,-0.1510622501373291,-0.06462860107421875,-0.04676085710525513,-0.2405564785003662,-0.08710309863090515,0.00020831823348999023,-0.29371553659439087,-0.10600008070468903,-0.0825241208076477,-0.34705597162246704,-0.0170732531696558,-0.10523426532745361,-0.48160627484321594,-0.03895771503448486,-0.11304187774658203,-0.5627804398536682,-0.05822165682911873,-0.11421263217926025,-0.6324405670166016,-0.07433880865573883,-0.033134520053863525,-0.361499547958374,-0.016056159511208534,-0.031200528144836426,-0.5181341767311096,-0.032728489488363266,-0.0201147198677063,-0.6028791666030884,-0.04530831798911095,-0.007395565509796143,-0.680950403213501,-0.05600465461611748,0.008684277534484863,-0.33155691623687744,-0.02202904410660267,0.01821279525756836,-0.4426848292350769,-0.04918097332119942,0.005933403968811035,-0.35119450092315674,-0.05070238560438156,-0.0025796890258789062,-0.27846819162368774,-0.04655998572707176,0.04320937395095825,-0.2727455496788025,-0.03310345858335495,0.04704439640045166,-0.34692054986953735,-0.06347721070051193,0.030923843383789062,-0.2869598865509033,-0.06780920177698135,0.020484507083892822,-0.2255437970161438,-0.06589537113904953
0.0,0.0,0.0,-0.059348344802856445,-0.06858909130096436,-0.04283662885427475,-0.08311319351196289,-0.15581876039505005,-0.06371427327394485,-0.04351001977920532,-0.24197781085968018,-0.08348143845796585,0.004159331321716309,-0.2941240668296814,-0.09994761645793915,-0.08001744747161865,-0.35218745470046997,-0.016585588455200195,-0.10192102193832397,-0.48320502042770386,-0.039136987179517746,-0.11084294319152832,-0.5640252828598022,-0.059505365788936615,-0.11211574077606201,-0.6360645294189453,-0.07598404586315155,-0.029877185821533203,-0.36507469415664673,-0.015459761954843998,-0.028084099292755127,-0.5198842287063599,-0.03390311449766159,-0.0170477032661438,-0.6079187393188477,-0.04874427244067192,-0.004690408706665039,-0.684512197971344,-0.06014532968401909,0.012071073055267334,-0.33292901515960693,-0.021393846720457077,0.023017823696136475,-0.43585824966430664,-0.05406409129500389,0.00808042287826538,-0.3460320234298706,-0.059862203896045685,-0.0023114681243896484,-0.27362996339797974,-0.056687597185373306,0.046866536140441895,-0.27295440435409546,-0.03189726546406746,0.050695955753326416,-0.34366804361343384,-0.06649627536535263,0.03197324275970459,-0.28145909309387207,-0.07190955430269241,0.01961219310760498,-0.2195335030555725,-0.06953014433383942
0.0,0.0,0.0,-0.059560298919677734,-0.06327390670776367,-0.041432660073041916,-0.0844070315361023,-0.1547226905822754,-0.06182984262704849,-0.04443567991256714,-0.2375096082687378,-0.08131226152181625,0.004305064678192139,-0.2891867160797119,-0.09766127914190292,-0.08004790544509888,-0.3517458438873291,-0.01674937829375267,-0.10125136375427246,-0.48092299699783325,-0.039559025317430496,-0.10978657007217407,-0.5605013370513916,-0.05945373326539993,-0.11128336191177368,-0.6315134763717651,-0.07547468692064285,-0.030219197273254395,-0.3643679618835449,-0.017044056206941605,-0.027926921844482422,-0.5184973478317261,-0.036870069801807404,-0.01663738489151001,-0.6067663431167603,-0.05187472701072693,-0.004592716693878174,-0.6834543943405151,-0.06271388381719589,0.011370837688446045,-0.3323039412498474,-0.02421349473297596,0.02263188362121582,-0.4301857352256775,-0.05983101204037666,0.007735133171081543,-0.33856528997421265,-0.06634832173585892,-0.0026009082794189453,-0.26600003242492676,-0.06259258091449738,0.046206772327423096,-0.2711918354034424,-0.03554946556687355,0.04942762851715088,-0.33597874641418457,-0.07259070873260498,0.030769824981689453,-0.27117323875427246,-0.07828326523303986,0.018632054328918457,-0.20949506759643555,-0.07541690766811371
0.0,0.0,0.0,-0.060699462890625,-0.06889301538467407,-0.03708744794130325,-0.08622312545776367,-0.1564745306968689,-0.05575578287243843,-0.04601156711578369,-0.2431020736694336,-0.07420830428600311,0.0014472603797912598,-0.29288744926452637,-0.08947229385375977,-0.08149021863937378,-0.3519148826599121,-0.013028386980295181,-0.10248392820358276,-0.4818466007709503,-0.03491884097456932,-0.1108858585357666,-0.5605250597000122,-0.055365633219480515,-0.11210811138153076,-0.6316019296646118,-0.07219894230365753,-0.0316278338432312,-0.365414023399353,-0.014075308106839657,-0.028986811637878418,-0.5197746753692627,-0.032028503715991974,-0.0173264741897583,-0.6052266359329224,-0.046096447855234146,-0.004744887351989746,-0.6811380386352539,-0.05705718323588371,0.010033011436462402,-0.3339352607727051,-0.021534617990255356,0.020415425300598145,-0.43588024377822876,-0.052189137786626816,0.005462765693664551,-0.3443318009376526,-0.054731063544750214,-0.005040228366851807,-0.2718518376350403,-0.049663204699754715,0.04456603527069092,-0.27178847789764404,-0.03322996199131012,0.04670703411102295,-0.34296876192092896,-0.06557394564151764,0.0279848575592041,-0.27847784757614136,-0.06811931729316711,0.016748666763305664,-0.21566736698150635,-0.06387906521558762
0.0,0.0,0.0,-0.060036420822143555,-0.061023831367492676,-0.039397697895765305,-0.08592331409454346,-0.1546175479888916,-0.05745222419500351,-0.04452097415924072,-0.2380954623222351,-0.07452594488859177,0.002353489398956299,-0.28929603099823,-0.08877448737621307,-0.08122891187667847,-0.34656375646591187,-0.01674717478454113,-0.10193371772766113,-0.4775146245956421,-0.03944158926606178,-0.11090540885925293,-0.557574450969696,-0.05904468521475792,-0.11268603801727295,-0.6298559904098511,-0.0748857855796814,-0.03115302324295044,-0.3599277138710022,-0.017550401389598846,-0.02853572368621826,-0.5147452354431152,-0.03878048062324524,-0.01825714111328125,-0.5997083187103271,-0.0549611859023571,-0.006693482398986816,-0.6735332012176514,-0.06636540591716766,0.01027214527130127,-0.329679012298584,-0.024660909548401833,0.022339582443237305,-0.4306867718696594,-0.062221772968769073,0.007245481014251709,-0.3439796566963196,-0.06962068378925323,-0.003753185272216797,-0.2731581926345825,-0.06614475697278976,0.045179903507232666,-0.269014835357666,-0.0355023518204689,0.048488080501556396,-0.3355472683906555,-0.07325339317321777,0.029526054859161377,-0.27078914642333984,-0.07844178378582001,0.0172232985496521,-0.20807379484176636,-0.07516230642795563
0.0,0.0,0.0,-0.06013381481170654,-0.06750881671905518,-0.03804550692439079,-0.08565866947174072,-0.15757548809051514,-0.05660369619727135,-0.04494142532348633,-0.24378496408462524,-0.07487758249044418,0.002498805522918701,-0.29490822553634644,-0.08996962010860443,-0.08143985271453857,-0.35288500785827637,-0.013105732388794422,-0.10277646780014038,-0.48396044969558716,-0.03510840982198715,-0.11165052652359009,-0.563254177570343,-0.05516034737229347,-0.11298084259033203,-0.6349960565567017,-0.07165367901325226,-0.031184792518615723,-0.3663181662559509,-0.01457905862480402,-0.029442310333251953,-0.5209817290306091,-0.034270815551280975,-0.018426477909088135,-0.6079224348068237,-0.049725521355867386,-0.005781352519989014,-0.6850758790969849,-0.06122925132513046,0.010365188121795654,-0.33452266454696655,-0.022562522441148758,0.021097302436828613,-0.4377979636192322,-0.05655285343527794,0.005898118019104004,-0.3460419178009033,-0.06055176258087158,-0.004659116268157959,-0.2731589078903198,-0.055502213537693024,0.04506772756576538,-0.27166926860809326,-0.03464489430189133,0.04792684316635132,-0.34528642892837524,-0.06922394037246704,0.029417335987091064,-0.2803376317024231,-0.0722803920507431,0.017897188663482666,-0.2166385054588318,-0.06793293356895447
0.0,0.0,0.0,-0.06076842546463013,-0.06748121976852417,-0.04052797332406044,-0.08567160367965698,-0.15665435791015625,-0.06059318780899048,-0.04532128572463989,-0.24364084005355835,-0.08002009987831116,0.0016409754753112793,-0.295377254486084,-0.0963340625166893,-0.08260208368301392,-0.3497621417045593,-0.017764970660209656,-0.10450750589370728,-0.4833202362060547,-0.04084865376353264,-0.11396420001983643,-0.5637180209159851,-0.06113370507955551,-0.11610949039459229,-0.6368637084960938,-0.07777773588895798,-0.032079875469207764,-0.363622784614563,-0.018427131697535515,-0.030825495719909668,-0.5203557014465332,-0.03928996995091438,-0.020765721797943115,-0.6075972318649292,-0.05543725565075874,-0.009331822395324707,-0.684279203414917,-0.06759338080883026,0.010079383850097656,-0.3324506878852844,-0.025597961619496346,0.019633233547210693,-0.4370458126068115,-0.06014014780521393,0.00428396463394165,-0.3456737995147705,-0.06527834385633469,-0.006775259971618652,-0.27222901582717896,-0.06126631051301956,0.045103490352630615,-0.2713315486907959,-0.03706232085824013,0.04793822765350342,-0.3460993766784668,-0.07215573638677597,0.029741227626800537,-0.28216779232025146,-0.07642760127782822,0.017638206481933594,-0.21787029504776,-0.07319788634777069
0.0,0.0,0.0,-0.0597759485244751,-0.06655138731002808,-0.04066690430045128,-0.08580660820007324,-0.15253061056137085,-0.061622295528650284,-0.04907912015914917,-0.2409842610359192,-0.08213657140731812,-0.0008417367935180664,-0.29177534580230713,-0.09951283037662506,-0.08373004198074341,-0.3480958342552185,-0.01702604815363884,-0.10615050792694092,-0.47912371158599854,-0.039951127022504807,-0.11527681350708008,-0.5585508346557617,-0.06077771633863449,-0.11638236045837402,-0.6309608221054077,-0.07798154652118683,-0.03381842374801636,-0.3623623251914978,-0.017087450250983238,-0.033027470111846924,-0.5172586441040039,-0.036607153713703156,-0.02242046594619751,-0.6051951050758362,-0.052370812743902206,-0.010359644889831543,-0.6822142004966736,-0.06486711651086807,0.007978379726409912,-0.33192604780197144,-0.023812945932149887,0.01821213960647583,-0.434725284576416,-0.056036677211523056,0.0032712817192077637,-0.34369802474975586,-0.06121871992945671,-0.007327020168304443,-0.2694849371910095,-0.057978324592113495,0.04298830032348633,-0.27263593673706055,-0.03496510162949562,0.045993030071258545,-0.34520113468170166,-0.06819619238376617,0.028548002243041992,-0.2836703062057495,-0.07294846326112747,0.016889870166778564,-0.22000789642333984,-0.0705733597278595
0.0,0.0,0.0,-0.06104159355163574,-0.06869220733642578,-0.0389363095164299,-0.08632391691207886,-0.1534152626991272,-0.05973130092024803,-0.049035608768463135,-0.24299782514572144,-0.08041279017925262,-0.0012760758399963379,-0.2943246364593506,-0.0975949689745903,-0.08412480354309082,-0.3519775867462158,-0.01499149389564991,-0.10661011934280396,-0.4830092191696167,-0.03792518377304077,-0.115775465965271,-0.5624914169311523,-0.05950698256492615,-0.11697423458099365,-0.6352629661560059,-0.07749078422784805,-0.034338951110839844,-0.36634159088134766,-0.01583673432469368,-0.033186376094818115,-0.5235362648963928,-0.03433063253760338,-0.021221160888671875,-0.61268150806427,-0.04968883842229843,-0.008332610130310059,-0.6903049945831299,-0.062415771186351776,0.00763702392578125,-0.3348606824874878,-0.023249605670571327,0.018017828464508057,-0.43916910886764526,-0.05214657261967659,0.004011809825897217,-0.34707826375961304,-0.05448570102453232,-0.00619351863861084,-0.27372705936431885,-0.05042938515543938,0.042561471462249756,-0.2742398977279663,-0.03536681458353996,0.045261263847351074,-0.3471940755844116,-0.06632984429597855,0.027163922786712646,-0.28337955474853516,-0.06941632926464081,0.015294849872589111,-0.22022897005081177,-0.06635570526123047
0.0,0.0,0.0,-0.060774385929107666,-0.0668519139289856,-0.038812264800071716,-0.08692878484725952,-0.15449446439743042,-0.05862962082028389,-0.048828184604644775,-0.2451452612876892,-0.07835493236780167,-0.000963747501373291,-0.2963755130767822,-0.09513145685195923,-0.08371001482009888,-0.34990328550338745,-0.01481612678617239,-0.10599637031555176,-0.4838823676109314,-0.03668516129255295,-0.11465185880661011,-0.5635679960250854,-0.0564136728644371,-0.11608099937438965,-0.6355234980583191,-0.07282183319330215,-0.03276950120925903,-0.3636922240257263,-0.01574115641415119,-0.03145480155944824,-0.5204480290412903,-0.035267364233732224,-0.020814120769500732,-0.6080756783485413,-0.050956111401319504,-0.009185969829559326,-0.6861023306846619,-0.06305938214063644,0.00906902551651001,-0.33348309993743896,-0.023131143301725388,0.018245995044708252,-0.438601553440094,-0.0557289645075798,0.0034749507904052734,-0.34967178106307983,-0.06104843690991402,-0.007238566875457764,-0.27777111530303955,-0.057657983154058456,0.04418611526489258,-0.2734995484352112,-0.034663595259189606,0.04606139659881592,-0.3488437533378601,-0.06796291470527649,0.02736872434616089,-0.2865073084831238,-0.0724087506532669,0.014715731143951416,-0.22199022769927979,-0.06973200291395187
0.0,0.0,0.0,-0.061356544494628906,-0.07373428344726562,-0.03486533463001251,-0.08668714761734009,-0.1600801944732666,-0.053877729922533035,-0.04697144031524658,-0.25067222118377686,-0.07350815832614899,0.0014035701751708984,-0.29992640018463135,-0.08984293788671494,-0.0829092264175415,-0.355465292930603,-0.011134771630167961,-0.10453766584396362,-0.48902690410614014,-0.033487189561128616,-0.11350184679031372,-0.5686368942260742,-0.054932236671447754,-0.1146499514579773,-0.6412636041641235,-0.07289829850196838,-0.03292757272720337,-0.3695332407951355,-0.013331889174878597,-0.03159689903259277,-0.5276814103126526,-0.031409233808517456,-0.0203285813331604,-0.6142548322677612,-0.046255048364400864,-0.007834017276763916,-0.6919330358505249,-0.05854613333940506,0.009241282939910889,-0.33759820461273193,-0.021654676645994186,0.0183599591255188,-0.4464029371738434,-0.04898820444941521,0.004199564456939697,-0.3518696427345276,-0.0488857664167881,-0.005575776100158691,-0.2782982587814331,-0.043386612087488174,0.04433882236480713,-0.27455276250839233,-0.034454669803380966,0.04689788818359375,-0.3541358709335327,-0.06377629935741425,0.02840191125869751,-0.28902649879455566,-0.06458792090415955,0.0170365571975708,-0.22466015815734863,-0.0599345788359642
0.0,0.0,0.0,-0.06037372350692749,-0.06731832027435303,-0.03842415288090706,-0.0848119854927063,-0.15978747606277466,-0.05721881985664368,-0.043941497802734375,-0.2464524507522583,-0.07568096369504929,0.003673851490020752,-0.2971409559249878,-0.09095880389213562,-0.08047401905059814,-0.3534841537475586,-0.015956485643982887,-0.10111552476882935,-0.48610252141952515,-0.03959530591964722,-0.10991132259368896,-0.5665540099143982,-0.0603313185274601,-0.11145013570785522,-0.6393399238586426,-0.07711946219205856,-0.02977287769317627,-0.3666068911552429,-0.017391040921211243,-0.027711808681488037,-0.5229346752166748,-0.038628026843070984,-0.017494678497314453,-0.6104470491409302,-0.054854556918144226,-0.005751609802246094,-0.6872782707214355,-0.06690289825201035,0.011968731880187988,-0.3346554636955261,-0.025123674422502518,0.023414134979248047,-0.43851739168167114,-0.059561386704444885,0.007248222827911377,-0.3476663827896118,-0.06332043558359146,-0.004254817962646484,-0.27527153491973877,-0.05827270820736885,0.046642422676086426,-0.2717207074165344,-0.03702838346362114,0.05004161596298218,-0.3439558744430542,-0.07150500267744064,0.030558764934539795,-0.2806854844093323,-0.07445953786373138,0.01749652624130249,-0.2183646559715271,-0.07016365230083466
0.0,0.0,0.0,-0.06104326248168945,-0.07253372669219971,-0.03435612842440605,-0.08609199523925781,-0.15936577320098877,-0.05291154980659485,-0.046176373958587646,-0.2500857710838318,-0.07236488908529282,0.0019882917404174805,-0.29900598526000977,-0.08863213658332825,-0.0816696286201477,-0.35418248176574707,-0.010412491858005524,-0.10308575630187988,-0.4888136386871338,-0.03290630504488945,-0.1111527681350708,-0.5696545839309692,-0.05425867438316345,-0.11191451549530029,-0.6421056389808655,-0.07215581089258194,-0.031108081340789795,-0.3676077723503113,-0.01303278747946024,-0.02924245595932007,-0.5269191265106201,-0.03173237293958664,-0.017873525619506836,-0.61353600025177,-0.04682181403040886,-0.004838883876800537,-0.6916844844818115,-0.05910938233137131,0.010635852813720703,-0.3358398675918579,-0.021818870678544044,0.020326852798461914,-0.4447477459907532,-0.05028725415468216,0.005174696445465088,-0.35091733932495117,-0.05009055510163307,-0.005020737648010254,-0.27661019563674927,-0.044041574001312256,0.04529088735580444,-0.27230674028396606,-0.03499314934015274,0.04810112714767456,-0.3515235185623169,-0.06468626111745834,0.028826653957366943,-0.2878984212875366,-0.06540929526090622,0.01689004898071289,-0.22357571125030518,-0.060580186545848846
0.0,0.0,0.0,-0.05982828140258789,-0.06214672327041626,-0.04205913469195366,-0.08527213335037231,-0.15341633558273315,-0.062157537788152695,-0.045572757720947266,-0.23780548572540283,-0.08099035173654556,0.0008705258369445801,-0.2924302816390991,-0.09690868109464645,-0.08011084794998169,-0.3474213480949402,-0.021038422361016273,-0.10142582654953003,-0.4799765348434448,-0.044514961540699005,-0.11026334762573242,-0.5601745843887329,-0.06440434604883194,-0.11188769340515137,-0.6329747438430786,-0.08053357899188995,-0.02966487407684326,-0.3606438636779785,-0.02109389379620552,-0.02792680263519287,-0.5184897184371948,-0.04308139905333519,-0.01728355884552002,-0.6062142252922058,-0.05977611988782883,-0.00587838888168335,-0.6818506717681885,-0.07198828458786011,0.012047171592712402,-0.3295672535896301,-0.027634277939796448,0.022350013256072998,-0.43047207593917847,-0.06485572457313538,0.0070188045501708984,-0.342648446559906,-0.07314614206552505,-0.004586756229400635,-0.2720044255256653,-0.07084216177463531,0.046997010707855225,-0.2690245509147644,-0.0381774827837944,0.04940420389175415,-0.3372690677642822,-0.0749790221452713,0.02969539165496826,-0.2748274803161621,-0.0811028927564621,0.0159837007522583,-0.21346217393875122,-0.07925717532634735
0.0,0.0,0.0,-0.05994981527328491,-0.06678992509841919,-0.04067109897732735,-0.08504742383956909,-0.1528981328010559,-0.0615101158618927,-0.04757726192474365,-0.24048912525177002,-0.08179204910993576,0.0007941722869873047,-0.29146313667297363,-0.0988161563873291,-0.08153581619262695,-0.35047125816345215,-0.017524125054478645,-0.10269325971603394,-0.4829912483692169,-0.04055660218000412,-0.11129927635192871,-0.5623811483383179,-0.061591122299432755,-0.1124488115310669,-0.6346927881240845,-0.07896136492490768,-0.031659483909606934,-0.3635214567184448,-0.01732507161796093,-0.03039848804473877,-0.5193179845809937,-0.0373535118997097,-0.01933133602142334,-0.6075212955474854,-0.0537257082760334,-0.007182657718658447,-0.6845500469207764,-0.06669672578573227,0.009490132331848145,-0.3322167992591858,-0.02366451732814312,0.020955204963684082,-0.4342086911201477,-0.05570463463664055,0.005391299724578857,-0.3429020643234253,-0.060710083693265915,-0.005983710289001465,-0.2697256803512573,-0.05743570253252983,0.044041216373443604,-0.2724560499191284,-0.03442470356822014,0.04735708236694336,-0.3443763256072998,-0.06722506880760193,0.029217183589935303,-0.28269392251968384,-0.07191891223192215,0.01703345775604248,-0.2205072045326233,-0.06961776316165924
0.0,0.0,0.0,-0.060498178005218506,-0.06556034088134766,-0.0415029413998127,-0.0860474705696106,-0.15278196334838867,-0.06256282329559326,-0.046651482582092285,-0.23862582445144653,-0.08275871723890305,0.0014913082122802734,-0.29150164127349854,-0.09982988238334656,-0.08202385902404785,-0.34860140085220337,-0.019855208694934845,-0.10369747877120972,-0.48046958446502686,-0.04391706734895706,-0.11214160919189453,-0.5607618093490601,-0.06504878401756287,-0.11281317472457886,-0.6341723203659058,-0.08237418532371521,-0.03143793344497681,-0.36191892623901367,-0.020058799535036087,-0.030713677406311035,-0.5186744332313538,-0.0411011166870594,-0.019340336322784424,-0.6064125895500183,-0.05697448179125786,-0.006916224956512451,-0.6822807788848877,-0.06929490715265274,0.010626137256622314,-0.3297063708305359,-0.026905164122581482,0.020178496837615967,-0.4313850402832031,-0.06105160713195801,0.004868507385253906,-0.33753710985183716,-0.06601973623037338,-0.005462944507598877,-0.26318758726119995,-0.06239503622055054,0.045577824115753174,-0.268349289894104,-0.03818485513329506,0.0472448468208313,-0.33705073595046997,-0.07342831790447235,0.028536558151245117,-0.2723654508590698,-0.07849442958831787,0.01675969362258911,-0.20965003967285156,-0.07614407688379288
0.0,0.0,0.0,-0.06021982431411743,-0.06880432367324829,-0.03945740684866905,-0.08569002151489258,-0.1541460156440735,-0.0605291947722435,-0.04735523462295532,-0.24214524030685425,-0.08136377483606339,0.0015398263931274414,-0.2944028377532959,-0.09892459958791733,-0.08178919553756714,-0.3520689010620117,-0.015775635838508606,-0.10278230905532837,-0.4840654134750366,-0.03874871879816055,-0.11140578985214233,-0.5639626979827881,-0.059990037232637405,-0.11242854595184326,-0.6367009878158569,-0.0775505006313324,-0.031993210315704346,-0.36516427993774414,-0.016464658081531525,-0.030709266662597656,-0.5216229557991028,-0.034850649535655975,-0.018738925457000732,-0.6100366115570068,-0.04962313547730446,-0.006049513816833496,-0.6877309083938599,-0.061778198927640915,0.009615004062652588,-0.3326721787452698,-0.02386077120900154,0.020215272903442383,-0.4351562261581421,-0.05429944768548012,0.0052950382232666016,-0.3428712487220764,-0.05797360837459564,-0.005308389663696289,-0.26958608627319336,-0.054416097700595856,0.043816983699798584,-0.271536648273468,-0.03579207882285118,0.04612177610397339,-0.34189939498901367,-0.06846041232347488,0.02738320827484131,-0.2782856822013855,-0.0728168711066246,0.015604496002197266,-0.2155817747116089,-0.07043122500181198
0.0,0.0,0.0,-0.0602911114692688,-0.06864798069000244,-0.0375107042491436,-0.08639007806777954,-0.15484046936035156,-0.05730333924293518,-0.04794764518737793,-0.24345242977142334,-0.07721735537052155,0.0006788969039916992,-0.29493528604507446,-0.0938355028629303,-0.08203285932540894,-0.352103590965271,-0.013777962885797024,-0.10352736711502075,-0.48476773500442505,-0.03689808398485184,-0.11210775375366211,-0.5643740892410278,-0.05822598561644554,-0.112701416015625,-0.6370730400085449,-0.07570772618055344,-0.03217267990112305,-0.36560630798339844,-0.015104681253433228,-0.030811429023742676,-0.5226510763168335,-0.034095678478479385,-0.019086003303527832,-0.6108006238937378,-0.04910751059651375,-0.0064591169357299805,-0.6876945495605469,-0.06108348071575165,0.009668946266174316,-0.33335041999816895,-0.02292029932141304,0.01981741189956665,-0.4375183582305908,-0.05330582708120346,0.0048049092292785645,-0.3444034457206726,-0.05575750768184662,-0.005685865879058838,-0.270672082901001,-0.05110654607415199,0.043850719928741455,-0.2708275318145752,-0.035150427371263504,0.04616808891296387,-0.34288573265075684,-0.06692663580179214,0.0272371768951416,-0.2787691354751587,-0.06968092918395996,0.015478432178497314,-0.2155492901802063,-0.06596601009368896
0.0,0.0,0.0,-0.06040656566619873,-0.06897014379501343,-0.03741246461868286,-0.08622395992279053,-0.15494084358215332,-0.05686516687273979,-0.0473017692565918,-0.24313336610794067,-0.07640805095434189,0.001275181770324707,-0.29492658376693726,-0.09256137907505035,-0.08176290988922119,-0.35357242822647095,-0.013034991919994354,-0.10305356979370117,-0.4870888292789459,-0.03491321951150894,-0.11162906885147095,-0.5667376518249512,-0.05550003796815872,-0.11316311359405518,-0.6390335559844971,-0.07255832850933075,-0.031844377517700195,-0.3665735721588135,-0.014228668063879013,-0.02983301877975464,-0.5237362384796143,-0.032078295946121216,-0.018416225910186768,-0.6122710704803467,-0.046989887952804565,-0.006526827812194824,-0.6891366243362427,-0.05911765992641449,0.009647011756896973,-0.3340468406677246,-0.021869171410799026,0.02012956142425537,-0.43626970052719116,-0.05139382928609848,0.005928099155426025,-0.3438020944595337,-0.05447205528616905,-0.004027247428894043,-0.26983946561813354,-0.05047982931137085,0.043783366680145264,-0.27196937799453735,-0.033898960798978806,0.046302616596221924,-0.3428288698196411,-0.0650264099240303,0.02758544683456421,-0.27981632947921753,-0.06809902936220169,0.015759825706481934,-0.21686720848083496,-0.06482567638158798
0.0,0.0,0.0,-0.06007140874862671,-0.06628930568695068,-0.0388055145740509,-0.08614915609359741,-0.1532881259918213,-0.05909226834774017,-0.0480116605758667,-0.23985135555267334,-0.0791378989815712,8.624792098999023e-05,-0.292214572429657,-0.09592020511627197,-0.0818067193031311,-0.35119980573654175,-0.015355660580098629,-0.1034088134765625,-0.4826699495315552,-0.03792867809534073,-0.11195433139801025,-0.5625042915344238,-0.05840621888637543,-0.11310708522796631,-0.6345111131668091,-0.07511454075574875,-0.032151997089385986,-0.3645983934402466,-0.016246452927589417,-0.03044837713241577,-0.5212454199790955,-0.034370195120573044,-0.018923580646514893,-0.6092617511749268,-0.048437487334012985,-0.006819725036621094,-0.6860634088516235,-0.05959990620613098,0.009463191032409668,-0.33254557847976685,-0.023761190474033356,0.019836485385894775,-0.43417859077453613,-0.054773181676864624,0.005875110626220703,-0.3427409529685974,-0.058599282056093216,-0.0042514801025390625,-0.2690505385398865,-0.05463261157274246,0.043798089027404785,-0.2711743712425232,-0.03564082831144333,0.046398043632507324,-0.34051674604415894,-0.06814809888601303,0.02755635976791382,-0.27767789363861084,-0.07186855375766754,0.015201807022094727,-0.21504968404769897,-0.06877735257148743
0.0,0.0,0.0,-0.06219518184661865,-0.07295966148376465,-0.03450552374124527,-0.08794039487838745,-0.15642768144607544,-0.05452718958258629,-0.049245476722717285,-0.24892526865005493,-0.07552267611026764,-0.00011676549911499023,-0.2976521849632263,-0.09283296018838882,-0.08285188674926758,-0.354328453540802,-0.011338713578879833,-0.10539889335632324,-0.49035727977752686,-0.03333504870533943,-0.11356174945831299,-0.5706130862236023,-0.05428677424788475,-0.11475545167922974,-0.6424121856689453,-0.07206829637289047,-0.03293001651763916,-0.36807119846343994,-0.013585309498012066,-0.031243860721588135,-0.5270493030548096,-0.03117704950273037,-0.019893109798431396,-0.6147772073745728,-0.045475974678993225,-0.008387744426727295,-0.6926522254943848,-0.057777710258960724,0.008243322372436523,-0.33584433794021606,-0.02187354303896427,0.016563057899475098,-0.4437083601951599,-0.046187449246644974,0.002653360366821289,-0.34822726249694824,-0.04341190308332443,-0.006878376007080078,-0.2753250002861023,-0.03710886836051941,0.04253870248794556,-0.27234935760498047,-0.03498081490397453,0.04475510120391846,-0.35007017850875854,-0.061326105147600174,0.026088833808898926,-0.28529977798461914,-0.060875628143548965,0.01457357406616211,-0.22210270166397095,-0.05603974312543869
0.0,0.0,0.0,-0.0612102746963501,-0.06877636909484863,-0.03678015619516373,-0.08710402250289917,-0.15435051918029785,-0.05597885325551033,-0.04816782474517822,-0.24293601512908936,-0.07526223361492157,-3.88026237487793e-05,-0.2928180694580078,-0.0915084257721901,-0.08265703916549683,-0.3509067893028259,-0.014736504293978214,-0.10490477085113525,-0.48295825719833374,-0.03830635920166969,-0.11348950862884521,-0.5627436637878418,-0.06034456938505173,-0.1142425537109375,-0.6358057856559753,-0.07854927331209183,-0.032124340534210205,-0.3649524450302124,-0.01623734086751938,-0.03150022029876709,-0.5216696858406067,-0.03599819540977478,-0.020244896411895752,-0.6087843179702759,-0.05199023336172104,-0.007756471633911133,-0.6862908005714417,-0.0648408904671669,0.009649813175201416,-0.3329129219055176,-0.02391928620636463,0.018757879734039307,-0.43644851446151733,-0.05450707674026489,0.004186153411865234,-0.3421928882598877,-0.05696723610162735,-0.00576937198638916,-0.268474280834198,-0.05241838097572327,0.04389321804046631,-0.26963841915130615,-0.035894010215997696,0.046356141567230225,-0.34282517433166504,-0.06753556430339813,0.027588486671447754,-0.2786966562271118,-0.07002486288547516,0.01584690809249878,-0.21558451652526855,-0.06625586748123169
0.0,0.0,0.0,-0.0612369179725647,-0.07081687450408936,-0.035573653876781464,-0.08752983808517456,-0.15876251459121704,-0.05423416197299957,-0.047047972679138184,-0.24689453840255737,-0.07326865941286087,0.0017438530921936035,-0.2958316206932068,-0.0890394002199173,-0.08240008354187012,-0.354015588760376,-0.011561757884919643,-0.1038009524345398,-0.4862824082374573,-0.033529240638017654,-0.1123514175415039,-0.566163957118988,-0.05402319133281708,-0.11351430416107178,-0.6375232934951782,-0.07088840007781982,-0.03222745656967163,-0.3674394488334656,-0.013522768393158913,-0.030256927013397217,-0.525916337966919,-0.03104332461953163,-0.01886594295501709,-0.6137016415596008,-0.044701650738716125,-0.005651891231536865,-0.6907250881195068,-0.055665578693151474,0.009541571140289307,-0.3347969651222229,-0.02182469330728054,0.019858598709106445,-0.43997400999069214,-0.05042628198862076,0.00450664758682251,-0.34731143712997437,-0.05091411992907524,-0.005522966384887695,-0.2742694020271301,-0.04504315182566643,0.04400700330734253,-0.2711406946182251,-0.034519895911216736,0.046399831771850586,-0.3459981679916382,-0.06483267992734909,0.027467429637908936,-0.28174591064453125,-0.06605279445648193,0.01631075143814087,-0.21849089860916138,-0.06128888949751854
0.0,0.0,0.0,-0.06184321641921997,-0.07148295640945435,-0.03567073494195938,-0.08745288848876953,-0.15686684846878052,-0.055332910269498825,-0.04804772138595581,-0.24492299556732178,-0.07551191747188568,0.0009889602661132812,-0.2940676808357239,-0.09208668023347855,-0.0822603702545166,-0.3542634844779968,-0.011564484797418118,-0.10396915674209595,-0.48933136463165283,-0.03306959569454193,-0.11214554309844971,-0.5689041018486023,-0.053229689598083496,-0.11351501941680908,-0.6400953531265259,-0.07012603431940079,-0.031979918479919434,-0.36800575256347656,-0.013358798809349537,-0.0299835205078125,-0.5256849527359009,-0.03119141235947609,-0.017933309078216553,-0.6155425310134888,-0.0458013117313385,-0.00550001859664917,-0.6944401264190674,-0.057697929441928864,0.009382486343383789,-0.3347935676574707,-0.02133476361632347,0.01833975315093994,-0.4393336772918701,-0.04840942844748497,0.00409388542175293,-0.3448604345321655,-0.04856531694531441,-0.005485832691192627,-0.2720305919647217,-0.04300253838300705,0.04379945993423462,-0.27148932218551636,-0.03382566571235657,0.04626542329788208,-0.3458244800567627,-0.06273607909679413,0.027775704860687256,-0.2823292016983032,-0.06409947574138641,0.01629173755645752,-0.22110581398010254,-0.05978517234325409
0.0,0.0,0.0,-0.060834288597106934,-0.06767112016677856,-0.037489425390958786,-0.0868149995803833,-0.1570698618888855,-0.05639633163809776,-0.04602217674255371,-0.2407645583152771,-0.07521741837263107,0.0020774006843566895,-0.2913907766342163,-0.09064536541700363,-0.07984662055969238,-0.3537325859069824,-0.012833699584007263,-0.10235154628753662,-0.48534095287323,-0.03460802137851715,-0.11125379800796509,-0.5650148391723633,-0.054296378046274185,-0.11265420913696289,-0.6366397142410278,-0.07034199684858322,-0.029876291751861572,-0.36693310737609863,-0.014502592384815216,-0.02720862627029419,-0.5239434242248535,-0.03298921138048172,-0.016241788864135742,-0.6126089096069336,-0.04734039306640625,-0.003682553768157959,-0.689166247844696,-0.05809570103883743,0.0115165114402771,-0.33342570066452026,-0.02260824665427208,0.020928502082824707,-0.4376136064529419,-0.05423767864704132,0.004668712615966797,-0.3448714017868042,-0.056648701429367065,-0.0052550435066223145,-0.27226078510284424,-0.051013268530368805,0.04577815532684326,-0.2689920663833618,-0.03495999798178673,0.047814905643463135,-0.34229081869125366,-0.06738840788602829,0.027738869190216064,-0.2773595452308655,-0.0692465677857399,0.015957236289978027,-0.21544969081878662,-0.06430579721927643
0.0,0.0,0.0,-0.061733245849609375,-0.0690951943397522,-0.03672873601317406,-0.08676081895828247,-0.15848207473754883,-0.054736118763685226,-0.045720696449279785,-0.24344569444656372,-0.07256638258695602,0.0019541382789611816,-0.29258906841278076,-0.08708324283361435,-0.08045333623886108,-0.3520960211753845,-0.013788784854114056,-0.103091299533844,-0.4842538833618164,-0.03627213090658188,-0.11280977725982666,-0.5640489459037781,-0.057332687079906464,-0.11438006162643433,-0.6381477117538452,-0.07458539307117462,-0.030675411224365234,-0.3663264513015747,-0.01519966684281826,-0.02874380350112915,-0.5233111381530762,-0.03393490985035896,-0.016836106777191162,-0.6121858358383179,-0.04960506036877632,-0.003936827182769775,-0.6886736750602722,-0.061983875930309296,0.010913610458374023,-0.33372020721435547,-0.022721771150827408,0.020637571811676025,-0.4376567006111145,-0.05323249474167824,0.005517363548278809,-0.34729498624801636,-0.05665018782019615,-0.004503369331359863,-0.275722861289978,-0.05260864272713661,0.04509252309799194,-0.2701264023780823,-0.034460775554180145,0.04784935712814331,-0.3432794213294983,-0.06594229489564896,0.0280645489692688,-0.2801371216773987,-0.06824912130832672,0.01611262559890747,-0.21838879585266113,-0.06424689292907715
0.0,0.0,0.0,-0.06182807683944702,-0.06781381368637085,-0.037056297063827515,-0.08773809671401978,-0.1579177975654602,-0.05576622113585472,-0.04645347595214844,-0.24276036024093628,-0.07443001121282578,0.0019167661666870117,-0.291911780834198,-0.0895143449306488,-0.08134227991104126,-0.3512526750564575,-0.014278385788202286,-0.1041187047958374,-0.4863954186439514,-0.03647996857762337,-0.1136212944984436,-0.5651683807373047,-0.05685024335980415,-0.11500489711761475,-0.6382958889007568,-0.07363789528608322,-0.031085550785064697,-0.3654392957687378,-0.01565191149711609,-0.02915048599243164,-0.5190882682800293,-0.035366300493478775,-0.01718592643737793,-0.6088411808013916,-0.05162303149700165,-0.003936171531677246,-0.6879045963287354,-0.06435192376375198,0.010357320308685303,-0.3332310914993286,-0.023070206865668297,0.019351065158843994,-0.43599933385849,-0.05367909371852875,0.004261672496795654,-0.34209924936294556,-0.055989909917116165,-0.00502699613571167,-0.26963722705841064,-0.051164474338293076,0.0441439151763916,-0.2704474925994873,-0.03484678640961647,0.04591703414916992,-0.3425869345664978,-0.06606579571962357,0.02690678834915161,-0.2781475782394409,-0.0679067000746727,0.01588684320449829,-0.21660935878753662,-0.06353036314249039
0.0,0.0,0.0,-0.06205374002456665,-0.06871652603149414,-0.03628679737448692,-0.08721596002578735,-0.15958166122436523,-0.054240819066762924,-0.04497992992401123,-0.24381637573242188,-0.07214768975973129,0.003164231777191162,-0.29340147972106934,-0.08657846599817276,-0.08085674047470093,-0.3528122901916504,-0.013192961923778057,-0.10362410545349121,-0.4865398705005646,-0.03514065966010094,-0.11314690113067627,-0.5654729604721069,-0.055438198149204254,-0.1146966814994812,-0.6382660865783691,-0.0720805749297142,-0.03052133321762085,-0.36744946241378784,-0.014761420898139477,-0.028297722339630127,-0.5207372307777405,-0.03372838348150253,-0.016459643840789795,-0.6110544204711914,-0.04933067411184311,-0.0033544301986694336,-0.6913609504699707,-0.06147037073969841,0.010844588279724121,-0.3352953791618347,-0.02239195629954338,0.020126402378082275,-0.4369519352912903,-0.05283774062991142,0.0052817463874816895,-0.3435443043708801,-0.05504569038748741,-0.003727734088897705,-0.2710583806037903,-0.04996158927679062,0.044667720794677734,-0.2721228003501892,-0.03429689630866051,0.046608686447143555,-0.3435867428779602,-0.0654064416885376,0.027566194534301758,-0.27985334396362305,-0.06695380061864853,0.0167730450630188,-0.21884149312973022,-0.06222333759069443
0.0,0.0,0.0,-0.062088608741760254,-0.07189464569091797,-0.03633011877536774,-0.08660125732421875,-0.1612604856491089,-0.05381954833865166,-0.04342818260192871,-0.24469947814941406,-0.07119207829236984,0.0044591426849365234,-0.29403847455978394,-0.0848730206489563,-0.07972210645675659,-0.3537655472755432,-0.011780787259340286,-0.10209071636199951,-0.487783282995224,-0.03287849947810173,-0.11170035600662231,-0.5664052963256836,-0.05363040044903755,-0.11322939395904541,-0.6400574445724487,-0.07117949426174164,-0.029429316520690918,-0.3681883215904236,-0.013132026419043541,-0.027827441692352295,-0.5213020443916321,-0.031217947602272034,-0.015194177627563477,-0.6115174889564514,-0.04759499058127403,-0.0011790990829467773,-0.6919764280319214,-0.061116449534893036,0.011756539344787598,-0.3364340662956238,-0.020642271265387535,0.021748065948486328,-0.43927133083343506,-0.0501256100833416,0.007374823093414307,-0.34622907638549805,-0.053051840513944626,-0.0016762018203735352,-0.27295225858688354,-0.04918224364519119,0.04594719409942627,-0.2736436724662781,-0.03256974369287491,0.04890233278274536,-0.3477262258529663,-0.06405818462371826,0.03017258644104004,-0.28433865308761597,-0.06680752336978912,0.019271433353424072,-0.2225048542022705,-0.06328941881656647
0.0,0.0,0.0,-0.06208503246307373,-0.07137328386306763,-0.0355413556098938,-0.08673971891403198,-0.16055256128311157,-0.05294255539774895,-0.04423820972442627,-0.24401170015335083,-0.07039882242679596,0.003696739673614502,-0.29288679361343384,-0.0840950533747673,-0.07929986715316772,-0.35512709617614746,-0.01108227763324976,-0.10211879014968872,-0.4892069101333618,-0.031933873891830444,-0.11205393075942993,-0.5679923295974731,-0.05248883739113808,-0.11361557245254517,-0.6411907076835632,-0.06978143751621246,-0.02932417392730713,-0.3694424033164978,-0.012753056362271309,-0.02749466896057129,-0.5227659940719604,-0.030698103830218315,-0.015055537223815918,-0.6137290596961975,-0.04704281687736511,-0.0007916688919067383,-0.6943740844726562,-0.06038418039679527,0.011730194091796875,-0.3370243310928345,-0.020461101084947586,0.021957457065582275,-0.4381868839263916,-0.04933265224099159,0.0070670247077941895,-0.3446810245513916,-0.05157046020030975,-0.0023256540298461914,-0.2713562846183777,-0.047122400254011154,0.04579424858093262,-0.2735913395881653,-0.032551299780607224,0.049185872077941895,-0.3490792512893677,-0.06290636956691742,0.02995932102203369,-0.2859691381454468,-0.06455531716346741,0.018620550632476807,-0.2241188883781433,-0.06021865829825401
0.0,0.0,0.0,-0.06227308511734009,-0.07162946462631226,-0.036174047738313675,-0.08731800317764282,-0.1610928177833557,-0.05373791232705116,-0.044740498065948486,-0.24371671676635742,-0.07121406495571136,0.003209352493286133,-0.29193389415740967,-0.08507242053747177,-0.07983130216598511,-0.3549261689186096,-0.012619992718100548,-0.10267966985702515,-0.48851510882377625,-0.033619653433561325,-0.11262184381484985,-0.5677058100700378,-0.054347336292266846,-0.11411112546920776,-0.6423112750053406,-0.0718102678656578,-0.029752731323242188,-0.3695959448814392,-0.014265027828514576,-0.02801203727722168,-0.5212424993515015,-0.03267231583595276,-0.015186011791229248,-0.6131926774978638,-0.04964559152722359,-0.0008678436279296875,-0.6943986415863037,-0.06354393810033798,0.01143503189086914,-0.33792150020599365,-0.021901480853557587,0.022724628448486328,-0.43503648042678833,-0.051545385271310806,0.00828641653060913,-0.34297436475753784,-0.05504465848207474,-0.0016668438911437988,-0.2706206440925598,-0.051519300788640976,0.04555016756057739,-0.275263249874115,-0.03390193730592728,0.049823641777038574,-0.3484809994697571,-0.0646667405962944,0.030704140663146973,-0.28542011976242065,-0.06682585179805756,0.018716633319854736,-0.22357475757598877,-0.06297110766172409
0.0,0.0,0.0,-0.06153595447540283,-0.06821858882904053,-0.03546237573027611,-0.08681696653366089,-0.15863460302352905,-0.053024772554636,-0.04464685916900635,-0.24239283800125122,-0.07056184113025665,0.0030367374420166016,-0.2910957932472229,-0.08443621546030045,-0.07973229885101318,-0.35330384969711304,-0.012568318285048008,-0.10228246450424194,-0.48598363995552063,-0.03421786054968834,-0.11201226711273193,-0.5643498301506042,-0.055202823132276535,-0.1135905385017395,-0.637830376625061,-0.0727548748254776,-0.029621422290802002,-0.3674497604370117,-0.01473131962120533,-0.027765274047851562,-0.5196632742881775,-0.03381681442260742,-0.014995217323303223,-0.6098295450210571,-0.05089569091796875,-0.0006420016288757324,-0.6902146339416504,-0.06475517153739929,0.011162757873535156,-0.33565425872802734,-0.022738488391041756,0.02259695529937744,-0.43589311838150024,-0.05293302610516548,0.007348179817199707,-0.34201574325561523,-0.05516019091010094,-0.0024023056030273438,-0.26898401975631714,-0.0507136732339859,0.04536151885986328,-0.27273714542388916,-0.035024311393499374,0.04895591735839844,-0.34375715255737305,-0.06633305549621582,0.029021501541137695,-0.2780327796936035,-0.06782649457454681,0.01695990562438965,-0.21633559465408325,-0.06337920576334
0.0,0.0,0.0,-0.06199115514755249,-0.07116568088531494,-0.03489408642053604,-0.08675509691238403,-0.15890753269195557,-0.05304068326950073,-0.045265376567840576,-0.2454434037208557,-0.07158534228801727,0.0027689337730407715,-0.2930440902709961,-0.08642281591892242,-0.08103454113006592,-0.353465735912323,-0.01163142267614603,-0.10448896884918213,-0.4888339638710022,-0.03263657167553902,-0.11385804414749146,-0.5673821568489075,-0.05301368609070778,-0.11524945497512817,-0.6401934027671814,-0.07034365832805634,-0.030771732330322266,-0.36797285079956055,-0.013512814417481422,-0.028876006603240967,-0.520331621170044,-0.031743694096803665,-0.016008734703063965,-0.6092654466629028,-0.04756426066160202,-0.0021271705627441406,-0.6894553303718567,-0.06074397638440132,0.010501444339752197,-0.3359692096710205,-0.0212874598801136,0.020639479160308838,-0.43831926584243774,-0.04855925217270851,0.00592571496963501,-0.34407830238342285,-0.048787154257297516,-0.004003584384918213,-0.2720266580581665,-0.04364076629281044,0.04429739713668823,-0.27278459072113037,-0.033582720905542374,0.047618746757507324,-0.34718072414398193,-0.06221741437911987,0.028744935989379883,-0.28302276134490967,-0.06294271349906921,0.01742708683013916,-0.2214929461479187,-0.058440130203962326
0.0,0.0,0.0,-0.0617138147354126,-0.07030224800109863,-0.03537754341959953,-0.08660030364990234,-0.1579572558403015,-0.05440888926386833,-0.04507637023925781,-0.24524617195129395,-0.07372937351465225,0.0038875937461853027,-0.2918660044670105,-0.0892142578959465,-0.08094274997711182,-0.35210418701171875,-0.013690200634300709,-0.10406804084777832,-0.48848050832748413,-0.035669032484292984,-0.11358135938644409,-0.5677128434181213,-0.056355513632297516,-0.11513358354568481,-0.6405249834060669,-0.07378537952899933,-0.030799686908721924,-0.3666228652000427,-0.015301975421607494,-0.028762221336364746,-0.5212570428848267,-0.034206535667181015,-0.01573270559310913,-0.6102508306503296,-0.049875300377607346,-0.0014277100563049316,-0.6911078691482544,-0.06295708566904068,0.010481417179107666,-0.33468562364578247,-0.022693999111652374,0.02121978998184204,-0.4385596513748169,-0.0493202805519104,0.006845355033874512,-0.3439657688140869,-0.04849539324641228,-0.0029211044311523438,-0.27233123779296875,-0.04290013015270233,0.04409521818161011,-0.2710656523704529,-0.034740276634693146,0.04822385311126709,-0.34643226861953735,-0.06240153685212135,0.02957552671432495,-0.2825878858566284,-0.062342602759599686,0.018157780170440674,-0.2213904857635498,-0.05747579038143158
0.0,0.0,0.0,-0.06108713150024414,-0.06846660375595093,-0.0356285534799099,-0.0857812762260437,-0.1584978699684143,-0.05378109589219093,-0.04364919662475586,-0.24103480577468872,-0.07195648550987244,0.0034843087196350098,-0.2914457321166992,-0.08657852560281754,-0.0802072286605835,-0.3523973226547241,-0.013580406084656715,-0.10331779718399048,-0.4859694242477417,-0.03501084819436073,-0.11305809020996094,-0.5650749206542969,-0.05513261631131172,-0.11481863260269165,-0.637926459312439,-0.07168059051036835,-0.030217647552490234,-0.3665110468864441,-0.01543158758431673,-0.027779042720794678,-0.5195825695991516,-0.03355289623141289,-0.014605581760406494,-0.6094697713851929,-0.04874847084283829,6.41942024230957e-05,-0.6893357038497925,-0.06097440421581268,0.010953426361083984,-0.33451515436172485,-0.023225296288728714,0.02126532793045044,-0.43293941020965576,-0.052341435104608536,0.007249176502227783,-0.3399267792701721,-0.05422800034284592,-0.002028167247772217,-0.2671962380409241,-0.049481507390737534,0.04511463642120361,-0.2722269892692566,-0.03532223030924797,0.04893118143081665,-0.344576358795166,-0.06524253636598587,0.02987205982208252,-0.28081804513931274,-0.0662202537059784,0.018098115921020508,-0.21956545114517212,-0.0614989697933197
0.0,0.0,0.0,-0.060884833335876465,-0.06957149505615234,-0.035197947174310684,-0.0850476622581482,-0.16040492057800293,-0.05303005129098892,-0.04235255718231201,-0.2425539493560791,-0.07103896886110306,0.0049034953117370605,-0.29317808151245117,-0.0854792520403862,-0.0796133279800415,-0.3540205955505371,-0.012207272462546825,-0.10260552167892456,-0.4875063896179199,-0.03321443498134613,-0.11224400997161865,-0.5669950842857361,-0.05296597257256508,-0.11396908760070801,-0.639326274394989,-0.06921911239624023,-0.029521822929382324,-0.3682377338409424,-0.014239070937037468,-0.027050673961639404,-0.5211600661277771,-0.03212553635239601,-0.014102339744567871,-0.6112586259841919,-0.047036394476890564,0.0007280111312866211,-0.6910170316696167,-0.05886796489357948,0.011748254299163818,-0.3360688090324402,-0.022258257493376732,0.02205812931060791,-0.4353531002998352,-0.05141210928559303,0.007720053195953369,-0.34167349338531494,-0.0530114509165287,-0.0013460516929626465,-0.26847851276397705,-0.0478498674929142,0.04600447416305542,-0.27333974838256836,-0.03453924134373665,0.04964447021484375,-0.3462231159210205,-0.06467541307210922,0.0306546688079834,-0.2821462154388428,-0.06555954366922379,0.0192568302154541,-0.22092795372009277,-0.06055254861712456
0.0,0.0,0.0,-0.061760127544403076,-0.07023489475250244,-0.03445517271757126,-0.08666437864303589,-0.157570481300354,-0.0532122366130352,-0.0448184609413147,-0.24339687824249268,-0.07256563007831573,0.003650188446044922,-0.2910032868385315,-0.08808198571205139,-0.07978767156600952,-0.3524245619773865,-0.012728479690849781,-0.10355079174041748,-0.48787936568260193,-0.034881576895713806,-0.1133044958114624,-0.5668429136276245,-0.055865343660116196,-0.11516404151916504,-0.6394633054733276,-0.07347618043422699,-0.02972090244293213,-0.3670080900192261,-0.014975444413721561,-0.027476012706756592,-0.5207302570343018,-0.034327395260334015,-0.01407855749130249,-0.6114151477813721,-0.050607964396476746,0.000724494457244873,-0.6925743818283081,-0.06414404511451721,0.011187076568603516,-0.3347458243370056,-0.022960972040891647,0.02161991596221924,-0.4372382164001465,-0.049463074654340744,0.007369518280029297,-0.34323179721832275,-0.048674557358026505,-0.002062678337097168,-0.2712644934654236,-0.043177053332328796,0.04448193311691284,-0.2710680365562439,-0.03557624667882919,0.04852539300918579,-0.34693318605422974,-0.06278937309980392,0.02949213981628418,-0.2839728593826294,-0.06251026690006256,0.017873644828796387,-0.22286564111709595,-0.057581957429647446
0.0,0.0,0.0,-0.062285423278808594,-0.06894707679748535,-0.036758553236722946,-0.08757758140563965,-0.1567719578742981,-0.05573341250419617,-0.04507488012313843,-0.24003058671951294,-0.07467769086360931,0.003059566020965576,-0.28901273012161255,-0.08988269418478012,-0.08059275150299072,-0.3524320125579834,-0.014876830391585827,-0.10427683591842651,-0.4874669313430786,-0.037137471139431,-0.11417663097381592,-0.5665186643600464,-0.05814797431230545,-0.11568892002105713,-0.6399438381195068,-0.0756390392780304,-0.0303228497505188,-0.36702263355255127,-0.016355130821466446,-0.027816474437713623,-0.5215633511543274,-0.035779960453510284,-0.014214038848876953,-0.6123234033584595,-0.052463192492723465,0.0012022852897644043,-0.6928848028182983,-0.06605296581983566,0.010941624641418457,-0.334669828414917,-0.023780982941389084,0.02141469717025757,-0.43485158681869507,-0.052788145840168,0.007556021213531494,-0.3397839665412903,-0.05451217293739319,-0.0012833476066589355,-0.266315221786499,-0.04996200278401375,0.0444377064704895,-0.2710828185081482,-0.03572084754705429,0.04836767911911011,-0.3459101915359497,-0.0654328316450119,0.029123365879058838,-0.2813154458999634,-0.06657157838344574,0.017409861087799072,-0.21890640258789062,-0.06219440698623657
0.0,0.0,0.0,-0.06136053800582886,-0.06815910339355469,-0.03901698440313339,-0.086212158203125,-0.15979540348052979,-0.05828524008393288,-0.0429496169090271,-0.2397623062133789,-0.07708388566970825,0.005933105945587158,-0.2884557843208313,-0.09228122979402542,-0.07956850528717041,-0.351922869682312,-0.016283998265862465,-0.10260236263275146,-0.48541197180747986,-0.03858185186982155,-0.11246609687805176,-0.5652695894241333,-0.059045396745204926,-0.1138339638710022,-0.6386621594429016,-0.07581544667482376,-0.02942216396331787,-0.36643052101135254,-0.017293628305196762,-0.02641439437866211,-0.5200726389884949,-0.03647603467106819,-0.013245165348052979,-0.6113970875740051,-0.05269699916243553,0.002298593521118164,-0.6920338869094849,-0.06550264358520508,0.012018084526062012,-0.3345167636871338,-0.024642925709486008,0.024292826652526855,-0.4333333969116211,-0.056861408054828644,0.010159134864807129,-0.34059345722198486,-0.061431560665369034,0.0009162425994873047,-0.26584696769714355,-0.057742856442928314,0.04591476917266846,-0.2722241282463074,-0.03639275208115578,0.05072462558746338,-0.34282535314559937,-0.06976265460252762,0.031669557094573975,-0.2798077464103699,-0.0732264444231987,0.01940762996673584,-0.21737349033355713,-0.06971968710422516
0.0,0.0,0.0,-0.06254887580871582,-0.07239323854446411,-0.036535147577524185,-0.0870395302772522,-0.1613979935646057,-0.054364241659641266,-0.04423564672470093,-0.24620091915130615,-0.07202804833650589,0.004432082176208496,-0.2932742238044739,-0.0858597531914711,-0.08009886741638184,-0.3549734354019165,-0.012473487295210361,-0.10355627536773682,-0.4901496469974518,-0.03387267515063286,-0.11399942636489868,-0.5688552260398865,-0.05498296022415161,-0.11592942476272583,-0.6426552534103394,-0.07272757589817047,-0.029949426651000977,-0.36994343996047974,-0.013249481096863747,-0.02762991189956665,-0.5239001512527466,-0.030824599787592888,-0.014362215995788574,-0.6140692830085754,-0.04662613570690155,-2.1696090698242188e-05,-0.6942914724349976,-0.0599118210375309,0.0115431547164917,-0.33779358863830566,-0.020178884267807007,0.022391438484191895,-0.43900179862976074,-0.048254527151584625,0.007743418216705322,-0.3443858027458191,-0.050345104187726974,-0.002232074737548828,-0.2703642249107361,-0.04623076319694519,0.045568883419036865,-0.27440840005874634,-0.031667809933423996,0.050454914569854736,-0.34861254692077637,-0.06182852014899254,0.031320035457611084,-0.28563374280929565,-0.06400107592344284,0.019470155239105225,-0.22407716512680054,-0.06028594449162483
0.0,0.0,0.0,-0.06307125091552734,-0.07214516401290894,-0.035585228353738785,-0.08747029304504395,-0.159132719039917,-0.054202426224946976,-0.045626938343048096,-0.24620336294174194,-0.07303284108638763,0.0030685067176818848,-0.29256516695022583,-0.08784320950508118,-0.08091878890991211,-0.354150652885437,-0.013642811216413975,-0.10460436344146729,-0.4899473786354065,-0.03616321086883545,-0.11469334363937378,-0.5684481263160706,-0.05818842723965645,-0.11634814739227295,-0.6420239806175232,-0.07679758220911026,-0.030924737453460693,-0.3689836263656616,-0.015188345685601234,-0.028848111629486084,-0.5224972367286682,-0.03490348905324936,-0.015038490295410156,-0.613912045955658,-0.052335403859615326,-0.0005424022674560547,-0.6951274275779724,-0.06704006344079971,0.010331690311431885,-0.3367013931274414,-0.022529728710651398,0.021419167518615723,-0.438517689704895,-0.049415141344070435,0.006775856018066406,-0.343974769115448,-0.04935169219970703,-0.0035477876663208008,-0.27198922634124756,-0.044491205364465714,0.04378730058670044,-0.27334505319595337,-0.034605562686920166,0.04896557331085205,-0.3489711284637451,-0.06261563301086426,0.029516875743865967,-0.2852277159690857,-0.06310387700796127,0.01738440990447998,-0.22398161888122559,-0.058745626360177994
0.0,0.0,0.0,-0.06111830472946167,-0.06893062591552734,-0.03906628489494324,-0.08594012260437012,-0.1602075695991516,-0.05774740129709244,-0.042492687702178955,-0.23983049392700195,-0.07560930401086807,0.005942881107330322,-0.28894156217575073,-0.08986306935548782,-0.07923322916030884,-0.3529396057128906,-0.01631610468029976,-0.10207462310791016,-0.4840310215950012,-0.03881372883915901,-0.11256128549575806,-0.5632617473602295,-0.05949728935956955,-0.11442828178405762,-0.6367977857589722,-0.07615870237350464,-0.02906620502471924,-0.36718982458114624,-0.016834497451782227,-0.025900185108184814,-0.517806887626648,-0.03650398924946785,-0.013270735740661621,-0.6088148355484009,-0.053080327808856964,0.0014249086380004883,-0.6884014010429382,-0.06577516347169876,0.012804210186004639,-0.33554333448410034,-0.023618705570697784,0.02455425262451172,-0.4312363862991333,-0.057141222059726715,0.010171651840209961,-0.3405126929283142,-0.06294179707765579,0.0004799962043762207,-0.26647287607192993,-0.059556927531957626,0.047608792781829834,-0.2737271189689636,-0.034597646445035934,0.05177086591720581,-0.3427063822746277,-0.06870727986097336,0.03263157606124878,-0.28048139810562134,-0.07239465415477753,0.01994544267654419,-0.21879428625106812,-0.06864436715841293
0.0,0.0,0.0,-0.062009453773498535,-0.07236015796661377,-0.03771054372191429,-0.08621257543563843,-0.16158908605575562,-0.05596033111214638,-0.04340815544128418,-0.2450249195098877,-0.07378820329904556,0.00527036190032959,-0.2925451993942261,-0.08781689405441284,-0.07976275682449341,-0.35651761293411255,-0.012696466408669949,-0.10331165790557861,-0.49012520909309387,-0.033809248358011246,-0.11373001337051392,-0.5688883066177368,-0.05450784042477608,-0.11558932065963745,-0.6419275999069214,-0.0717775747179985,-0.02947145700454712,-0.37080609798431396,-0.013154647313058376,-0.026769042015075684,-0.5242321491241455,-0.030350461602211,-0.013303101062774658,-0.614337146282196,-0.045776788145303726,0.001614987850189209,-0.6933660507202148,-0.05848602205514908,0.012227535247802734,-0.33826619386672974,-0.019970661029219627,0.023019731044769287,-0.4383907914161682,-0.04913758486509323,0.008416235446929932,-0.3450038433074951,-0.052383750677108765,-0.0014082789421081543,-0.2704163193702698,-0.04857197403907776,0.04679763317108154,-0.2752472162246704,-0.03129194304347038,0.05119609832763672,-0.3475226163864136,-0.062855064868927,0.03146892786026001,-0.2841750979423523,-0.06580778956413269,0.01878666877746582,-0.2221231460571289,-0.06224594637751579
0.0,0.0,0.0,-0.0612298846244812,-0.06974625587463379,-0.0387134812772274,-0.0857166051864624,-0.1593802571296692,-0.05717222020030022,-0.042572855949401855,-0.24038249254226685,-0.07494519650936127,0.005574464797973633,-0.28886133432388306,-0.08897151798009872,-0.07896900177001953,-0.3548005223274231,-0.014380334876477718,-0.10224217176437378,-0.4865987300872803,-0.03646871820092201,-0.11290109157562256,-0.5653355121612549,-0.05759231001138687,-0.11520123481750488,-0.6386218070983887,-0.07488099485635757,-0.028631210327148438,-0.36872225999832153,-0.01485802698880434,-0.025964736938476562,-0.521249532699585,-0.03365197032690048,-0.012876749038696289,-0.6120874881744385,-0.050365619361400604,0.001936495304107666,-0.6918144226074219,-0.06359464675188065,0.013003528118133545,-0.3366544842720032,-0.021660733968019485,0.02430903911590576,-0.43475890159606934,-0.05351848527789116,0.00971144437789917,-0.3415747284889221,-0.058315128087997437,-7.092952728271484e-05,-0.26668840646743774,-0.05482703074812889,0.04774653911590576,-0.27418166399002075,-0.03281055763363838,0.05195283889770508,-0.34451305866241455,-0.06616851687431335,0.03216421604156494,-0.2802322506904602,-0.06954405456781387,0.019102931022644043,-0.21788185834884644,-0.06584377586841583
0.0,0.0,0.0,-0.06182771921157837,-0.07204055786132812,-0.03774154558777809,-0.08643299341201782,-0.16058349609375,-0.056280408054590225,-0.04427051544189453,-0.24453431367874146,-0.07420390844345093,0.004634857177734375,-0.2904016375541687,-0.08829952031373978,-0.0792502760887146,-0.3559305667877197,-0.014917410910129547,-0.10315322875976562,-0.4887375235557556,-0.03740348294377327,-0.11392223834991455,-0.5669280886650085,-0.05945585295557976,-0.11584430932998657,-0.6414756178855896,-0.07795686274766922,-0.029076457023620605,-0.36975008249282837,-0.015664128586649895,-0.02713698148727417,-0.5240784883499146,-0.03508741408586502,-0.014025747776031494,-0.6137856245040894,-0.05275779962539673,0.00042003393173217773,-0.6937592029571533,-0.06739571690559387,0.012359917163848877,-0.3369712233543396,-0.022354083135724068,0.023557722568511963,-0.4392072558403015,-0.05280260369181633,0.008035719394683838,-0.345910906791687,-0.05613747611641884,-0.0027077198028564453,-0.2723337411880493,-0.0525994598865509,0.0466952919960022,-0.27311813831329346,-0.033474888652563095,0.05013680458068848,-0.34709757566452026,-0.06546170264482498,0.030379414558410645,-0.2831355333328247,-0.06803085654973984,0.01795351505279541,-0.22133874893188477,-0.06438145786523819
0.0,0.0,0.0,-0.06274944543838501,-0.07309412956237793,-0.03518453985452652,-0.0868188738822937,-0.16106176376342773,-0.05259839445352554,-0.044261932373046875,-0.24684709310531616,-0.0700857937335968,0.004607677459716797,-0.29256922006607056,-0.08365460485219955,-0.08024817705154419,-0.35643017292022705,-0.011545504443347454,-0.10433393716812134,-0.4920859932899475,-0.03336281701922417,-0.11492818593978882,-0.5705514550209045,-0.05529351904988289,-0.1169387698173523,-0.644715428352356,-0.07385749369859695,-0.029715538024902344,-0.3712998032569885,-0.012965280562639236,-0.027417898178100586,-0.5255130529403687,-0.031163709238171577,-0.014030396938323975,-0.6162961721420288,-0.048098742961883545,0.0001233220100402832,-0.6972700357437134,-0.06251566857099533,0.011750102043151855,-0.33897262811660767,-0.02027910016477108,0.022285878658294678,-0.44159674644470215,-0.047531019896268845,0.007557034492492676,-0.3462783694267273,-0.04857584834098816,-0.002367377281188965,-0.27277129888534546,-0.04422867298126221,0.04582744836807251,-0.27468985319137573,-0.03215824440121651,0.05015355348587036,-0.3495749235153198,-0.06139525771141052,0.030433714389801025,-0.2856487035751343,-0.06260441243648529,0.018098056316375732,-0.22407346963882446,-0.05844932049512863
0.0,0.0,0.0,-0.06313097476959229,-0.07230794429779053,-0.0341125912964344,-0.0869671106338501,-0.16170352697372437,-0.05117880180478096,-0.044193804264068604,-0.24594509601593018,-0.06843486428260803,0.003989219665527344,-0.2922002673149109,-0.08198697119951248,-0.07904541492462158,-0.3578624725341797,-0.012529472820460796,-0.1030612587928772,-0.49058565497398376,-0.03564906492829323,-0.11352890729904175,-0.5700455904006958,-0.05815698578953743,-0.11561417579650879,-0.6441819667816162,-0.07693678885698318,-0.028405487537384033,-0.37175190448760986,-0.014859708957374096,-0.025776326656341553,-0.5271162390708923,-0.0350455641746521,-0.01339423656463623,-0.6177250146865845,-0.05293397232890129,-3.0338764190673828e-05,-0.6973245143890381,-0.06751268357038498,0.01285940408706665,-0.33810675144195557,-0.022736750543117523,0.023765146732330322,-0.4410327076911926,-0.05112452059984207,0.007885932922363281,-0.34700512886047363,-0.05145055800676346,-0.002219676971435547,-0.275484561920166,-0.04618590325117111,0.046652793884277344,-0.27178460359573364,-0.034971706569194794,0.04981720447540283,-0.34738689661026,-0.0636066421866417,0.029286742210388184,-0.28296613693237305,-0.06330189108848572,0.017245233058929443,-0.22252893447875977,-0.058006640523672104
0.0,0.0,0.0,-0.06260812282562256,-0.072490394115448,-0.036635663360357285,-0.08709496259689331,-0.16100269556045532,-0.05432182550430298,-0.04438835382461548,-0.24504423141479492,-0.07150793820619583,0.004322230815887451,-0.29150837659835815,-0.08488789945840836,-0.07956039905548096,-0.3567320704460144,-0.013725852593779564,-0.10371381044387817,-0.49017035961151123,-0.03656639903783798,-0.11456739902496338,-0.5689768195152283,-0.059258002787828445,-0.11667007207870483,-0.6440469026565552,-0.07816124707460403,-0.02934587001800537,-0.3704215884208679,-0.014449572190642357,-0.027283430099487305,-0.5248253345489502,-0.03342203050851822,-0.01440882682800293,-0.6152454018592834,-0.0509808287024498,-0.0008183717727661133,-0.6959313154220581,-0.06562667340040207,0.012352526187896729,-0.33721035718917847,-0.02106338180601597,0.02267664670944214,-0.43984323740005493,-0.05027763172984123,0.0072373151779174805,-0.34482234716415405,-0.052940379828214645,-0.0031576156616210938,-0.2714284062385559,-0.049163490533828735,0.04652297496795654,-0.27315670251846313,-0.03210384398698807,0.04944765567779541,-0.3465873599052429,-0.06315138190984726,0.02926623821258545,-0.2817502021789551,-0.06527490168809891,0.017079293727874756,-0.22063755989074707,-0.06140512973070145
0.0,0.0,0.0,-0.06297075748443604,-0.07013237476348877,-0.035392336547374725,-0.08731204271316528,-0.15924787521362305,-0.053015656769275665,-0.045158982276916504,-0.24429816007614136,-0.07067735493183136,0.0033926963806152344,-0.29170626401901245,-0.08465761691331863,-0.0802375078201294,-0.35490554571151733,-0.012866126373410225,-0.10451960563659668,-0.4889562129974365,-0.035894300788640976,-0.11482596397399902,-0.5679937601089478,-0.058130718767642975,-0.11716777086257935,-0.6411814093589783,-0.07654829323291779,-0.02962857484817505,-0.3687213063240051,-0.014568221755325794,-0.02663367986679077,-0.5241368412971497,-0.0339539498090744,-0.014114916324615479,-0.6145759224891663,-0.051411159336566925,-0.0010603666305541992,-0.6937006711959839,-0.06567517668008804,0.011772751808166504,-0.3354657292366028,-0.02208482101559639,0.02227163314819336,-0.44187480211257935,-0.0508878119289875,0.006909489631652832,-0.34743523597717285,-0.05237250402569771,-0.0027663707733154297,-0.2745300531387329,-0.04777109995484352,0.04577451944351196,-0.2707522511482239,-0.03398965299129486,0.048060059547424316,-0.3445165753364563,-0.06443902105093002,0.028641879558563232,-0.2795898914337158,-0.06592697650194168,0.01762014627456665,-0.21836119890213013,-0.061553556472063065
0.0,0.0,0.0,-0.06263482570648193,-0.07011657953262329,-0.036065906286239624,-0.08687728643417358,-0.15961521863937378,-0.05398767068982124,-0.044734179973602295,-0.24522262811660767,-0.07187184691429138,0.0039920806884765625,-0.2928816080093384,-0.08612338453531265,-0.07946008443832397,-0.35542213916778564,-0.013186261989176273,-0.10373836755752563,-0.4884854853153229,-0.03614477440714836,-0.1139574646949768,-0.5680381059646606,-0.058148764073848724,-0.116222083568573,-0.641272783279419,-0.07636676728725433,-0.029163599014282227,-0.36868834495544434,-0.014768685214221478,-0.02597862482070923,-0.5251716375350952,-0.034095391631126404,-0.013272404670715332,-0.6153992414474487,-0.05128132551908493,0.0002758502960205078,-0.6939771175384521,-0.06518355011940002,0.012290656566619873,-0.3346187472343445,-0.02226528525352478,0.02302396297454834,-0.44208377599716187,-0.05157269909977913,0.00740814208984375,-0.34842348098754883,-0.05334964022040367,-0.002719402313232422,-0.275745689868927,-0.0486379936337471,0.046279072761535645,-0.2691303491592407,-0.03412916138768196,0.04883575439453125,-0.3453126549720764,-0.06476927548646927,0.029205799102783203,-0.28066354990005493,-0.06620433181524277,0.017698049545288086,-0.21887636184692383,-0.0616852305829525
0.0,0.0,0.0,-0.062345921993255615,-0.06862229108810425,-0.03713814914226532,-0.08691960573196411,-0.15808528661727905,-0.055738773196935654,-0.04538828134536743,-0.2425544261932373,-0.07410665601491928,0.0030942559242248535,-0.2905861735343933,-0.08885420113801956,-0.07972162961959839,-0.35481739044189453,-0.015451150946319103,-0.10381770133972168,-0.4873442053794861,-0.03946315869688988,-0.1141359806060791,-0.5671417713165283,-0.06184827536344528,-0.11625993251800537,-0.6405624151229858,-0.08008065819740295,-0.029261350631713867,-0.3681979775428772,-0.016825871542096138,-0.02596062421798706,-0.5239000916481018,-0.03734409809112549,-0.013142168521881104,-0.6146911382675171,-0.054740991443395615,0.00042426586151123047,-0.6931023597717285,-0.06850224733352661,0.012379825115203857,-0.3344588279724121,-0.024171164259314537,0.022851288318634033,-0.43787330389022827,-0.05467522516846657,0.007119119167327881,-0.3437536358833313,-0.05674766004085541,-0.003004610538482666,-0.27109241485595703,-0.05187596008181572,0.04628568887710571,-0.2693188786506653,-0.03591103106737137,0.04901909828186035,-0.3432919979095459,-0.06696675717830658,0.029178857803344727,-0.27819138765335083,-0.06832544505596161,0.01722007989883423,-0.21655958890914917,-0.06362232565879822
0.0,0.0,0.0,-0.06211954355239868,-0.06960833072662354,-0.03398832306265831,-0.08713048696517944,-0.15636014938354492,-0.05252480134367943,-0.04609048366546631,-0.24473541975021362,-0.07178246229887009,0.004111289978027344,-0.28907662630081177,-0.08720320463180542,-0.07868683338165283,-0.35460227727890015,-0.011488721705973148,-0.10399878025054932,-0.4875808358192444,-0.03471063822507858,-0.11373913288116455,-0.5672261714935303,-0.05701044946908951,-0.11570125818252563,-0.6397572755813599,-0.07564584910869598,-0.02870035171508789,-0.368002712726593,-0.013978674076497555,-0.025430917739868164,-0.524374783039093,-0.03355816379189491,-0.01246732473373413,-0.6145057678222656,-0.050197772681713104,0.0011837482452392578,-0.6929829120635986,-0.0638851672410965,0.012558221817016602,-0.33345019817352295,-0.022234143689274788,0.02247995138168335,-0.440299928188324,-0.048324789851903915,0.006247520446777344,-0.34517794847488403,-0.04649821296334267,-0.0040277838706970215,-0.2739821672439575,-0.04011021554470062,0.04584848880767822,-0.26686161756515503,-0.035078197717666626,0.049350619316101074,-0.34589827060699463,-0.06180441379547119,0.0291098952293396,-0.2817413806915283,-0.06061819940805435,0.01708322763442993,-0.22031021118164062,-0.05486881360411644
0.0,0.0,0.0,-0.061921656131744385,-0.07031655311584473,-0.034251563251018524,-0.08713382482528687,-0.15735751390457153,-0.05265252664685249,-0.046149373054504395,-0.24388402700424194,-0.07147619873285294,0.0028295516967773438,-0.2902926802635193,-0.08670037984848022,-0.07904869318008423,-0.3557930588722229,-0.01283259503543377,-0.10381489992141724,-0.4885006844997406,-0.03612469136714935,-0.1136770248413086,-0.5686801671981812,-0.058189067989587784,-0.11587578058242798,-0.6414138078689575,-0.0763283371925354,-0.028931796550750732,-0.36826586723327637,-0.015416297130286694,-0.02492988109588623,-0.5259242653846741,-0.03496305271983147,-0.012695908546447754,-0.6170471906661987,-0.05135846883058548,0.0003285408020019531,-0.6957534551620483,-0.06441331654787064,0.012588798999786377,-0.33341723680496216,-0.02369171380996704,0.02256488800048828,-0.4384115934371948,-0.05161002278327942,0.00578761100769043,-0.3444404602050781,-0.051027581095695496,-0.004639565944671631,-0.27215754985809326,-0.04474359750747681,0.046372294425964355,-0.26682865619659424,-0.03631559759378433,0.04940629005432129,-0.3440224528312683,-0.06485907733440399,0.028274357318878174,-0.27911144495010376,-0.06404871493577957,0.015878796577453613,-0.2168942093849182,-0.05799879878759384
0.0,0.0,0.0,-0.06186270713806152,-0.0691949725151062,-0.034298621118068695,-0.08755898475646973,-0.1553734540939331,-0.05304213985800743,-0.046767354011535645,-0.24276494979858398,-0.07240097224712372,0.0024562478065490723,-0.28883761167526245,-0.0879732295870781,-0.0798041820526123,-0.35382771492004395,-0.01292949728667736,-0.10502469539642334,-0.4865052103996277,-0.03656759485602379,-0.11440664529800415,-0.5660030841827393,-0.05865894630551338,-0.11662852764129639,-0.6380746364593506,-0.0768633484840393,-0.029634594917297363,-0.36679893732070923,-0.01550615206360817,-0.025776326656341553,-0.5239339470863342,-0.03629780933260918,-0.012800991535186768,-0.6160032749176025,-0.05326400324702263,0.0004895329475402832,-0.6950893998146057,-0.06661760061979294,0.011814236640930176,-0.3323327302932739,-0.0237575676292181,0.020411193370819092,-0.4369415044784546,-0.051310691982507706,0.004661917686462402,-0.3400852084159851,-0.04962871968746185,-0.004983782768249512,-0.2675989866256714,-0.04264206811785698,0.04551595449447632,-0.26611268520355225,-0.03650691360235214,0.04813110828399658,-0.3439573049545288,-0.0640476867556572,0.028063178062438965,-0.2784750461578369,-0.0625760555267334,0.01620018482208252,-0.2166604995727539,-0.05617539957165718
0.0,0.0,0.0,-0.06302177906036377,-0.07327401638031006,-0.029202766716480255,-0.08794140815734863,-0.15430080890655518,-0.047565486282110214,-0.04796445369720459,-0.24722343683242798,-0.0676548033952713,0.001239776611328125,-0.2914928197860718,-0.08330747485160828,-0.08184069395065308,-0.3548017144203186,-0.00917596835643053,-0.10646730661392212,-0.49213165044784546,-0.03355073556303978,-0.11490249633789062,-0.5706719160079956,-0.05737070366740227,-0.11730790138244629,-0.64219069480896,-0.07767978310585022,-0.031079530715942383,-0.3685072660446167,-0.013328654691576958,-0.028031587600708008,-0.525965690612793,-0.036494024097919464,-0.014593899250030518,-0.6179226636886597,-0.05629259720444679,-0.002390742301940918,-0.6993038654327393,-0.07267068326473236,0.00956505537033081,-0.3349592685699463,-0.022260330617427826,0.0179709792137146,-0.4421805143356323,-0.04510687291622162,0.00423508882522583,-0.3443394899368286,-0.03823310509324074,-0.004375278949737549,-0.27357369661331177,-0.029856763780117035,0.043269336223602295,-0.2682310938835144,-0.03593427315354347,0.046707093715667725,-0.3481839895248413,-0.05840563401579857,0.027188122272491455,-0.28346318006515503,-0.053732577711343765,0.015555202960968018,-0.22330105304718018,-0.046318814158439636
0.0,0.0,0.0,-0.061951518058776855,-0.07008683681488037,-0.03424437716603279,-0.08683550357818604,-0.15513402223587036,-0.05308979004621506,-0.04596090316772461,-0.24093931913375854,-0.07240855693817139,0.0033375024795532227,-0.2867535948753357,-0.08812529593706131,-0.08010077476501465,-0.3528755307197571,-0.013432936742901802,-0.10448384284973145,-0.48587578535079956,-0.03712856397032738,-0.11379808187484741,-0.5648674964904785,-0.05962853133678436,-0.11582159996032715,-0.6374454498291016,-0.07823978364467621,-0.029489636421203613,-0.366011381149292,-0.01600092649459839,-0.025471985340118408,-0.522572934627533,-0.037423599511384964,-0.011847138404846191,-0.6145445704460144,-0.05557357147336006,0.0013217926025390625,-0.6941151022911072,-0.06983273476362228,0.011754155158996582,-0.3319830894470215,-0.02406899631023407,0.020505309104919434,-0.4342133402824402,-0.05274227634072304,0.005223631858825684,-0.3392627239227295,-0.05267617478966713,-0.0050553083419799805,-0.26720374822616577,-0.04669570177793503,0.045857906341552734,-0.26603931188583374,-0.03644169121980667,0.0490497350692749,-0.34163445234298706,-0.06489978730678558,0.029044747352600098,-0.27643322944641113,-0.06419788300991058,0.0162656307220459,-0.2150828242301941,-0.05831523239612579
0.0,0.0,0.0,-0.06207472085952759,-0.06783831119537354,-0.03390287607908249,-0.08723276853561401,-0.15413010120391846,-0.053137678653001785,-0.04677534103393555,-0.24254876375198364,-0.07309349626302719,0.003185451030731201,-0.28702306747436523,-0.08909464627504349,-0.07976758480072021,-0.35088664293289185,-0.013809439726173878,-0.10460776090621948,-0.48688822984695435,-0.038274336606264114,-0.11392414569854736,-0.5663390755653381,-0.06080504134297371,-0.11604833602905273,-0.63804030418396,-0.07932611554861069,-0.029611825942993164,-0.36447155475616455,-0.016300711780786514,-0.0259627103805542,-0.5218273997306824,-0.038066208362579346,-0.012862920761108398,-0.6134291887283325,-0.055880580097436905,0.0005055069923400879,-0.6935175657272339,-0.0701172798871994,0.011740028858184814,-0.3306739926338196,-0.02424176223576069,0.021470069885253906,-0.43862611055374146,-0.05113469064235687,0.006093740463256836,-0.34275251626968384,-0.0487498939037323,-0.0034474730491638184,-0.2712911367416382,-0.041827861219644547,0.04512733221054077,-0.2648099660873413,-0.03676154091954231,0.04815018177032471,-0.3425368666648865,-0.06350191682577133,0.028319895267486572,-0.2782745361328125,-0.06187273561954498,0.016623318195343018,-0.2172245979309082,-0.05571135878562927
0.0,0.0,0.0,-0.062039315700531006,-0.06877100467681885,-0.03328327462077141,-0.08790862560272217,-0.15356111526489258,-0.052246153354644775,-0.047615230083465576,-0.24253112077713013,-0.07205456495285034,0.0014703869819641113,-0.2882692813873291,-0.08789762109518051,-0.08006840944290161,-0.3522927165031433,-0.012295928783714771,-0.10457998514175415,-0.48664748668670654,-0.036187779158353806,-0.11358124017715454,-0.5660845041275024,-0.05849974974989891,-0.11555838584899902,-0.6377558708190918,-0.07694067806005478,-0.030071139335632324,-0.36595940589904785,-0.015223026275634766,-0.02589958906173706,-0.5228469371795654,-0.037118397653102875,-0.012680351734161377,-0.6160950064659119,-0.05527621507644653,0.0007900595664978027,-0.6965572834014893,-0.06950205564498901,0.01105189323425293,-0.3320891261100769,-0.02354796789586544,0.020098626613616943,-0.4375855326652527,-0.05053284764289856,0.005051016807556152,-0.34197986125946045,-0.04801124334335327,-0.00421142578125,-0.2700108289718628,-0.040708448737859726,0.04480159282684326,-0.26631230115890503,-0.03639889135956764,0.04759007692337036,-0.34433668851852417,-0.06315793842077255,0.02775096893310547,-0.27905988693237305,-0.061119891703128815,0.0159490704536438,-0.21724921464920044,-0.05441094562411308
0.0,0.0,0.0,-0.06302547454833984,-0.07124608755111694,-0.03189802169799805,-0.08794009685516357,-0.15482991933822632,-0.050887979567050934,-0.046808838844299316,-0.2448441982269287,-0.07105792313814163,0.0025298595428466797,-0.2891467809677124,-0.08721896260976791,-0.08018326759338379,-0.3522452116012573,-0.011824851855635643,-0.10505008697509766,-0.4880676865577698,-0.03601634129881859,-0.11415719985961914,-0.5674591064453125,-0.05872219800949097,-0.11626458168029785,-0.6389583349227905,-0.07763392478227615,-0.030002951622009277,-0.36632198095321655,-0.015164712443947792,-0.026634514331817627,-0.5238043665885925,-0.03720095008611679,-0.013200521469116211,-0.6164888143539429,-0.05508185550570488,0.0002682209014892578,-0.6975834369659424,-0.06951270997524261,0.0111350417137146,-0.33258962631225586,-0.023766187950968742,0.01979750394821167,-0.4386770725250244,-0.048898253589868546,0.005045771598815918,-0.3432326912879944,-0.04459776356816292,-0.004065871238708496,-0.2723187804222107,-0.03691483289003372,0.044269680976867676,-0.26647108793258667,-0.03702500835061073,0.0468938946723938,-0.3457568287849426,-0.06199606880545616,0.026640653610229492,-0.2809337377548218,-0.05903018265962601,0.015049874782562256,-0.21954286098480225,-0.05225531756877899
0.0,0.0,0.0,-0.062763512134552,-0.07083141803741455,-0.031923629343509674,-0.08761465549468994,-0.1550418734550476,-0.05093078315258026,-0.04659050703048706,-0.24550652503967285,-0.07111181318759918,0.002883434295654297,-0.2897902727127075,-0.08735150843858719,-0.08017903566360474,-0.3517754077911377,-0.012266352772712708,-0.10521155595779419,-0.4883265495300293,-0.036772359162569046,-0.11433374881744385,-0.568185567855835,-0.05970507487654686,-0.1163254976272583,-0.6398693919181824,-0.07878883183002472,-0.030037403106689453,-0.36596423387527466,-0.015503684990108013,-0.026437819004058838,-0.5242557525634766,-0.037268009036779404,-0.013341367244720459,-0.615990161895752,-0.054779209196567535,0.00010466575622558594,-0.6974778175354004,-0.06908515840768814,0.011080145835876465,-0.3325517177581787,-0.024006975814700127,0.020276308059692383,-0.4414699077606201,-0.04879853129386902,0.004965305328369141,-0.3458496332168579,-0.0438971146941185,-0.004394650459289551,-0.27488595247268677,-0.03597646951675415,0.04420149326324463,-0.26606178283691406,-0.0372280590236187,0.04662489891052246,-0.3460562825202942,-0.062177203595638275,0.026551485061645508,-0.28107208013534546,-0.05905452370643616,0.015302658081054688,-0.21952873468399048,-0.052223414182662964
0.0,0.0,0.0,-0.06227123737335205,-0.07165014743804932,-0.031911104917526245,-0.08666837215423584,-0.15715688467025757,-0.05000083148479462,-0.045488834381103516,-0.24729257822036743,-0.06917179375886917,0.004479765892028809,-0.2902868390083313,-0.08430710434913635,-0.0786241888999939,-0.3538495898246765,-0.009909333661198616,-0.10405653715133667,-0.48908525705337524,-0.03336215019226074,-0.11372041702270508,-0.568433403968811,-0.05632197856903076,-0.11584645509719849,-0.6408506631851196,-0.07566604018211365,-0.028824806213378906,-0.3675718903541565,-0.012905087321996689,-0.025503158569335938,-0.5243470668792725,-0.033393993973731995,-0.012162327766418457,-0.6160330772399902,-0.051428407430648804,0.0014346837997436523,-0.6968481540679932,-0.06642430275678635,0.012202441692352295,-0.3334938883781433,-0.02126118168234825,0.02152550220489502,-0.4431917071342468,-0.04589173570275307,0.006020069122314453,-0.349544882774353,-0.04270589351654053,-0.003790616989135742,-0.2788785696029663,-0.035995956510305405,0.045559585094451904,-0.26695823669433594,-0.0342424176633358,0.04807764291763306,-0.34831374883651733,-0.05941212177276611,0.028109431266784668,-0.2846638560295105,-0.05719226971268654,0.016708076000213623,-0.2232075333595276,-0.05102463439106941
0.0,0.0,0.0,-0.06217676401138306,-0.07122695446014404,-0.032552797347307205,-0.08704632520675659,-0.15643954277038574,-0.05132016912102699,-0.04659038782119751,-0.24676460027694702,-0.07119683921337128,0.0036705732345581055,-0.29072844982147217,-0.08698948472738266,-0.07937353849411011,-0.3541080355644226,-0.00986381433904171,-0.10467606782913208,-0.49011775851249695,-0.03300444409251213,-0.11429756879806519,-0.5694329738616943,-0.05536147207021713,-0.11627715826034546,-0.6411647796630859,-0.07409675419330597,-0.029564201831817627,-0.3681020140647888,-0.012849396094679832,-0.025903642177581787,-0.5252342224121094,-0.03245685622096062,-0.01260364055633545,-0.6176744699478149,-0.049442145973443985,0.0011631250381469727,-0.6988182663917542,-0.06359442323446274,0.011576712131500244,-0.3342827558517456,-0.021444885060191154,0.021215498447418213,-0.44323867559432983,-0.04591827467083931,0.005912721157073975,-0.34896814823150635,-0.04264848679304123,-0.0036582350730895996,-0.2772340774536133,-0.03576211631298065,0.04507887363433838,-0.26853954792022705,-0.03476252034306526,0.047518372535705566,-0.3483637571334839,-0.060344986617565155,0.027599036693572998,-0.28431713581085205,-0.058524299412965775,0.016178667545318604,-0.22249650955200195,-0.052497245371341705
0.0,0.0,0.0,-0.06207442283630371,-0.0694161057472229,-0.03431479632854462,-0.08692818880081177,-0.15706181526184082,-0.05255312845110893,-0.045308828353881836,-0.24337106943130493,-0.07137540727853775,0.0039307475090026855,-0.28915828466415405,-0.08639461547136307,-0.0781659483909607,-0.35352838039398193,-0.011578107252717018,-0.10316312313079834,-0.4864388108253479,-0.034284934401512146,-0.1130477786064148,-0.566067636013031,-0.05574195459485054,-0.11517935991287231,-0.6381779313087463,-0.07363874465227127,-0.028199493885040283,-0.36705464124679565,-0.014183404855430126,-0.02449667453765869,-0.523172914981842,-0.034055378288030624,-0.011483192443847656,-0.6147674322128296,-0.050858695060014725,0.0024842023849487305,-0.6938483715057373,-0.06431200355291367,0.012913405895233154,-0.3326588273048401,-0.022580351680517197,0.02311164140701294,-0.44035547971725464,-0.050373997539281845,0.007212996482849121,-0.34649181365966797,-0.049744464457035065,-0.002845942974090576,-0.27439945936203003,-0.043550290167331696,0.046564459800720215,-0.26639455556869507,-0.03542806953191757,0.04903531074523926,-0.3446091413497925,-0.06386415660381317,0.02928316593170166,-0.2803015112876892,-0.0635080486536026,0.01775383949279785,-0.2185857892036438,-0.05794011801481247
0.0,0.0,0.0,-0.06186401844024658,-0.06862449645996094,-0.034519992768764496,-0.08683979511260986,-0.1560802459716797,-0.05328495800495148,-0.04573714733123779,-0.24171125888824463,-0.0726139098405838,0.0036812424659729004,-0.2866111397743225,-0.08824580162763596,-0.07827216386795044,-0.35238534212112427,-0.01257727574557066,-0.10267609357833862,-0.4850144684314728,-0.035915859043598175,-0.11234027147293091,-0.5641772150993347,-0.05772564932703972,-0.11435151100158691,-0.6357995271682739,-0.07578802108764648,-0.02825331687927246,-0.3653823733329773,-0.015224031172692776,-0.02454841136932373,-0.5213645696640015,-0.03542278707027435,-0.011715829372406006,-0.6120217442512512,-0.052262306213378906,0.0021382570266723633,-0.6911752223968506,-0.06574554741382599,0.012782156467437744,-0.3309275507926941,-0.02364838868379593,0.022968828678131104,-0.4388245940208435,-0.05195802450180054,0.0064928531646728516,-0.3445848822593689,-0.051250748336315155,-0.0038743019104003906,-0.2723170518875122,-0.04495301842689514,0.04637068510055542,-0.26471513509750366,-0.03650336712598801,0.048261165618896484,-0.34123051166534424,-0.06549503654241562,0.02812778949737549,-0.2766162157058716,-0.06527860462665558,0.01639789342880249,-0.2152387499809265,-0.05974211171269417
0.0,0.0,0.0,-0.062277913093566895,-0.071144700050354,-0.03048454038798809,-0.08720141649246216,-0.15701663494110107,-0.04768456518650055,-0.04564714431762695,-0.24446165561676025,-0.06587663292884827,0.002650141716003418,-0.28871792554855347,-0.0801815316081047,-0.07919931411743164,-0.35404056310653687,-0.011135700158774853,-0.10403907299041748,-0.48932647705078125,-0.03495676815509796,-0.11337053775787354,-0.5685387849807739,-0.05783279985189438,-0.1153879165649414,-0.6408271789550781,-0.07685714215040207,-0.02878016233444214,-0.3674052357673645,-0.014693557284772396,-0.024943828582763672,-0.5241326093673706,-0.03630569577217102,-0.011508643627166748,-0.6163747906684875,-0.0544700026512146,0.002100348472595215,-0.6967372894287109,-0.06893997639417648,0.012195408344268799,-0.33348387479782104,-0.0232545156031847,0.021411240100860596,-0.43819326162338257,-0.049317002296447754,0.005650043487548828,-0.3441096544265747,-0.04609798267483711,-0.0041716694831848145,-0.2726117968559265,-0.03865819424390793,0.04579901695251465,-0.2664386034011841,-0.03611816465854645,0.04888099431991577,-0.34429067373275757,-0.06209117919206619,0.02811264991760254,-0.28035008907318115,-0.05928747355937958,0.015942692756652832,-0.21949398517608643,-0.05217018723487854
0.0,0.0,0.0,-0.0626172423362732,-0.07101231813430786,-0.03415215387940407,-0.08725160360336304,-0.15732526779174805,-0.05335683375597,-0.04645192623138428,-0.24480968713760376,-0.07327340543270111,0.002581655979156494,-0.2907402515411377,-0.08925051242113113,-0.0793905258178711,-0.3546205163002014,-0.012395801953971386,-0.10377681255340576,-0.48996299505233765,-0.03586675226688385,-0.11371272802352905,-0.5693223476409912,-0.0580509752035141,-0.1157568097114563,-0.6409282088279724,-0.07641634345054626,-0.029185771942138672,-0.3684738278388977,-0.014989640563726425,-0.025537967681884766,-0.523707389831543,-0.03516315668821335,-0.0125657320022583,-0.6155509948730469,-0.052252497524023056,0.0013452768325805664,-0.6967208385467529,-0.0662156343460083,0.011794328689575195,-0.33535605669021606,-0.02329801395535469,0.02199620008468628,-0.4402238130569458,-0.049998339265584946,0.005643606185913086,-0.34542548656463623,-0.0481100007891655,-0.004635810852050781,-0.27295923233032227,-0.04163577780127525,0.04549813270568848,-0.270918071269989,-0.03627335652709007,0.04771620035171509,-0.34586429595947266,-0.06399404257535934,0.02765822410583496,-0.2813553214073181,-0.06326442956924438,0.016101598739624023,-0.22022807598114014,-0.05763690918684006
0.0,0.0,0.0,-0.06229078769683838,-0.06853234767913818,-0.03390908241271973,-0.08731532096862793,-0.15801596641540527,-0.05176601558923721,-0.0455285906791687,-0.24245113134384155,-0.07013110816478729,0.002714991569519043,-0.28942304849624634,-0.08494936674833298,-0.07793760299682617,-0.3545142412185669,-0.012129015289247036,-0.10248315334320068,-0.485720157623291,-0.03504783660173416,-0.11250430345535278,-0.5655699372291565,-0.05644717812538147,-0.11470437049865723,-0.6374043822288513,-0.07406099885702133,-0.027598798274993896,-0.3674660921096802,-0.015146118588745594,-0.023874640464782715,-0.523399293422699,-0.034589190036058426,-0.011673569679260254,-0.6132867336273193,-0.05061155930161476,0.0022655129432678223,-0.6912441253662109,-0.06328835338354111,0.013418912887573242,-0.3331981897354126,-0.023937085643410683,0.023480594158172607,-0.4385157823562622,-0.05277799069881439,0.006210982799530029,-0.34535956382751465,-0.05243263766169548,-0.0039969682693481445,-0.2730480432510376,-0.046086594462394714,0.04705888032913208,-0.2666626572608948,-0.03700064867734909,0.04847437143325806,-0.34181296825408936,-0.06651631742715836,0.02739870548248291,-0.2768348455429077,-0.06617701053619385,0.015622854232788086,-0.21499180793762207,-0.06034533306956291
0.0,0.0,0.0,-0.06208747625350952,-0.06766748428344727,-0.03602564334869385,-0.08767968416213989,-0.15635740756988525,-0.0550534762442112,-0.046041011810302734,-0.23999327421188354,-0.07415129244327545,0.003044605255126953,-0.28689420223236084,-0.08963119238615036,-0.07863223552703857,-0.35225367546081543,-0.01487788651138544,-0.103035569190979,-0.48629099130630493,-0.03821074962615967,-0.11323833465576172,-0.565200686454773,-0.05969060957431793,-0.11540353298187256,-0.637471079826355,-0.07724207639694214,-0.028312981128692627,-0.3655734658241272,-0.016786586493253708,-0.02441340684890747,-0.5202577114105225,-0.03681734576821327,-0.011455655097961426,-0.6104979515075684,-0.053358957171440125,0.002462029457092285,-0.6893588304519653,-0.06644992530345917,0.012745141983032227,-0.3319215178489685,-0.024576958268880844,0.022650301456451416,-0.4346320629119873,-0.054296109825372696,0.00633925199508667,-0.3405751585960388,-0.055569399148225784,-0.0037431716918945312,-0.26770931482315063,-0.05026068165898323,0.046061575412750244,-0.2669827938079834,-0.03674325719475746,0.047889769077301025,-0.3391690254211426,-0.06720216572284698,0.027905941009521484,-0.2745957374572754,-0.06830966472625732,0.016435682773590088,-0.21311432123184204,-0.06348603963851929
0.0,0.0,0.0,-0.06299501657485962,-0.07240885496139526,-0.03355644643306732,-0.08784908056259155,-0.1598561406135559,-0.05089142918586731,-0.04551434516906738,-0.2448737621307373,-0.06849639117717743,0.0033006668090820312,-0.2898073196411133,-0.08224829286336899,-0.07798260450363159,-0.3562278151512146,-0.011652403511106968,-0.10269445180892944,-0.49058133363723755,-0.03413313254714012,-0.11311066150665283,-0.5702403783798218,-0.056507714092731476,-0.11491942405700684,-0.643890380859375,-0.07537934184074402,-0.02773517370223999,-0.3694290518760681,-0.01403755322098732,-0.0245286226272583,-0.5239627957344055,-0.0332176499068737,-0.01097726821899414,-0.6144523024559021,-0.050889212638139725,0.003618776798248291,-0.6937872171401978,-0.06571114808320999,0.012811243534088135,-0.3357062339782715,-0.021953491494059563,0.023887932300567627,-0.4399855136871338,-0.04895825684070587,0.007878720760345459,-0.3465193510055542,-0.04870104789733887,-0.002185523509979248,-0.27432382106781006,-0.04353219270706177,0.04643791913986206,-0.2699466347694397,-0.03430645912885666,0.049267709255218506,-0.34658282995224,-0.06255363672971725,0.028705060482025146,-0.28188180923461914,-0.0623583160340786,0.016982197761535645,-0.22067540884017944,-0.057268835604190826
0.0,0.0,0.0,-0.062168896198272705,-0.06943917274475098,-0.03756437078118324,-0.08694559335708618,-0.15850484371185303,-0.05655312165617943,-0.043271541595458984,-0.23963946104049683,-0.07519659399986267,0.005106687545776367,-0.28790658712387085,-0.09008549898862839,-0.07876497507095337,-0.3531806468963623,-0.015851862728595734,-0.10213106870651245,-0.48832017183303833,-0.038418155163526535,-0.11245918273925781,-0.5675318241119385,-0.05951268598437309,-0.11448413133621216,-0.6404141187667847,-0.07696607708930969,-0.028172552585601807,-0.3669252395629883,-0.0171918086707592,-0.025063693523406982,-0.5193325281143188,-0.03759825602173805,-0.012024343013763428,-0.6110594868659973,-0.05504782125353813,0.0029124021530151367,-0.6915601491928101,-0.06889978796243668,0.012530028820037842,-0.3347247242927551,-0.02449622005224228,0.02396184206008911,-0.43417441844940186,-0.05530441552400589,0.007986068725585938,-0.34136682748794556,-0.057664982974529266,-0.0021563172340393066,-0.2684999108314514,-0.05307849869132042,0.04640543460845947,-0.2716846466064453,-0.03628765419125557,0.050418198108673096,-0.34384840726852417,-0.06801281124353409,0.030512869358062744,-0.2793618440628052,-0.06986311078071594,0.018180012702941895,-0.21766847372055054,-0.06549888104200363
0.0,0.0,0.0,-0.06297916173934937,-0.07272547483444214,-0.03555386886000633,-0.08727961778640747,-0.1594035029411316,-0.05376419052481651,-0.045046329498291016,-0.24488550424575806,-0.07200454920530319,0.0035486817359924316,-0.29102689027786255,-0.08618980646133423,-0.07924938201904297,-0.3553391695022583,-0.013005855493247509,-0.10371172428131104,-0.4925888180732727,-0.03534261882305145,-0.11426359415054321,-0.5721939206123352,-0.05730214715003967,-0.11590468883514404,-0.6458038091659546,-0.07578179240226746,-0.02910846471786499,-0.3691789507865906,-0.014345500618219376,-0.02628958225250244,-0.5233551859855652,-0.0335405096411705,-0.012166857719421387,-0.6149322390556335,-0.05086740851402283,0.0027385950088500977,-0.6955274343490601,-0.06542333960533142,0.011671841144561768,-0.3363540768623352,-0.021507974714040756,0.02279108762741089,-0.4383164048194885,-0.04840301722288132,0.007371962070465088,-0.34406834840774536,-0.04848194867372513,-0.003083348274230957,-0.2719387412071228,-0.04354625940322876,0.04513055086135864,-0.27217018604278564,-0.03334474191069603,0.04942995309829712,-0.34741437435150146,-0.061451252549886703,0.029464662075042725,-0.28334569931030273,-0.061817411333322525,0.01726001501083374,-0.22268766164779663,-0.05724163353443146
0.0,0.0,0.0,-0.06265759468078613,-0.0698898434638977,-0.036723487079143524,-0.08781284093856812,-0.1571352481842041,-0.056026965379714966,-0.045383334159851074,-0.24093419313430786,-0.07542426884174347,0.0032233595848083496,-0.289373517036438,-0.09102737903594971,-0.0791778564453125,-0.35366374254226685,-0.01442217268049717,-0.103382408618927,-0.48963236808776855,-0.03684807941317558,-0.11336296796798706,-0.569387674331665,-0.05808977037668228,-0.11509770154953003,-0.642717719078064,-0.07581830769777298,-0.028850257396697998,-0.36768460273742676,-0.01624510996043682,-0.02612537145614624,-0.5228111743927002,-0.03580016642808914,-0.012426912784576416,-0.6145996451377869,-0.052515435963869095,0.0031136274337768555,-0.6956857442855835,-0.06612977385520935,0.011853456497192383,-0.33500802516937256,-0.024129290133714676,0.022271811962127686,-0.43691325187683105,-0.05299610644578934,0.007027626037597656,-0.3414747714996338,-0.0539906769990921,-0.0024660825729370117,-0.26725339889526367,-0.04893247410655022,0.045308470726013184,-0.27114683389663696,-0.036638643592596054,0.04907768964767456,-0.346843957901001,-0.06636125594377518,0.028879404067993164,-0.28273165225982666,-0.06735105812549591,0.01665043830871582,-0.22040009498596191,-0.06282275915145874
0.0,0.0,0.0,-0.06107163429260254,-0.06717532873153687,-0.03522863984107971,-0.08688724040985107,-0.15805482864379883,-0.05289985239505768,-0.04438447952270508,-0.2382899522781372,-0.070671945810318,0.0024188756942749023,-0.2886046767234802,-0.08495687693357468,-0.07918310165405273,-0.3529033660888672,-0.013723650947213173,-0.10241061449050903,-0.4865843653678894,-0.03631063923239708,-0.11219316720962524,-0.5663542747497559,-0.05698700621724129,-0.11426299810409546,-0.6396747827529907,-0.07363481819629669,-0.02874380350112915,-0.36648327112197876,-0.01622394286096096,-0.025028765201568604,-0.5198381543159485,-0.03658536076545715,-0.012354075908660889,-0.6113092303276062,-0.053199782967567444,0.001953423023223877,-0.6911925673484802,-0.06575054675340652,0.012354850769042969,-0.33390676975250244,-0.024561036378145218,0.022909998893737793,-0.4323047399520874,-0.05646206811070442,0.007444858551025391,-0.3376949429512024,-0.05873538553714752,-0.0016527771949768066,-0.2638217806816101,-0.05320568010210991,0.04651302099227905,-0.2703019380569458,-0.03698141127824783,0.04933720827102661,-0.3421196937561035,-0.06818567961454391,0.029639124870300293,-0.27683866024017334,-0.06862518936395645,0.018486201763153076,-0.2151157259941101,-0.06294798851013184
0.0,0.0,0.0,-0.06026864051818848,-0.06562423706054688,-0.03901194781064987,-0.08537483215332031,-0.1567007303237915,-0.05851764604449272,-0.04202491044998169,-0.23438161611557007,-0.07757504284381866,0.0063939690589904785,-0.2847287654876709,-0.0931394100189209,-0.07780486345291138,-0.34976935386657715,-0.01645011454820633,-0.10092049837112427,-0.4814906716346741,-0.03895306959748268,-0.11097663640975952,-0.5599639415740967,-0.05943405255675316,-0.11300569772720337,-0.6327419281005859,-0.07604008913040161,-0.027611494064331055,-0.3631724715232849,-0.017867647111415863,-0.024032652378082275,-0.5152094960212708,-0.037740759551525116,-0.010885000228881836,-0.6066517233848572,-0.05473925173282623,0.005176544189453125,-0.688163697719574,-0.06789101660251617,0.013243257999420166,-0.33014237880706787,-0.025579459965229034,0.02529066801071167,-0.4286123514175415,-0.05951875448226929,0.009840965270996094,-0.3359355926513672,-0.06534197926521301,0.00028902292251586914,-0.2602872848510742,-0.06198873743414879,0.046991169452667236,-0.2673797011375427,-0.03748270124197006,0.05157583951950073,-0.33742624521255493,-0.07200079411268234,0.03212606906890869,-0.2753151059150696,-0.0759606808423996,0.019611775875091553,-0.21348035335540771,-0.07258594036102295
0.0,0.0,0.0,-0.059713661670684814,-0.0668901801109314,-0.03748597949743271,-0.08565443754196167,-0.15721237659454346,-0.05720534548163414,-0.043980538845062256,-0.23749780654907227,-0.076913021504879,0.003966927528381348,-0.2868238687515259,-0.09306591004133224,-0.07870787382125854,-0.35098499059677124,-0.017256485298275948,-0.10271543264389038,-0.48552608489990234,-0.040518876165151596,-0.11179518699645996,-0.5637757778167725,-0.060786474496126175,-0.11393535137176514,-0.6360937356948853,-0.07709676772356033,-0.02789628505706787,-0.3645206093788147,-0.018847143277525902,-0.022288918495178223,-0.5159323215484619,-0.04007377102971077,-0.009630262851715088,-0.6048573851585388,-0.05688682571053505,0.0041114091873168945,-0.6872667670249939,-0.06959325075149536,0.012723445892333984,-0.33221274614334106,-0.02634504623711109,0.02371346950531006,-0.43075162172317505,-0.058257754892110825,0.01139211654663086,-0.339042603969574,-0.06154569238424301,0.0028057098388671875,-0.26715320348739624,-0.05694874748587608,0.04563570022583008,-0.2687763571739197,-0.03819011524319649,0.05039834976196289,-0.3378593325614929,-0.06920555233955383,0.03218501806259155,-0.2775476574897766,-0.07114660739898682,0.01866328716278076,-0.2181912660598755,-0.06680485606193542
0.0,0.0,0.0,-0.06048250198364258,-0.06597697734832764,-0.03983033448457718,-0.08673632144927979,-0.1575031876564026,-0.06020792946219444,-0.044132888317108154,-0.2353752851486206,-0.08020050823688507,0.004891633987426758,-0.28408169746398926,-0.09662480652332306,-0.07871502637863159,-0.35105907917022705,-0.016995908692479134,-0.10237377882003784,-0.48215630650520325,-0.04063277319073677,-0.11194318532943726,-0.5602511763572693,-0.06179136037826538,-0.1142701506614685,-0.6326636075973511,-0.07868456095457077,-0.02844792604446411,-0.3639175295829773,-0.01789901778101921,-0.02318441867828369,-0.5129942893981934,-0.03882478177547455,-0.010590732097625732,-0.6024683117866516,-0.0563727468252182,0.003657817840576172,-0.6848915815353394,-0.06960874795913696,0.012000858783721924,-0.3314603567123413,-0.025159725919365883,0.022340834140777588,-0.4294086694717407,-0.059246283024549484,0.009391546249389648,-0.33679521083831787,-0.06473424285650253,0.0010727643966674805,-0.262576699256897,-0.060972921550273895,0.04531055688858032,-0.2687273621559143,-0.036802712827920914,0.049997568130493164,-0.3365454077720642,-0.0709555521607399,0.031505584716796875,-0.2748347520828247,-0.07465710490942001,0.018129587173461914,-0.21396106481552124,-0.0708799958229065
0.0,0.0,0.0,-0.06126052141189575,-0.07098603248596191,-0.037053003907203674,-0.08574557304382324,-0.16093748807907104,-0.0557202585041523,-0.043830156326293945,-0.2398231029510498,-0.074403777718544,0.004238784313201904,-0.2851531505584717,-0.08936481922864914,-0.07693177461624146,-0.35587817430496216,-0.014586811885237694,-0.1004534363746643,-0.4891616106033325,-0.03807833045721054,-0.1102762222290039,-0.5693350434303284,-0.06068815290927887,-0.1116604208946228,-0.6436581015586853,-0.0791262835264206,-0.02635204792022705,-0.3684687614440918,-0.016367387026548386,-0.023777127265930176,-0.5190927386283875,-0.036342013627290726,-0.010475635528564453,-0.6120156645774841,-0.05469077080488205,0.004772186279296875,-0.6967445611953735,-0.06951165944337845,0.014856576919555664,-0.33517420291900635,-0.024189559742808342,0.026873469352722168,-0.4362679123878479,-0.05536796525120735,0.011394381523132324,-0.3424139618873596,-0.05881224200129509,0.0006951689720153809,-0.26762986183166504,-0.05485546961426735,0.04884737730026245,-0.27020496129989624,-0.036451250314712524,0.05376744270324707,-0.34250426292419434,-0.06817878782749176,0.03420412540435791,-0.2812018394470215,-0.0701197013258934,0.0210801362991333,-0.22063928842544556,-0.06572853773832321
0.0,0.0,0.0,-0.06053495407104492,-0.058016061782836914,-0.041080474853515625,-0.0844273567199707,-0.14663481712341309,-0.06335490942001343,-0.04337066411972046,-0.22450190782546997,-0.08483467251062393,0.006074249744415283,-0.27062326669692993,-0.10285826027393341,-0.07510912418365479,-0.34258896112442017,-0.020956827327609062,-0.09755724668502808,-0.46881067752838135,-0.04665737226605415,-0.10664379596710205,-0.5490568280220032,-0.06798981875181198,-0.10981684923171997,-0.6175915598869324,-0.08467996120452881,-0.024208545684814453,-0.3527281880378723,-0.022006360813975334,-0.01821833848953247,-0.49787425994873047,-0.04575616121292114,-0.008436143398284912,-0.588904619216919,-0.06405619531869888,0.0035871267318725586,-0.6700912714004517,-0.07670428603887558,0.016805291175842285,-0.3181660771369934,-0.029239926487207413,0.028068482875823975,-0.4159146547317505,-0.06547299772500992,0.01217508316040039,-0.33086973428726196,-0.06976179778575897,0.0028392672538757324,-0.2595331072807312,-0.06417860835790634,0.0513114333152771,-0.254641056060791,-0.04079455882310867,0.05346745252609253,-0.3209521174430847,-0.07742907851934433,0.03418087959289551,-0.2599642872810364,-0.08090905845165253,0.020660221576690674,-0.1991286277770996,-0.07580062747001648
0.0,0.0,0.0,-0.062245309352874756,-0.052306294441223145,-0.04150489345192909,-0.086539626121521,-0.13316208124160767,-0.06490553170442581,-0.04850208759307861,-0.22325360774993896,-0.08747738599777222,0.0014966726303100586,-0.27073484659194946,-0.10584648698568344,-0.07949024438858032,-0.33838343620300293,-0.021205561235547066,-0.10363757610321045,-0.46960219740867615,-0.046395644545555115,-0.11294353008270264,-0.5504279136657715,-0.0681687593460083,-0.11551004648208618,-0.6174113750457764,-0.08601466566324234,-0.0286826491355896,-0.3476637005805969,-0.02116813324391842,-0.02301490306854248,-0.4960384964942932,-0.04395590350031853,-0.013018965721130371,-0.5896214246749878,-0.06280020624399185,0.0012056827545166016,-0.674201488494873,-0.07724223285913467,0.010994672775268555,-0.3140360116958618,-0.027024662122130394,0.021932899951934814,-0.4192068576812744,-0.05712795630097389,0.0033943653106689453,-0.3299126625061035,-0.054449837654829025,-0.005640089511871338,-0.25790518522262573,-0.046208806335926056,0.04574662446975708,-0.2521325945854187,-0.03793575242161751,0.04653489589691162,-0.3273346424102783,-0.06968115270137787,0.027083992958068848,-0.2629649043083191,-0.06941656023263931,0.015751242637634277,-0.19992661476135254,-0.06257804483175278
0.0,0.0,0.0,-0.06134462356567383,-0.0578312873840332,-0.04260123521089554,-0.08551567792892456,-0.14674878120422363,-0.06493449211120605,-0.04539692401885986,-0.22491967678070068,-0.08615522086620331,0.0042533278465271,-0.27244293689727783,-0.10358402878046036,-0.07503014802932739,-0.34627479314804077,-0.02214008755981922,-0.09865331649780273,-0.47482794523239136,-0.048554785549640656,-0.10788536071777344,-0.5544229745864868,-0.0702996551990509,-0.11000180244445801,-0.6225045919418335,-0.08666828274726868,-0.02495342493057251,-0.35661059617996216,-0.021800020709633827,-0.0185166597366333,-0.5091152787208557,-0.04534826800227165,-0.007714629173278809,-0.6021113395690918,-0.0626533180475235,0.005552947521209717,-0.6813000440597534,-0.07406468689441681,0.01648104190826416,-0.32211971282958984,-0.02775746025145054,0.025990188121795654,-0.42066508531570435,-0.06301945447921753,0.007877588272094727,-0.325614333152771,-0.06533823907375336,-0.0014562606811523438,-0.24967479705810547,-0.05791987106204033,0.05140262842178345,-0.2574176788330078,-0.038216788321733475,0.05434507131576538,-0.3308766484260559,-0.07227324694395065,0.03302651643753052,-0.2660818099975586,-0.0729101374745369,0.019357502460479736,-0.20355981588363647,-0.06569045037031174
0.0,0.0,0.0,-0.06120133399963379,-0.06090497970581055,-0.038345299661159515,-0.08762198686599731,-0.14893949031829834,-0.05774896964430809,-0.04438793659210205,-0.22598862648010254,-0.07655613124370575,0.003963351249694824,-0.2720767855644226,-0.09151004254817963,-0.07588756084442139,-0.3499988317489624,-0.017390497028827667,-0.09901624917984009,-0.47328564524650574,-0.04452908784151077,-0.10968625545501709,-0.5523301959037781,-0.06904122978448868,-0.11441797018051147,-0.6243256330490112,-0.08789341896772385,-0.025468945503234863,-0.35911858081817627,-0.018858609721064568,-0.01943868398666382,-0.5070433616638184,-0.04470812529325485,-0.009175240993499756,-0.6050905585289001,-0.06631255149841309,0.0036231279373168945,-0.6928104162216187,-0.08150255680084229,0.014585733413696289,-0.3241785764694214,-0.02614717371761799,0.02620232105255127,-0.4242798089981079,-0.06353149563074112,0.01022183895111084,-0.3351391553878784,-0.06751608848571777,0.002025127410888672,-0.2633083462715149,-0.06134970486164093,0.04830491542816162,-0.2582012414932251,-0.0375007726252079,0.05184280872344971,-0.3300858736038208,-0.0724509134888649,0.031700074672698975,-0.2657744884490967,-0.07319501042366028,0.01966118812561035,-0.20352166891098022,-0.06624811887741089
0.0,0.0,0.0,-0.06055730581283569,-0.06265729665756226,-0.03632448986172676,-0.08728337287902832,-0.15116721391677856,-0.05559700354933739,-0.0462765097618103,-0.2271096110343933,-0.07511276751756668,0.00163191556930542,-0.2742576599121094,-0.09083393961191177,-0.07625555992126465,-0.3498620390892029,-0.014790745452046394,-0.09988939762115479,-0.4772067666053772,-0.040991898626089096,-0.11000293493270874,-0.5565342903137207,-0.06506311893463135,-0.11411505937576294,-0.6285644173622131,-0.08403129875659943,-0.025835871696472168,-0.36184436082839966,-0.01756965182721615,-0.021686911582946777,-0.5112810134887695,-0.0409536249935627,-0.010816097259521484,-0.6058112382888794,-0.06090414151549339,0.002562284469604492,-0.6930409669876099,-0.07577455043792725,0.013506054878234863,-0.3269236087799072,-0.02633557841181755,0.022907674312591553,-0.427471399307251,-0.060711536556482315,0.007892787456512451,-0.3358490467071533,-0.06349080801010132,-0.00038367509841918945,-0.2642158269882202,-0.057717226445674896,0.04572814702987671,-0.2591788172721863,-0.039379991590976715,0.050003647804260254,-0.32940149307250977,-0.07305120676755905,0.030357003211975098,-0.2674580216407776,-0.0743761882185936,0.016985058784484863,-0.20897865295410156,-0.06860527396202087
0.0,0.0,0.0,-0.05722808837890625,-0.048912227153778076,-0.04216476157307625,-0.08377856016159058,-0.13742899894714355,-0.06460829824209213,-0.04198133945465088,-0.21574461460113525,-0.08548877388238907,0.004771113395690918,-0.26748204231262207,-0.10269757360219955,-0.07633817195892334,-0.3384457230567932,-0.02847766876220703,-0.09685921669006348,-0.4693869650363922,-0.056803785264492035,-0.10500895977020264,-0.5486555099487305,-0.07855335623025894,-0.1074373722076416,-0.6206018924713135,-0.09457411617040634,-0.025175154209136963,-0.3502359986305237,-0.028892984613776207,-0.015465497970581055,-0.5050787925720215,-0.05748530477285385,-0.004072010517120361,-0.5985901951789856,-0.07654599100351334,0.009056031703948975,-0.6820088028907776,-0.08853375911712646,0.015069425106048584,-0.31759870052337646,-0.03501122072339058,0.030458271503448486,-0.4148939251899719,-0.07688871026039124,0.011758923530578613,-0.325499951839447,-0.0813598707318306,-4.941225051879883e-05,-0.2567836046218872,-0.07408181577920914,0.049777328968048096,-0.25426381826400757,-0.0450083389878273,0.05393791198730469,-0.31791919469833374,-0.08248207718133926,0.03320986032485962,-0.25516271591186523,-0.08431107550859451,0.01928412914276123,-0.20005542039871216,-0.0776648074388504
0.0,0.0,0.0,-0.059094130992889404,-0.048086583614349365,-0.04064337909221649,-0.08576357364654541,-0.13260161876678467,-0.06236736476421356,-0.04622316360473633,-0.21559637784957886,-0.0827600508928299,0.0011433959007263184,-0.26503509283065796,-0.09929951280355453,-0.07867729663848877,-0.33509647846221924,-0.02419981174170971,-0.10002481937408447,-0.46413344144821167,-0.05266682803630829,-0.10844826698303223,-0.5441834926605225,-0.07631921023130417,-0.11118745803833008,-0.6158201694488525,-0.09422878175973892,-0.02760922908782959,-0.3483530282974243,-0.02433127723634243,-0.019523322582244873,-0.4985120892524719,-0.05205066129565239,-0.008819341659545898,-0.5920699834823608,-0.07255465537309647,0.003491044044494629,-0.6768642067909241,-0.08637674897909164,0.012894630432128906,-0.3175938129425049,-0.0300331711769104,0.02557516098022461,-0.41747307777404785,-0.06823910027742386,0.008828818798065186,-0.3264036774635315,-0.070158950984478,-0.0002535581588745117,-0.25648754835128784,-0.06230912730097771,0.04828768968582153,-0.25531697273254395,-0.03990486264228821,0.051869094371795654,-0.32260191440582275,-0.0755823627114296,0.033055245876312256,-0.25876933336257935,-0.07611002027988434,0.021287143230438232,-0.2010769248008728,-0.06865790486335754
0.0,0.0,0.0,-0.05748891830444336,-0.06753373146057129,-0.03588426485657692,-0.08106464147567749,-0.1564396619796753,-0.05483344569802284,-0.038594722747802734,-0.2368605136871338,-0.07404986023902893,0.009701967239379883,-0.2849208116531372,-0.08939699828624725,-0.07343900203704834,-0.3558157682418823,-0.013731185346841812,-0.09399920701980591,-0.4866841435432434,-0.03848475590348244,-0.10404515266418457,-0.5670121908187866,-0.06258032470941544,-0.1075630784034729,-0.6421434879302979,-0.0820813849568367,-0.023159563541412354,-0.36626577377319336,-0.016509704291820526,-0.01747232675552368,-0.5163954496383667,-0.03861032798886299,-0.004599034786224365,-0.6097066402435303,-0.05844782665371895,0.010357201099395752,-0.6955175399780273,-0.07388698309659958,0.017310380935668945,-0.33199751377105713,-0.02512102760374546,0.028452813625335693,-0.4360423684120178,-0.05838906019926071,0.01059722900390625,-0.3415753245353699,-0.05924496799707413,-5.245208740234375e-05,-0.26741302013397217,-0.05255458876490593,0.05182445049285889,-0.2648199200630188,-0.038025885820388794,0.057104408740997314,-0.3458986282348633,-0.07016617059707642,0.035805344581604004,-0.28074777126312256,-0.06881314516067505,0.022031188011169434,-0.21836215257644653,-0.061452388763427734
0.0,0.0,0.0,-0.06309539079666138,-0.0741502046585083,-0.02814531698822975,-0.08705604076385498,-0.1579681634902954,-0.045633286237716675,-0.04585886001586914,-0.24744045734405518,-0.06540807336568832,0.005099117755889893,-0.28816306591033936,-0.08030685782432556,-0.07590854167938232,-0.360939621925354,-0.004763311706483364,-0.09940534830093384,-0.4927234649658203,-0.03050507791340351,-0.109619140625,-0.5709617137908936,-0.05775866657495499,-0.11411482095718384,-0.6447443962097168,-0.08081237226724625,-0.024524986743927002,-0.3707389235496521,-0.010164827108383179,-0.020428359508514404,-0.518168568611145,-0.034468092024326324,-0.00825577974319458,-0.6147733926773071,-0.05798763781785965,0.0038338303565979004,-0.7001577615737915,-0.07765822857618332,0.015033543109893799,-0.33355551958084106,-0.02075646072626114,0.023086726665496826,-0.44194281101226807,-0.045430563390254974,0.007009983062744141,-0.3501220941543579,-0.040380507707595825,-0.00196915864944458,-0.2806089520454407,-0.032975222915410995,0.04703015089035034,-0.2644250988960266,-0.03615763038396835,0.05275088548660278,-0.34979498386383057,-0.05940336361527443,0.031084775924682617,-0.28884297609329224,-0.05503733083605766,0.01784801483154297,-0.2281806468963623,-0.04767372086644173
0.0,0.0,0.0,-0.0608486533164978,-0.07058417797088623,-0.03358888253569603,-0.08592396974563599,-0.158270001411438,-0.051806047558784485,-0.04317736625671387,-0.24498480558395386,-0.0709666833281517,0.006382107734680176,-0.29204022884368896,-0.08575224876403809,-0.07720905542373657,-0.3565744161605835,-0.008069412782788277,-0.10240375995635986,-0.4936631917953491,-0.029508370906114578,-0.11396247148513794,-0.571588933467865,-0.051049865782260895,-0.11763036251068115,-0.6449757814407349,-0.06970393657684326,-0.0270843505859375,-0.371313214302063,-0.011362088844180107,-0.025228798389434814,-0.5235435366630554,-0.03202502429485321,-0.012577712535858154,-0.6153700351715088,-0.05108929052948952,0.0017862915992736816,-0.6965756416320801,-0.06685028970241547,0.012968301773071289,-0.33763939142227173,-0.020425785332918167,0.022148728370666504,-0.4440327286720276,-0.048092156648635864,0.008474946022033691,-0.34796780347824097,-0.0473262183368206,0.00017333030700683594,-0.27490270137786865,-0.04179686680436134,0.045631229877471924,-0.27121877670288086,-0.03414267301559448,0.049812257289886475,-0.3531879782676697,-0.06279885023832321,0.03052651882171631,-0.28731805086135864,-0.06252725422382355,0.0186193585395813,-0.22334253787994385,-0.05741100758314133
0.0,0.0,0.0,-0.059219539165496826,-0.06626474857330322,-0.03271273896098137,-0.08490830659866333,-0.15738946199417114,-0.04946752265095711,-0.04389232397079468,-0.23796743154525757,-0.06674997508525848,0.005462825298309326,-0.2873985171318054,-0.08095116168260574,-0.07575637102127075,-0.3529527187347412,-0.011639825999736786,-0.10152357816696167,-0.48539745807647705,-0.03308264911174774,-0.11331117153167725,-0.5640367269515991,-0.05306810513138771,-0.11557894945144653,-0.63737553358078,-0.06931637972593307,-0.026394248008728027,-0.3642045855522156,-0.01534997671842575,-0.022285044193267822,-0.5215958952903748,-0.03408628702163696,-0.010147929191589355,-0.6101375818252563,-0.04978710412979126,0.003233969211578369,-0.6847392320632935,-0.062148865312337875,0.0141335129737854,-0.32893139123916626,-0.02463972382247448,0.0262947678565979,-0.4309377074241638,-0.05652893707156181,0.009276211261749268,-0.3447437286376953,-0.060765340924263,-0.001785576343536377,-0.27532827854156494,-0.057155806571245193,0.04754304885864258,-0.2629355788230896,-0.0375145748257637,0.05149811506271362,-0.3325539827346802,-0.06812456250190735,0.029998958110809326,-0.2701447606086731,-0.06916528195142746,0.01685476303100586,-0.20950841903686523,-0.06464143842458725
0.0,0.0,0.0,-0.057048797607421875,-0.06902921199798584,-0.036358967423439026,-0.08170539140701294,-0.15959197282791138,-0.053187496960163116,-0.03991210460662842,-0.23765099048614502,-0.06958676874637604,0.006821572780609131,-0.28596997261047363,-0.08345800638198853,-0.07460463047027588,-0.3523940443992615,-0.01758871041238308,-0.09793680906295776,-0.48515164852142334,-0.04166248440742493,-0.10751962661743164,-0.5640767216682434,-0.06309322267770767,-0.10876649618148804,-0.637651801109314,-0.0798933282494545,-0.02371060848236084,-0.3623770475387573,-0.018827497959136963,-0.018766462802886963,-0.5219491124153137,-0.03953172639012337,-0.006770431995391846,-0.6074866056442261,-0.05513610318303108,0.005987048149108887,-0.681308388710022,-0.06673428416252136,0.01852118968963623,-0.32732468843460083,-0.02584591507911682,0.030432701110839844,-0.42358094453811646,-0.060335829854011536,0.013099372386932373,-0.331770658493042,-0.06468003243207932,0.0006857514381408691,-0.25987911224365234,-0.059944190084934235,0.05234944820404053,-0.26014840602874756,-0.03657585382461548,0.057835280895233154,-0.33098506927490234,-0.06876025348901749,0.035451650619506836,-0.2676205635070801,-0.06936769932508469,0.019673645496368408,-0.20585769414901733,-0.06391534209251404
0.0,0.0,0.0,-0.05633664131164551,-0.06559187173843384,-0.03734450042247772,-0.08025288581848145,-0.16458219289779663,-0.053397681564092636,-0.03552299737930298,-0.2401612401008606,-0.06870662420988083,0.011839091777801514,-0.28827208280563354,-0.0817621648311615,-0.06950384378433228,-0.35265445709228516,-0.01821027137339115,-0.09317141771316528,-0.48448944091796875,-0.04199759662151337,-0.10545468330383301,-0.5607514977455139,-0.06241169944405556,-0.10926055908203125,-0.631019115447998,-0.07795526832342148,-0.01914006471633911,-0.3603447675704956,-0.01941976696252823,-0.015105903148651123,-0.5195959806442261,-0.04053850099444389,-0.004655957221984863,-0.606616735458374,-0.056434515863657,0.006992042064666748,-0.6803053617477417,-0.06779233366250992,0.022239744663238525,-0.32465821504592896,-0.02657160721719265,0.034228742122650146,-0.41813135147094727,-0.06399562954902649,0.01804184913635254,-0.3295677900314331,-0.07201359421014786,0.00619429349899292,-0.25914257764816284,-0.06922736018896103,0.056030452251434326,-0.2588982582092285,-0.03715427964925766,0.06020081043243408,-0.3236236572265625,-0.07203496992588043,0.03709644079208374,-0.26052820682525635,-0.07496581971645355,0.02061605453491211,-0.1998538374900818,-0.07105256617069244
0.0,0.0,0.0,-0.05653667449951172,-0.060558199882507324,-0.043338607996702194,-0.08089828491210938,-0.15343999862670898,-0.06346054375171661,-0.04047924280166626,-0.2323390245437622,-0.081954725086689,0.00802677869796753,-0.2789488434791565,-0.09758596867322922,-0.07060933113098145,-0.34483081102371216,-0.02505536563694477,-0.0933675765991211,-0.47682660818099976,-0.05027639493346214,-0.10423880815505981,-0.5522971153259277,-0.07158977538347244,-0.10738533735275269,-0.6215677261352539,-0.08850520104169846,-0.020039856433868408,-0.35473495721817017,-0.024108462035655975,-0.017073214054107666,-0.5148654580116272,-0.04747769981622696,-0.006183624267578125,-0.6039143204689026,-0.06633368879556656,0.006020069122314453,-0.6802370548248291,-0.08047107607126236,0.02103942632675171,-0.3210105895996094,-0.029213855043053627,0.03228789567947388,-0.4226487874984741,-0.06692136824131012,0.01572263240814209,-0.33412784337997437,-0.07565011084079742,0.003914773464202881,-0.2635148763656616,-0.07400981336832047,0.05508291721343994,-0.25727248191833496,-0.038353946059942245,0.05744171142578125,-0.32343530654907227,-0.07520777732133865,0.037370383739471436,-0.2613113522529602,-0.081065833568573,0.023262977600097656,-0.20080089569091797,-0.0792633667588234
0.0,0.0,0.0,-0.05802184343338013,-0.06053870916366577,-0.039180491119623184,-0.08424019813537598,-0.15027165412902832,-0.058086663484573364,-0.04507666826248169,-0.23040509223937988,-0.07592261582612991,0.0025178194046020508,-0.2765030860900879,-0.09098982065916061,-0.07635927200317383,-0.34565943479537964,-0.02119547128677368,-0.10077661275863647,-0.4774293303489685,-0.04656987637281418,-0.11132246255874634,-0.5559008121490479,-0.0681968480348587,-0.11450105905532837,-0.6257615089416504,-0.08484981209039688,-0.025552093982696533,-0.3556572198867798,-0.02149631641805172,-0.02089303731918335,-0.5117436647415161,-0.044239360839128494,-0.009746015071868896,-0.5987380146980286,-0.06172295659780502,0.002880573272705078,-0.673843264579773,-0.0741933137178421,0.016321659088134766,-0.32167088985443115,-0.027590161189436913,0.027958929538726807,-0.4200531244277954,-0.06381794065237045,0.010921597480773926,-0.3319951891899109,-0.06973192095756531,-0.0006728172302246094,-0.26101070642471313,-0.06556584686040878,0.050023436546325684,-0.25591111183166504,-0.0374203622341156,0.0526045560836792,-0.3234366774559021,-0.07191615551710129,0.03119117021560669,-0.26006680727005005,-0.07436864078044891,0.017004072666168213,-0.19678407907485962,-0.06955908238887787
0.0,0.0,0.0,-0.06081104278564453,-0.0664258599281311,-0.03420954942703247,-0.08542013168334961,-0.15686815977096558,-0.05231636017560959,-0.042253851890563965,-0.24246621131896973,-0.07057248055934906,0.006591737270355225,-0.286713182926178,-0.08582821488380432,-0.0748937726020813,-0.35242533683776855,-0.015480018220841885,-0.09838646650314331,-0.48418325185775757,-0.040979091078042984,-0.10844671726226807,-0.5628602504730225,-0.06367272138595581,-0.11109310388565063,-0.6327124834060669,-0.08148876577615738,-0.023915469646453857,-0.36286914348602295,-0.018137170001864433,-0.018744707107543945,-0.5186371803283691,-0.04060106724500656,-0.007890760898590088,-0.6063699722290039,-0.05786983668804169,0.004891395568847656,-0.6844775676727295,-0.07046729326248169,0.01707059144973755,-0.32824015617370605,-0.02629707008600235,0.027682244777679443,-0.42993777990341187,-0.0583912618458271,0.010075271129608154,-0.33921611309051514,-0.05896866321563721,-0.0005094408988952637,-0.2677217125892639,-0.05208424851298332,0.05041921138763428,-0.25986748933792114,-0.038414984941482544,0.05335819721221924,-0.33515632152557373,-0.06930427998304367,0.03172379732131958,-0.2715086340904236,-0.0684012919664383,0.01889026165008545,-0.20857024192810059,-0.06145474314689636
0.0,0.0,0.0,-0.06197774410247803,-0.07199442386627197,-0.030826620757579803,-0.08561849594116211,-0.1572362184524536,-0.04793592169880867,-0.042774498462677,-0.2465587854385376,-0.0655803307890892,0.006536543369293213,-0.2876049280166626,-0.07957220077514648,-0.07717978954315186,-0.3540428876876831,-0.011679413728415966,-0.10083454847335815,-0.48944979906082153,-0.036266494542360306,-0.11092299222946167,-0.5683026313781738,-0.05982256680727005,-0.1132928729057312,-0.6396912336349487,-0.07915139198303223,-0.02619194984436035,-0.36563336849212646,-0.014921450056135654,-0.02172708511352539,-0.5218126773834229,-0.03611642122268677,-0.008957207202911377,-0.6090100407600403,-0.05370848625898361,0.004944324493408203,-0.6877107620239258,-0.06781838089227676,0.013972997665405273,-0.33164340257644653,-0.023242048919200897,0.025188028812408447,-0.436262309551239,-0.0497659295797348,0.009181618690490723,-0.34687119722366333,-0.04636377841234207,-0.0006943345069885254,-0.2772834897041321,-0.03886081278324127,0.04746699333190918,-0.2620934247970581,-0.035841379314661026,0.05083972215652466,-0.3407454490661621,-0.06239984929561615,0.029697656631469727,-0.27639514207839966,-0.05918299779295921,0.017446935176849365,-0.2136717438697815,-0.051674988120794296
0.0,0.0,0.0,-0.06166154146194458,-0.07296550273895264,-0.032454438507556915,-0.08597707748413086,-0.15703201293945312,-0.05032721906900406,-0.044253528118133545,-0.24527215957641602,-0.06843765079975128,0.00479733943939209,-0.2865809202194214,-0.08258827775716782,-0.0771932601928711,-0.353992223739624,-0.013256086967885494,-0.10137748718261719,-0.4893089234828949,-0.03807690739631653,-0.11135661602020264,-0.5686942338943481,-0.061755795031785965,-0.11363708972930908,-0.6402484774589539,-0.08130574971437454,-0.026597559452056885,-0.36555516719818115,-0.015425872057676315,-0.02238374948501587,-0.5211535692214966,-0.03690041974186897,-0.009619295597076416,-0.6081432700157166,-0.054652418941259384,0.003982186317443848,-0.6865785121917725,-0.06904412060976028,0.014376819133758545,-0.3312719464302063,-0.022727524861693382,0.024780750274658203,-0.4364677667617798,-0.04836505651473999,0.008815109729766846,-0.3421151638031006,-0.044152580201625824,-0.0008753538131713867,-0.2715793251991272,-0.03641294687986374,0.04822850227355957,-0.2617869973182678,-0.03457709774374962,0.05164682865142822,-0.3407101035118103,-0.06064446270465851,0.031014561653137207,-0.2756427526473999,-0.057422541081905365,0.019017577171325684,-0.2143113613128662,-0.0500788688659668
0.0,0.0,0.0,-0.06132549047470093,-0.0732530951499939,-0.03446377068758011,-0.08554112911224365,-0.15399956703186035,-0.05390985682606697,-0.04687374830245972,-0.245050311088562,-0.07371615618467331,0.0031704306602478027,-0.28675615787506104,-0.08930366486310959,-0.07748627662658691,-0.3549244999885559,-0.01319065596908331,-0.10242235660552979,-0.48945990204811096,-0.038055889308452606,-0.1122468113899231,-0.5691925287246704,-0.06230416148900986,-0.11418843269348145,-0.6405625343322754,-0.0824214369058609,-0.027720868587493896,-0.3666839599609375,-0.014193588867783546,-0.02394205331802368,-0.5220848321914673,-0.03387978672981262,-0.010659217834472656,-0.6108999252319336,-0.05083538219332695,0.0025496482849121094,-0.6890967488288879,-0.06533927470445633,0.013056457042694092,-0.33168286085128784,-0.020769087597727776,0.023765623569488525,-0.43627214431762695,-0.043299347162246704,0.007611393928527832,-0.3410158157348633,-0.03837847337126732,-0.0032695531845092773,-0.27063703536987305,-0.03123333491384983,0.04615449905395508,-0.2646479606628418,-0.032404687255620956,0.05100029706954956,-0.3401092290878296,-0.05676288530230522,0.02962559461593628,-0.27685147523880005,-0.05433386564254761,0.0161932110786438,-0.21730053424835205,-0.04817673936486244
0.0,0.0,0.0,-0.06080728769302368,-0.06716907024383545,-0.034651678055524826,-0.08530032634735107,-0.1487903594970703,-0.05438295751810074,-0.04488205909729004,-0.23529064655303955,-0.07447431981563568,0.0046460628509521484,-0.27992767095565796,-0.09044787287712097,-0.07689231634140015,-0.35145872831344604,-0.013598520308732986,-0.10107260942459106,-0.48251181840896606,-0.03770957887172699,-0.11018681526184082,-0.5599362850189209,-0.06043355539441109,-0.11241668462753296,-0.6301232576370239,-0.07922185957431793,-0.02688920497894287,-0.36369115114212036,-0.01587686501443386,-0.02216273546218872,-0.5143789649009705,-0.037471022456884384,-0.009174168109893799,-0.6047857999801636,-0.05622735992074013,0.004192352294921875,-0.6831461787223816,-0.07094858586788177,0.013639867305755615,-0.32909631729125977,-0.023639505729079247,0.025197267532348633,-0.4278630018234253,-0.05112501233816147,0.00983649492263794,-0.33579057455062866,-0.0499204657971859,-0.0006060004234313965,-0.2649962306022644,-0.043493516743183136,0.04707282781600952,-0.26380378007888794,-0.03593794256448746,0.05217897891998291,-0.3361530900001526,-0.06390903145074844,0.031782448291778564,-0.2737172842025757,-0.06310781091451645,0.018127024173736572,-0.21328508853912354,-0.056952718645334244
0.0,0.0,0.0,-0.06061887741088867,-0.07153791189193726,-0.035225581377744675,-0.08503568172454834,-0.1555933952331543,-0.0541553720831871,-0.04350316524505615,-0.2400914430618286,-0.07299032807350159,0.005806982517242432,-0.2842734456062317,-0.08781607449054718,-0.07527565956115723,-0.35404616594314575,-0.01419807132333517,-0.09959286451339722,-0.4865012466907501,-0.03818920999765396,-0.10942274332046509,-0.5668537616729736,-0.06106221303343773,-0.11191022396087646,-0.6378886699676514,-0.0798078253865242,-0.02608013153076172,-0.3658013343811035,-0.015407026745378971,-0.02086949348449707,-0.5205269455909729,-0.034838348627090454,-0.00798952579498291,-0.6090846061706543,-0.05130026862025261,0.005643069744110107,-0.6862423419952393,-0.06469555199146271,0.014679431915283203,-0.33091557025909424,-0.022287996485829353,0.025999724864959717,-0.43544304370880127,-0.048229679465293884,0.009640395641326904,-0.34086620807647705,-0.04610800743103027,-0.0007122159004211426,-0.26888567209243774,-0.039462171494960785,0.04855930805206299,-0.2637329697608948,-0.03385600075125694,0.053030431270599365,-0.3391910791397095,-0.06164524331688881,0.03214925527572632,-0.2750943899154663,-0.06070646271109581,0.019347429275512695,-0.21401745080947876,-0.05465301126241684
0.0,0.0,0.0,-0.059439897537231445,-0.06956017017364502,-0.03847721964120865,-0.08311772346496582,-0.15849453210830688,-0.05702337250113487,-0.04117494821548462,-0.23814290761947632,-0.0745440348982811,0.006879270076751709,-0.2825603485107422,-0.08877880126237869,-0.0731278657913208,-0.35308778285980225,-0.01873953640460968,-0.097292959690094,-0.48442864418029785,-0.04393165186047554,-0.10777992010116577,-0.563363790512085,-0.06706566363573074,-0.11032885313034058,-0.6350038051605225,-0.08553750067949295,-0.02317500114440918,-0.3637148141860962,-0.019230283796787262,-0.01905655860900879,-0.517510712146759,-0.041056837886571884,-0.00643765926361084,-0.6059739589691162,-0.059375960379838943,0.007265269756317139,-0.6819676160812378,-0.07334448397159576,0.017822444438934326,-0.3276873826980591,-0.025516433641314507,0.02963888645172119,-0.4272480607032776,-0.05831189453601837,0.01371675729751587,-0.33613234758377075,-0.06179427728056908,0.0029616355895996094,-0.2644385099411011,-0.05721689760684967,0.051161766052246094,-0.25946903228759766,-0.03604731336236,0.055564820766448975,-0.3315664529800415,-0.06952162086963654,0.03495073318481445,-0.26821690797805786,-0.07138334214687347,0.021378159523010254,-0.20698702335357666,-0.06638621538877487
0.0,0.0,0.0,-0.06160944700241089,-0.07213926315307617,-0.0358658991754055,-0.08599704504013062,-0.15545791387557983,-0.05505257844924927,-0.04502600431442261,-0.24306035041809082,-0.0737435594201088,0.004149317741394043,-0.28530943393707275,-0.08821272850036621,-0.07614880800247192,-0.35429948568344116,-0.017309876158833504,-0.10068899393081665,-0.48742005228996277,-0.04290493577718735,-0.1107519268989563,-0.5666228532791138,-0.06740375608205795,-0.11322760581970215,-0.6385127305984497,-0.08768931776285172,-0.02630925178527832,-0.3657562732696533,-0.018024541437625885,-0.021682441234588623,-0.5206456184387207,-0.04032343998551369,-0.008904695510864258,-0.6096612215042114,-0.05952437222003937,0.00415724515914917,-0.6878247261047363,-0.07522731274366379,0.014369368553161621,-0.3305876851081848,-0.02396850287914276,0.025836169719696045,-0.4339715838432312,-0.05017998442053795,0.009289026260375977,-0.33809971809387207,-0.0473279170691967,-0.0016695261001586914,-0.2671774625778198,-0.040650490671396255,0.048061907291412354,-0.26238226890563965,-0.03471580147743225,0.05268591642379761,-0.3393477201461792,-0.06167050078511238,0.032056570053100586,-0.2746514678001404,-0.05986976623535156,0.01891040802001953,-0.21459883451461792,-0.05361087992787361
0.0,0.0,0.0,-0.06192725896835327,-0.07139122486114502,-0.035058557987213135,-0.08637213706970215,-0.15515905618667603,-0.054514795541763306,-0.0452764630317688,-0.24242258071899414,-0.07374364882707596,0.004587054252624512,-0.28356820344924927,-0.08904360979795456,-0.07757580280303955,-0.3551797866821289,-0.016490599140524864,-0.10143423080444336,-0.4877030849456787,-0.041352543979883194,-0.11154592037200928,-0.5667917728424072,-0.06460456550121307,-0.11437356472015381,-0.636791467666626,-0.08359719812870026,-0.026829540729522705,-0.36665791273117065,-0.017817744985222816,-0.022343456745147705,-0.5213367342948914,-0.038801249116659164,-0.010092556476593018,-0.6100660562515259,-0.055861130356788635,0.0025870800018310547,-0.6884468793869019,-0.06963375955820084,0.014159977436065674,-0.33164024353027344,-0.024504033848643303,0.025372862815856934,-0.43325716257095337,-0.050609514117240906,0.01005178689956665,-0.3406861424446106,-0.047701720148324966,-0.00021350383758544922,-0.27028167247772217,-0.04066769406199455,0.04810231924057007,-0.2634464502334595,-0.03583544120192528,0.052590787410736084,-0.3384910225868225,-0.06280108541250229,0.03233444690704346,-0.2750053405761719,-0.06091000884771347,0.01925194263458252,-0.21423125267028809,-0.054365385323762894
0.0,0.0,0.0,-0.06215262413024902,-0.07251262664794922,-0.032851140946149826,-0.08654212951660156,-0.15369963645935059,-0.052351806312799454,-0.04512840509414673,-0.24277812242507935,-0.0724138468503952,0.005167663097381592,-0.2833203077316284,-0.08810444176197052,-0.07793861627578735,-0.3553672432899475,-0.013896672055125237,-0.10158485174179077,-0.48969966173171997,-0.03883742168545723,-0.11067283153533936,-0.5688037276268005,-0.06232396513223648,-0.11328989267349243,-0.6382788419723511,-0.08178003132343292,-0.026880264282226562,-0.3668122887611389,-0.01621679961681366,-0.021870970726013184,-0.5197195410728455,-0.03788835555315018,-0.008685946464538574,-0.6092960834503174,-0.05553833395242691,0.004217386245727539,-0.6880854964256287,-0.06994819641113281,0.01413947343826294,-0.3313271999359131,-0.023764263838529587,0.024794280529022217,-0.43318355083465576,-0.04754045605659485,0.0093764066696167,-0.338059663772583,-0.04170684888958931,-0.0007430911064147949,-0.26803338527679443,-0.03335223346948624,0.04790526628494263,-0.26325029134750366,-0.03616981953382492,0.052743613719940186,-0.3382183909416199,-0.060727689415216446,0.032348036766052246,-0.27500224113464355,-0.05734116956591606,0.01939767599105835,-0.2158316969871521,-0.05009600520133972
0.0,0.0,0.0,-0.06274807453155518,-0.07187944650650024,-0.0312536284327507,-0.08729898929595947,-0.1520448923110962,-0.05061647295951843,-0.04595446586608887,-0.2453177571296692,-0.07073628902435303,0.005421102046966553,-0.2837603688240051,-0.08613363653421402,-0.0779803991317749,-0.3543981909751892,-0.013501147739589214,-0.10106313228607178,-0.49162161350250244,-0.03985026851296425,-0.10938078165054321,-0.5697256326675415,-0.0651242658495903,-0.11163640022277832,-0.6397398114204407,-0.08632657676935196,-0.026616573333740234,-0.36631715297698975,-0.01618913933634758,-0.021276652812957764,-0.5188800692558289,-0.04025251045823097,-0.008118271827697754,-0.6091645359992981,-0.06052541360259056,0.004114627838134766,-0.6900972723960876,-0.07706530392169952,0.014016270637512207,-0.3309295177459717,-0.023617012426257133,0.023683667182922363,-0.434665322303772,-0.04611741751432419,0.009240150451660156,-0.33814871311187744,-0.03790469840168953,-0.00019919872283935547,-0.2684677243232727,-0.02850988507270813,0.04752308130264282,-0.2620486617088318,-0.03602910041809082,0.05274558067321777,-0.34117501974105835,-0.05881908908486366,0.03294557332992554,-0.2772409915924072,-0.05356297641992569,0.020046710968017578,-0.217934250831604,-0.04518188163638115
0.0,0.0,0.0,-0.06263405084609985,-0.07561600208282471,-0.03160154074430466,-0.0865975022315979,-0.1562172770500183,-0.050244469195604324,-0.04460334777832031,-0.24687111377716064,-0.0695674940943718,0.006162703037261963,-0.28588950634002686,-0.08431175351142883,-0.07674092054367065,-0.3558948040008545,-0.011448273435235023,-0.10063064098358154,-0.4915216267108917,-0.03605422377586365,-0.10975444316864014,-0.5705374479293823,-0.060521457344293594,-0.11235302686691284,-0.641049325466156,-0.08115655183792114,-0.02568519115447998,-0.36723172664642334,-0.013715908862650394,-0.020970702171325684,-0.521598756313324,-0.03423655033111572,-0.007476329803466797,-0.6111520528793335,-0.052000194787979126,0.005869925022125244,-0.6903091669082642,-0.06729468703269958,0.014915525913238525,-0.3316538333892822,-0.021217677742242813,0.02480703592300415,-0.43729710578918457,-0.04235441982746124,0.008899092674255371,-0.34149330854415894,-0.03525543212890625,-0.0007745027542114258,-0.2709288001060486,-0.027058856561779976,0.0483698844909668,-0.26245027780532837,-0.0337497815489769,0.052469074726104736,-0.34206658601760864,-0.05640941485762596,0.03135991096496582,-0.278373122215271,-0.05241383612155914,0.018874764442443848,-0.21841949224472046,-0.04540524259209633
0.0,0.0,0.0,-0.0624387264251709,-0.07266491651535034,-0.03380002826452255,-0.08645111322402954,-0.1548604965209961,-0.05353336036205292,-0.04555559158325195,-0.24443763494491577,-0.07360989600419998,0.0050743818283081055,-0.28386932611465454,-0.08945135027170181,-0.07721173763275146,-0.35539084672927856,-0.014846643432974815,-0.10026711225509644,-0.4884577989578247,-0.040683675557374954,-0.10959142446517944,-0.5677266120910645,-0.06508918851613998,-0.11216861009597778,-0.6378262639045715,-0.08530070632696152,-0.02613013982772827,-0.3671494722366333,-0.016951050609350204,-0.02119731903076172,-0.5194931030273438,-0.0396152138710022,-0.007976055145263672,-0.6091679334640503,-0.058504875749349594,0.005183219909667969,-0.6879008412361145,-0.07375327497720718,0.014663636684417725,-0.33123403787612915,-0.024303575977683067,0.025910377502441406,-0.432111918926239,-0.04945892095565796,0.009734630584716797,-0.33716070652008057,-0.04449211806058884,-0.0012420415878295898,-0.2669296860694885,-0.03640267625451088,0.047869741916656494,-0.2630835175514221,-0.036504846066236496,0.052186787128448486,-0.33730077743530273,-0.062450721859931946,0.03207194805145264,-0.273859441280365,-0.059739332646131516,0.019333183765411377,-0.21482712030410767,-0.05268414318561554
0.0,0.0,0.0,-0.06326305866241455,-0.07228595018386841,-0.031354308128356934,-0.08697444200515747,-0.1526937484741211,-0.05040403828024864,-0.04600483179092407,-0.2456989884376526,-0.07066547870635986,0.005151212215423584,-0.2846498489379883,-0.0863560140132904,-0.07807642221450806,-0.35510730743408203,-0.010834645479917526,-0.10176807641983032,-0.49215376377105713,-0.036693427711725235,-0.1104574203491211,-0.5704673528671265,-0.0620986633002758,-0.11244797706604004,-0.6415530443191528,-0.08358190953731537,-0.026657581329345703,-0.3669217824935913,-0.014036036096513271,-0.022498130798339844,-0.5180319547653198,-0.03744734451174736,-0.009067177772521973,-0.6084991693496704,-0.05845455452799797,0.004297137260437012,-0.6893529891967773,-0.07589315623044968,0.013727009296417236,-0.3318544626235962,-0.022328924387693405,0.02458024024963379,-0.43309086561203003,-0.04598535597324371,0.008965730667114258,-0.33858156204223633,-0.039968784898519516,-0.001375734806060791,-0.26840174198150635,-0.03200528398156166,0.046012938022613525,-0.2647514343261719,-0.035593513399362564,0.05141788721084595,-0.3415200710296631,-0.05999123677611351,0.030510902404785156,-0.2785530090332031,-0.05666215717792511,0.01734548807144165,-0.21843409538269043,-0.04968398064374924
0.0,0.0,0.0,-0.06132024526596069,-0.06282597780227661,-0.036276280879974365,-0.08595067262649536,-0.14668691158294678,-0.0570429265499115,-0.04454171657562256,-0.2326766848564148,-0.0779319480061531,0.005877435207366943,-0.277108371257782,-0.0948784276843071,-0.07697224617004395,-0.34698694944381714,-0.016981933265924454,-0.09897804260253906,-0.4798479974269867,-0.04239770397543907,-0.10831338167190552,-0.557884931564331,-0.06472878903150558,-0.11086630821228027,-0.62734055519104,-0.08283717930316925,-0.025753796100616455,-0.35989201068878174,-0.01947646029293537,-0.020641446113586426,-0.5090347528457642,-0.043768953531980515,-0.00849992036819458,-0.6010491847991943,-0.0631929412484169,0.004945635795593262,-0.6826877593994141,-0.07746733725070953,0.01460355520248413,-0.3259885907173157,-0.02753547392785549,0.02539592981338501,-0.42116355895996094,-0.05975449085235596,0.009255766868591309,-0.3277401328086853,-0.05978235974907875,-0.0009565353393554688,-0.2555205225944519,-0.05257868021726608,0.047200918197631836,-0.26118820905685425,-0.039939217269420624,0.05163288116455078,-0.3296419382095337,-0.07215971499681473,0.03150808811187744,-0.2669110894203186,-0.07261064648628235,0.01809978485107422,-0.20645248889923096,-0.06618526577949524
0.0,0.0,0.0,-0.06253868341445923,-0.06881469488143921,-0.03251824527978897,-0.08676302433013916,-0.1502368450164795,-0.053301338106393814,-0.04733914136886597,-0.2428346872329712,-0.07535015791654587,0.004263401031494141,-0.2803884744644165,-0.09296460449695587,-0.07741415500640869,-0.3508838415145874,-0.014682810753583908,-0.10087734460830688,-0.48679637908935547,-0.042041003704071045,-0.10961008071899414,-0.5658160448074341,-0.06660885363817215,-0.11191493272781372,-0.6347331404685974,-0.08676979690790176,-0.026586532592773438,-0.3634207248687744,-0.01782880537211895,-0.02119821310043335,-0.514649510383606,-0.043925635516643524,-0.008239805698394775,-0.6040173768997192,-0.06456787139177322,0.004782736301422119,-0.6843496561050415,-0.08050243556499481,0.013672947883605957,-0.32915031909942627,-0.025901129469275475,0.024234294891357422,-0.4287301301956177,-0.05150654539465904,0.008292853832244873,-0.3356471061706543,-0.04448401927947998,-0.002408623695373535,-0.26783955097198486,-0.03474278748035431,0.04588443040847778,-0.2623581886291504,-0.03889453411102295,0.05158638954162598,-0.33639711141586304,-0.0625394880771637,0.031298041343688965,-0.2758105993270874,-0.057483043521642685,0.017903923988342285,-0.21729964017868042,-0.048841748386621475
0.0,0.0,0.0,-0.06187635660171509,-0.07148629426956177,-0.03202351555228233,-0.08590078353881836,-0.15434962511062622,-0.05147234722971916,-0.04516017436981201,-0.24687081575393677,-0.07210526615381241,0.0059487223625183105,-0.2867014408111572,-0.08862306922674179,-0.0773782730102539,-0.3540666699409485,-0.011814279481768608,-0.10083776712417603,-0.49136605858802795,-0.0374932624399662,-0.10957008600234985,-0.5706179141998291,-0.061296526342630386,-0.11178439855575562,-0.6397870779037476,-0.08089284598827362,-0.026551663875579834,-0.3655017018318176,-0.014739532954990864,-0.021447181701660156,-0.5180484056472778,-0.03810315206646919,-0.00847923755645752,-0.6064605712890625,-0.0575830414891243,0.005039989948272705,-0.686299204826355,-0.07294583320617676,0.013898909091949463,-0.3311242461204529,-0.022860614582896233,0.02475559711456299,-0.43511003255844116,-0.04851267859339714,0.009435594081878662,-0.34562021493911743,-0.04413241147994995,-0.0007215142250061035,-0.27732861042022705,-0.03630465269088745,0.04670751094818115,-0.26393961906433105,-0.035648975521326065,0.05179297924041748,-0.33893483877182007,-0.060879185795784,0.030534446239471436,-0.27848970890045166,-0.058049898594617844,0.016839325428009033,-0.218591570854187,-0.050989117473363876
0.0,0.0,0.0,-0.06051647663116455,-0.06906700134277344,-0.0315939337015152,-0.08361935615539551,-0.15141338109970093,-0.05104026570916176,-0.044017255306243896,-0.24215638637542725,-0.07180076092481613,0.004979729652404785,-0.2850538492202759,-0.08849535882472992,-0.07702368497848511,-0.3503119945526123,-0.013431014493107796,-0.09978318214416504,-0.48637524247169495,-0.039248812943696976,-0.10800802707672119,-0.5644006133079529,-0.062381718307733536,-0.1104130744934082,-0.6332213878631592,-0.08131067454814911,-0.02606332302093506,-0.3632085919380188,-0.017141753807663918,-0.021022439002990723,-0.5163516402244568,-0.041769471019506454,-0.008265972137451172,-0.6058874726295471,-0.06101398915052414,0.004766285419464111,-0.6863938570022583,-0.07560554891824722,0.014116764068603516,-0.3294651508331299,-0.025801539421081543,0.024586081504821777,-0.4303346872329712,-0.05254962295293808,0.009320855140686035,-0.33523643016815186,-0.04672658443450928,-0.0004305839538574219,-0.2652243375778198,-0.037173740565776825,0.04654890298843384,-0.2627961039543152,-0.039067771285772324,0.05190479755401611,-0.33730548620224,-0.06454600393772125,0.03200775384902954,-0.2761227488517761,-0.06032010540366173,0.018449902534484863,-0.2168867588043213,-0.05182294547557831
0.0,0.0,0.0,-0.06242704391479492,-0.07220327854156494,-0.028699833899736404,-0.08629244565963745,-0.15314257144927979,-0.04677446186542511,-0.04478871822357178,-0.24620211124420166,-0.06669676303863525,0.005322515964508057,-0.2860789895057678,-0.08210615813732147,-0.07693088054656982,-0.35480839014053345,-0.008023559115827084,-0.10027509927749634,-0.4908527731895447,-0.03312021493911743,-0.10861390829086304,-0.5684669017791748,-0.057614829391241074,-0.11061990261077881,-0.638563871383667,-0.07836174964904785,-0.025977253913879395,-0.3672140836715698,-0.01264867465943098,-0.021266520023345947,-0.5200228691101074,-0.03664954751729965,-0.008008003234863281,-0.6099729537963867,-0.05787218362092972,0.005219578742980957,-0.6902808547019958,-0.07503364235162735,0.014129698276519775,-0.332603394985199,-0.02201014757156372,0.025053799152374268,-0.43641865253448486,-0.04583445191383362,0.00971907377243042,-0.3408629298210144,-0.038840483874082565,-4.708766937255859e-06,-0.2708756923675537,-0.029901407659053802,0.04667460918426514,-0.264900267124176,-0.03607457876205444,0.052328526973724365,-0.34353071451187134,-0.05934692546725273,0.031453490257263184,-0.28005194664001465,-0.05429239198565483,0.01849210262298584,-0.2196793556213379,-0.04605018347501755
0.0,0.0,0.0,-0.061823487281799316,-0.07447564601898193,-0.029028162360191345,-0.08547240495681763,-0.1561264991760254,-0.04672003909945488,-0.04385107755661011,-0.24792706966400146,-0.06580445915460587,0.006580352783203125,-0.2876775860786438,-0.0804142877459526,-0.07579952478408813,-0.35509365797042847,-0.009264525957405567,-0.09994184970855713,-0.4921441078186035,-0.03389793261885643,-0.10842430591583252,-0.5716343522071838,-0.05834905058145523,-0.10983175039291382,-0.6440519690513611,-0.07912380993366241,-0.025164246559143066,-0.36741501092910767,-0.012724440544843674,-0.019944190979003906,-0.5213413238525391,-0.034918952733278275,-0.005345284938812256,-0.6113066673278809,-0.053969088941812515,0.008701503276824951,-0.691737174987793,-0.07001662999391556,0.014922797679901123,-0.33262139558792114,-0.021024664863944054,0.0257796049118042,-0.43794816732406616,-0.04298631101846695,0.009653210639953613,-0.3424617648124695,-0.03546895086765289,-0.00023251771926879883,-0.2727702856063843,-0.02671871706843376,0.047086894512176514,-0.263658344745636,-0.034116633236408234,0.051690518856048584,-0.3448070287704468,-0.05598161742091179,0.030541181564331055,-0.28143972158432007,-0.050781022757291794,0.01854008436203003,-0.22115856409072876,-0.04294174909591675
0.0,0.0,0.0,-0.061557769775390625,-0.07308918237686157,-0.03208523243665695,-0.08492261171340942,-0.15489298105239868,-0.05117737501859665,-0.04363429546356201,-0.24714016914367676,-0.071333147585392,0.007122635841369629,-0.28747886419296265,-0.0868934616446495,-0.07639884948730469,-0.3544420003890991,-0.011201848275959492,-0.10050994157791138,-0.49482962489128113,-0.03559419512748718,-0.1090080738067627,-0.5742117762565613,-0.05893335118889809,-0.11019855737686157,-0.645322322845459,-0.07872132956981659,-0.02558034658432007,-0.36718809604644775,-0.013647633604705334,-0.020972728729248047,-0.5216698050498962,-0.03643376752734184,-0.006412804126739502,-0.6122279167175293,-0.05558145418763161,0.008384883403778076,-0.6933126449584961,-0.07131494581699371,0.01472330093383789,-0.3327717185020447,-0.021265298128128052,0.02575385570526123,-0.4377990961074829,-0.0444350466132164,0.011095762252807617,-0.3434315323829651,-0.03811788186430931,0.0016509294509887695,-0.27459150552749634,-0.029769672080874443,0.04670065641403198,-0.2651363015174866,-0.03389262780547142,0.052316129207611084,-0.34555333852767944,-0.0567547008395195,0.031696856021881104,-0.2833150029182434,-0.05260724946856499,0.018809139728546143,-0.22290575504302979,-0.045322615653276443
0.0,0.0,0.0,-0.06154906749725342,-0.07097232341766357,-0.03158283233642578,-0.085379958152771,-0.15382897853851318,-0.05027218908071518,-0.04422593116760254,-0.2439427375793457,-0.07012876123189926,0.005872070789337158,-0.28526556491851807,-0.08591114729642868,-0.07747054100036621,-0.35360294580459595,-0.012336465530097485,-0.10060715675354004,-0.4888034760951996,-0.03758428618311882,-0.10890167951583862,-0.566563606262207,-0.06174501031637192,-0.11095398664474487,-0.6381808519363403,-0.081967793405056,-0.02688664197921753,-0.36558789014816284,-0.015982061624526978,-0.02174896001815796,-0.5184236764907837,-0.04001738131046295,-0.007474243640899658,-0.6086965799331665,-0.06089862436056137,0.00581049919128418,-0.6879187226295471,-0.0775328129529953,0.013463854789733887,-0.33114367723464966,-0.024566328153014183,0.02436041831970215,-0.4330989718437195,-0.051293157041072845,0.009430408477783203,-0.3382093906402588,-0.04782521724700928,-0.0010209083557128906,-0.2676331400871277,-0.04053880646824837,0.046397626399993896,-0.26509201526641846,-0.037675175815820694,0.05213397741317749,-0.3412625789642334,-0.06377176195383072,0.03170621395111084,-0.27741169929504395,-0.060963843017816544,0.01814192533493042,-0.21651464700698853,-0.0539647676050663
0.0,0.0,0.0,-0.06067293882369995,-0.06796759366989136,-0.03545685485005379,-0.08500087261199951,-0.15360087156295776,-0.05496468022465706,-0.04375743865966797,-0.23889946937561035,-0.07466313987970352,0.006203114986419678,-0.2825480103492737,-0.09039279818534851,-0.07612061500549316,-0.35105425119400024,-0.015389892272651196,-0.10000866651535034,-0.48574021458625793,-0.039485905319452286,-0.10945403575897217,-0.5646188855171204,-0.06165768578648567,-0.11101830005645752,-0.6360853314399719,-0.07991991937160492,-0.026111960411071777,-0.3638385534286499,-0.01736830361187458,-0.021329820156097412,-0.5169028043746948,-0.03976045921444893,-0.0072942376136779785,-0.6081652641296387,-0.05842514708638191,0.007721662521362305,-0.6871076226234436,-0.07293093204498291,0.014372467994689941,-0.329725980758667,-0.024842435494065285,0.02648252248764038,-0.42987751960754395,-0.05396275594830513,0.01146763563156128,-0.33757179975509644,-0.053918126970529556,0.0014255642890930176,-0.266431987285614,-0.047914739698171616,0.04719585180282593,-0.26412642002105713,-0.036796800792217255,0.05241239070892334,-0.3382503390312195,-0.06565900892019272,0.03173774480819702,-0.2758551836013794,-0.06537041068077087,0.017927169799804688,-0.21492451429367065,-0.05965894088149071
0.0,0.0,0.0,-0.06164371967315674,-0.06825774908065796,-0.03696351498365402,-0.08554613590240479,-0.1551695466041565,-0.056001633405685425,-0.043969810009002686,-0.2384677529335022,-0.07478601485490799,0.005677580833435059,-0.28325456380844116,-0.08969707787036896,-0.07635605335235596,-0.3527451157569885,-0.015836503356695175,-0.10073381662368774,-0.4878016412258148,-0.03938332572579384,-0.11055690050125122,-0.5666806697845459,-0.06187167763710022,-0.11184525489807129,-0.6394645571708679,-0.08054712414741516,-0.026664793491363525,-0.3653789162635803,-0.016920071095228195,-0.021966099739074707,-0.5172734260559082,-0.03764241933822632,-0.0070209503173828125,-0.607851505279541,-0.05614374205470085,0.008350849151611328,-0.6854459047317505,-0.07107333838939667,0.0139426589012146,-0.33098846673965454,-0.023792242631316185,0.026604771614074707,-0.43117547035217285,-0.053089018911123276,0.01187664270401001,-0.3385336399078369,-0.05543816462159157,0.0015079975128173828,-0.26619404554367065,-0.05134619027376175,0.047019124031066895,-0.26579415798187256,-0.03515388071537018,0.05236583948135376,-0.33792543411254883,-0.06541643291711807,0.03196883201599121,-0.2749840021133423,-0.06719013303518295,0.018349945545196533,-0.21363985538482666,-0.0630861222743988
0.0,0.0,0.0,-0.06095695495605469,-0.07180362939834595,-0.032503392547369,-0.08409279584884644,-0.1552456021308899,-0.0512823611497879,-0.043264150619506836,-0.2447265386581421,-0.0712743028998375,0.007021725177764893,-0.2868913412094116,-0.08691160380840302,-0.07564729452133179,-0.3540518879890442,-0.010098051279783249,-0.10008352994918823,-0.49127835035324097,-0.034426819533109665,-0.10930144786834717,-0.5704699754714966,-0.05760670453310013,-0.11071830987930298,-0.6416983604431152,-0.0769963338971138,-0.025310099124908447,-0.3668821454048157,-0.013086050748825073,-0.020930707454681396,-0.5200526714324951,-0.03562816232442856,-0.00657123327255249,-0.6114826798439026,-0.055112745612859726,0.008389830589294434,-0.6924837827682495,-0.07082096487283707,0.015049755573272705,-0.3326326012611389,-0.021526888012886047,0.02682805061340332,-0.4351744055747986,-0.04722010716795921,0.011793315410614014,-0.3400442600250244,-0.04379000514745712,0.0017978549003601074,-0.26934826374053955,-0.036632198840379715,0.04708617925643921,-0.2666771411895752,-0.03477020934224129,0.05284970998764038,-0.34303992986679077,-0.06033835560083389,0.031890690326690674,-0.28054821491241455,-0.05814921483397484,0.018320441246032715,-0.2199254035949707,-0.051776859909296036
0.0,0.0,0.0,-0.06067788600921631,-0.06878155469894409,-0.03277180343866348,-0.08388417959213257,-0.1528393030166626,-0.05165757238864899,-0.042964398860931396,-0.23901110887527466,-0.07155279815196991,0.006260693073272705,-0.28229862451553345,-0.08747906237840652,-0.07617402076721191,-0.3499056100845337,-0.01281910389661789,-0.09943658113479614,-0.48580485582351685,-0.03747661039233208,-0.10852444171905518,-0.5645269155502319,-0.060049768537282944,-0.11056679487228394,-0.6349115967750549,-0.07870537787675858,-0.025753676891326904,-0.36281222105026245,-0.016105033457279205,-0.02143537998199463,-0.5169552564620972,-0.039446618407964706,-0.007901608943939209,-0.6078805923461914,-0.05908214673399925,0.006728827953338623,-0.6884843707084656,-0.07430314272642136,0.01451653242111206,-0.32873737812042236,-0.024628503248095512,0.026719987392425537,-0.43066245317459106,-0.0531231090426445,0.012078583240509033,-0.3367524743080139,-0.05140543356537819,0.002038419246673584,-0.26607388257980347,-0.04439631476998329,0.04691261053085327,-0.26358330249786377,-0.03757268190383911,0.05260592699050903,-0.3372347950935364,-0.06564364582300186,0.0325663685798645,-0.27610450983047485,-0.0644826591014862,0.018588125705718994,-0.21721434593200684,-0.058117497712373734
0.0,0.0,0.0,-0.06066477298736572,-0.06675887107849121,-0.03560863807797432,-0.08449071645736694,-0.15281903743743896,-0.05501174181699753,-0.042968928813934326,-0.23621511459350586,-0.07476871460676193,0.006144404411315918,-0.2806805372238159,-0.09068486839532852,-0.07461154460906982,-0.3511388897895813,-0.014748068526387215,-0.09809595346450806,-0.48550233244895935,-0.03865741938352585,-0.10719728469848633,-0.5640891194343567,-0.06082555651664734,-0.10846966505050659,-0.6345548629760742,-0.07915904372930527,-0.02394479513168335,-0.36379915475845337,-0.01677630841732025,-0.018967390060424805,-0.5147006511688232,-0.03833499550819397,-0.005678713321685791,-0.6055552959442139,-0.05645421892404556,0.009299397468566895,-0.6852399110794067,-0.07066255062818527,0.01657402515411377,-0.329232394695282,-0.024520348757505417,0.027352750301361084,-0.43102574348449707,-0.053608253598213196,0.011095225811004639,-0.3366425633430481,-0.053280409425497055,0.0017386078834533691,-0.2634161710739136,-0.047041475772857666,0.0493999719619751,-0.26254940032958984,-0.03681093826889992,0.05327719449996948,-0.3361138105392456,-0.06673792004585266,0.032736897468566895,-0.27400124073028564,-0.06711923331022263,0.0205153226852417,-0.21273738145828247,-0.061626844108104706
0.0,0.0,0.0,-0.05909484624862671,-0.06331753730773926,-0.037547625601291656,-0.0829504132270813,-0.15088039636611938,-0.05709774047136307,-0.04103201627731323,-0.2302861213684082,-0.07623472809791565,0.007695376873016357,-0.2764167785644531,-0.09158909320831299,-0.07383710145950317,-0.3479592204093933,-0.017713012173771858,-0.0969688892364502,-0.48156487941741943,-0.04115327075123787,-0.10620248317718506,-0.5598530173301697,-0.061946090310811996,-0.10771286487579346,-0.6302628517150879,-0.07888758182525635,-0.0234450101852417,-0.35998332500457764,-0.018864452838897705,-0.017721176147460938,-0.5103808641433716,-0.040986567735672,-0.004254817962646484,-0.6012742519378662,-0.05905762314796448,0.010828912258148193,-0.6807304620742798,-0.07250506430864334,0.016869723796844482,-0.3257960081100464,-0.025703012943267822,0.03042590618133545,-0.424366295337677,-0.05845584347844124,0.015436708927154541,-0.3329612612724304,-0.06163746491074562,0.005736231803894043,-0.26040977239608765,-0.056571487337350845,0.0500485897064209,-0.26117444038391113,-0.03670809045433998,0.055702030658721924,-0.3281399607658386,-0.06986313313245773,0.036056339740753174,-0.2672192454338074,-0.07239636033773422,0.022731781005859375,-0.20732438564300537,-0.06768970191478729
0.0,0.0,0.0,-0.06081664562225342,-0.06829887628555298,-0.03632961958646774,-0.08307772874832153,-0.15282535552978516,-0.056547485291957855,-0.041259825229644775,-0.23472940921783447,-0.07685575634241104,0.00793755054473877,-0.2789769172668457,-0.0933288112282753,-0.07325774431228638,-0.350322425365448,-0.016828369349241257,-0.09673720598220825,-0.48430225253105164,-0.04074158892035484,-0.10639876127243042,-0.5636657476425171,-0.06281343847513199,-0.10779118537902832,-0.6348063945770264,-0.08113142102956772,-0.022686779499053955,-0.3625071048736572,-0.01861681044101715,-0.016587257385253906,-0.5123276710510254,-0.04002814739942551,-0.0028253793716430664,-0.6032043695449829,-0.05804865062236786,0.012415945529937744,-0.682502806186676,-0.07238969206809998,0.017723143100738525,-0.32832789421081543,-0.0260169617831707,0.029988467693328857,-0.42761462926864624,-0.054856810718774796,0.013309240341186523,-0.3350735306739807,-0.05463787540793419,0.00323408842086792,-0.2618691325187683,-0.04880375415086746,0.050593554973602295,-0.262709379196167,-0.03803876414895058,0.05473661422729492,-0.33398061990737915,-0.06808556616306305,0.03352236747741699,-0.27176499366760254,-0.0686522051692009,0.020270705223083496,-0.2100568413734436,-0.06341982632875443
0.0,0.0,0.0,-0.06047719717025757,-0.0700300931930542,-0.03421081230044365,-0.08393365144729614,-0.1530551314353943,-0.053537312895059586,-0.042539358139038086,-0.2398444414138794,-0.07344741374254227,0.007503807544708252,-0.2818281054496765,-0.08906719088554382,-0.0739508867263794,-0.35455912351608276,-0.013209383003413677,-0.09747052192687988,-0.4909658432006836,-0.03752253204584122,-0.10667824745178223,-0.5696214437484741,-0.06081971898674965,-0.1079903244972229,-0.6409769058227539,-0.08030321449041367,-0.023484647274017334,-0.36605602502822876,-0.015417877584695816,-0.017450392246246338,-0.5162978768348694,-0.038062386214733124,-0.0027984976768493652,-0.6078633069992065,-0.058055978268384933,0.012419700622558594,-0.6881685853004456,-0.07401571422815323,0.016793012619018555,-0.3302114009857178,-0.023007240146398544,0.02935844659805298,-0.4307172894477844,-0.05002583935856819,0.013757050037384033,-0.338889479637146,-0.04830332100391388,0.0033794045448303223,-0.2688841223716736,-0.04199259355664253,0.04881393909454346,-0.26262086629867554,-0.035268839448690414,0.05518674850463867,-0.33723151683807373,-0.062400467693805695,0.03373008966445923,-0.2760491967201233,-0.06122111529111862,0.019653618335723877,-0.21601766347885132,-0.055217090994119644
0.0,0.0,0.0,-0.060175955295562744,-0.0683741569519043,-0.03493170812726021,-0.08341395854949951,-0.15180706977844238,-0.054376572370529175,-0.04290926456451416,-0.23571360111236572,-0.0742642804980278,0.006404519081115723,-0.27847063541412354,-0.09000460803508759,-0.07378929853439331,-0.3511340022087097,-0.014842563308775425,-0.09712332487106323,-0.48595091700553894,-0.039527781307697296,-0.10644608736038208,-0.5646557211875916,-0.06263841688632965,-0.10762578248977661,-0.6359732151031494,-0.08181606978178024,-0.02325260639190674,-0.36347460746765137,-0.016855278983712196,-0.017507731914520264,-0.513375997543335,-0.03940616548061371,-0.003216981887817383,-0.6049587726593018,-0.05894607678055763,0.011960029602050781,-0.6852971315383911,-0.07449676841497421,0.017200827598571777,-0.3286355137825012,-0.024335309863090515,0.03057175874710083,-0.4288504719734192,-0.052576594054698944,0.014811098575592041,-0.3359311819076538,-0.05199548974633217,0.004427790641784668,-0.26474177837371826,-0.046127799898386,0.04919266700744629,-0.26260101795196533,-0.03643281012773514,0.055303871631622314,-0.3320767283439636,-0.06533095240592957,0.03417748212814331,-0.2714831829071045,-0.06562347710132599,0.02028435468673706,-0.21214067935943604,-0.060365427285432816
0.0,0.0,0.0,-0.05851179361343384,-0.06543034315109253,-0.037061985582113266,-0.08236688375473022,-0.15284860134124756,-0.05666022747755051,-0.03918898105621338,-0.23197168111801147,-0.07602611184120178,0.01029437780380249,-0.27885979413986206,-0.0916849747300148,-0.072276771068573,-0.35033273696899414,-0.016250526532530785,-0.09453624486923218,-0.4833349585533142,-0.03931033983826637,-0.104694664478302,-0.5614215135574341,-0.05998767912387848,-0.10672742128372192,-0.6323210000991821,-0.076725535094738,-0.021726608276367188,-0.3623524308204651,-0.017794767394661903,-0.015799224376678467,-0.5098361968994141,-0.03902216628193855,-0.002579212188720703,-0.6004591584205627,-0.056430649012327194,0.01274174451828003,-0.6812253594398499,-0.0694086030125618,0.018265366554260254,-0.3279109001159668,-0.02519485168159008,0.03197401762008667,-0.42278867959976196,-0.05784377455711365,0.015961527824401855,-0.33176565170288086,-0.06124080717563629,0.005857944488525391,-0.25957536697387695,-0.05626165494322777,0.05071979761123657,-0.26293569803237915,-0.0367414616048336,0.056973397731781006,-0.3307378888130188,-0.06986700743436813,0.03650385141372681,-0.2694694399833679,-0.07226559519767761,0.02284902334213257,-0.2092815637588501,-0.06741198897361755
0.0,0.0,0.0,-0.059117138385772705,-0.0683666467666626,-0.03467082604765892,-0.0820002555847168,-0.1527213454246521,-0.05400177091360092,-0.04061669111251831,-0.2376146912574768,-0.07394341379404068,0.009243607521057129,-0.27976715564727783,-0.0898810625076294,-0.07358056306838989,-0.34853166341781616,-0.014043949544429779,-0.09591102600097656,-0.48481452465057373,-0.03819518908858299,-0.10524380207061768,-0.5628183484077454,-0.06012101098895073,-0.1071738600730896,-0.6332794427871704,-0.07829906791448593,-0.023028552532196045,-0.3618517518043518,-0.016238728538155556,-0.01723569631576538,-0.5114763975143433,-0.039382416754961014,-0.0026885271072387695,-0.6008961200714111,-0.05841488018631935,0.012818872928619385,-0.6807067394256592,-0.07316596806049347,0.017279386520385742,-0.3277773857116699,-0.023920414969325066,0.030656933784484863,-0.42749422788619995,-0.053019776940345764,0.01609879732131958,-0.3357279896736145,-0.052603304386138916,0.005951225757598877,-0.26568126678466797,-0.04650445654988289,0.049198806285858154,-0.26163744926452637,-0.03612769395112991,0.055882930755615234,-0.3328250050544739,-0.06510179489850998,0.03607434034347534,-0.2731204628944397,-0.06523732095956802,0.022311925888061523,-0.2139163613319397,-0.05982803925871849
0.0,0.0,0.0,-0.060751140117645264,-0.07176107168197632,-0.031486041843891144,-0.08315974473953247,-0.15593892335891724,-0.04996059834957123,-0.042244136333465576,-0.24627703428268433,-0.06960868090391159,0.008611440658569336,-0.28512758016586304,-0.08498486131429672,-0.07363247871398926,-0.35225915908813477,-0.012179665267467499,-0.09702372550964355,-0.49187609553337097,-0.03706953674554825,-0.10620236396789551,-0.5697972774505615,-0.06070359796285629,-0.10774451494216919,-0.641056478023529,-0.08059239387512207,-0.02294391393661499,-0.3650318384170532,-0.01507924497127533,-0.016679108142852783,-0.5166366100311279,-0.03874984383583069,-0.0013990402221679688,-0.6069356203079224,-0.05931151658296585,0.013498067855834961,-0.6875216960906982,-0.07605431228876114,0.016916930675506592,-0.3305591940879822,-0.022890089079737663,0.030099451541900635,-0.4339529871940613,-0.04817837104201317,0.014853894710540771,-0.34187328815460205,-0.04438816010951996,0.004297792911529541,-0.2734189033508301,-0.03745317459106445,0.0481114387512207,-0.26350098848342896,-0.035392895340919495,0.05458235740661621,-0.339674711227417,-0.06018767133355141,0.03362083435058594,-0.27884775400161743,-0.05761665850877762,0.020053505897521973,-0.2194441556930542,-0.05124069005250931
0.0,0.0,0.0,-0.061060965061187744,-0.07064586877822876,-0.03178557753562927,-0.08380979299545288,-0.15319716930389404,-0.050228510051965714,-0.042090415954589844,-0.24227255582809448,-0.06981814652681351,0.007699251174926758,-0.28320246934890747,-0.08520519733428955,-0.07440507411956787,-0.35111159086227417,-0.011902769096195698,-0.09757471084594727,-0.4892263412475586,-0.03699321299791336,-0.10659456253051758,-0.5674325823783875,-0.06074932590126991,-0.10835683345794678,-0.63872230052948,-0.08063583821058273,-0.023759663105010986,-0.3637393116950989,-0.015001026913523674,-0.017970502376556396,-0.5148354768753052,-0.03836340829730034,-0.003079712390899658,-0.6041126847267151,-0.05865955352783203,0.012067914009094238,-0.6840491890907288,-0.07502418756484985,0.016190528869628906,-0.32895177602767944,-0.023217596113681793,0.028932392597198486,-0.4305304288864136,-0.04943947494029999,0.014101028442382812,-0.3377454876899719,-0.04636450856924057,0.003742992877960205,-0.2685738801956177,-0.03954495117068291,0.047119855880737305,-0.2620031237602234,-0.03606616333127022,0.05441254377365112,-0.3371649384498596,-0.062274374067783356,0.03282850980758667,-0.2765774130821228,-0.06037213280797005,0.01792091131210327,-0.21739810705184937,-0.05409548804163933
0.0,0.0,0.0,-0.060827434062957764,-0.0678102970123291,-0.03282356634736061,-0.0833357572555542,-0.15106910467147827,-0.05230910703539848,-0.04164034128189087,-0.23908251523971558,-0.07275133579969406,0.008609592914581299,-0.2789086699485779,-0.08920766413211823,-0.07438695430755615,-0.3479077219963074,-0.014795160852372646,-0.09682095050811768,-0.4845390319824219,-0.040781497955322266,-0.1057468056678772,-0.5640621185302734,-0.06416333466768265,-0.10805076360702515,-0.6347649097442627,-0.08335592597723007,-0.02341318130493164,-0.3604584336280823,-0.017895247787237167,-0.016476452350616455,-0.5105882883071899,-0.04183824360370636,-0.0019064545631408691,-0.6012215614318848,-0.06142047420144081,0.012886643409729004,-0.6831858158111572,-0.07669267058372498,0.016889750957489014,-0.3256951570510864,-0.026167605072259903,0.029046595096588135,-0.4246777296066284,-0.05407920852303505,0.014223337173461914,-0.33415675163269043,-0.05183985456824303,0.003866910934448242,-0.2658739686012268,-0.044814836233854294,0.04740309715270996,-0.2593615651130676,-0.03893865644931793,0.05373084545135498,-0.33037108182907104,-0.06660971790552139,0.03282994031906128,-0.2711346745491028,-0.06549344211816788,0.018494844436645508,-0.21334993839263916,-0.059258341789245605
0.0,0.0,0.0,-0.0606456995010376,-0.06735014915466309,-0.03365640342235565,-0.08343309164047241,-0.15059298276901245,-0.05359631031751633,-0.04200303554534912,-0.23772728443145752,-0.07446744292974472,0.008305668830871582,-0.2781839966773987,-0.09150068461894989,-0.07442694902420044,-0.34847933053970337,-0.015371207147836685,-0.0967869758605957,-0.4838952422142029,-0.04160816967487335,-0.10568898916244507,-0.5633904337882996,-0.06504674255847931,-0.10783505439758301,-0.6342369318008423,-0.08420073240995407,-0.02316039800643921,-0.36085450649261475,-0.018546465784311295,-0.016456305980682373,-0.510444164276123,-0.04303184151649475,-0.0018457770347595215,-0.6013780832290649,-0.06298969686031342,0.013181865215301514,-0.6837812662124634,-0.07835014164447784,0.017188668251037598,-0.3261551856994629,-0.027031783014535904,0.029525935649871826,-0.4233897924423218,-0.05629932880401611,0.014142155647277832,-0.33183109760284424,-0.05485354736447334,0.003324270248413086,-0.2630089521408081,-0.0479169636964798,0.047754645347595215,-0.260201632976532,-0.039987362921237946,0.05381417274475098,-0.33056437969207764,-0.06847973167896271,0.033159732818603516,-0.2708367705345154,-0.06768693774938583,0.018884241580963135,-0.21300995349884033,-0.06149720400571823
0.0,0.0,0.0,-0.06154578924179077,-0.07042115926742554,-0.031998760998249054,-0.08448976278305054,-0.1523076295852661,-0.05111285299062729,-0.04245638847351074,-0.24048662185668945,-0.07133591175079346,0.007771193981170654,-0.27979815006256104,-0.08740001916885376,-0.07443773746490479,-0.3511771559715271,-0.013560433872044086,-0.09724515676498413,-0.48814645409584045,-0.039811939001083374,-0.10611319541931152,-0.5672287344932556,-0.06438736617565155,-0.108132004737854,-0.6387701630592346,-0.08484269678592682,-0.02330625057220459,-0.3630874752998352,-0.01670318841934204,-0.016888916492462158,-0.5123957395553589,-0.040891438722610474,-0.0020821690559387207,-0.6021841764450073,-0.061612315475940704,0.012656331062316895,-0.6841748952865601,-0.07829611003398895,0.016678810119628906,-0.32791560888290405,-0.024915749207139015,0.02932196855545044,-0.427925705909729,-0.05159571021795273,0.013692796230316162,-0.33450931310653687,-0.04820898547768593,0.002788066864013672,-0.26616644859313965,-0.041086457669734955,0.04706615209579468,-0.26084625720977783,-0.03777517378330231,0.05385124683380127,-0.3335724472999573,-0.06421007215976715,0.032399773597717285,-0.2729586362838745,-0.06237461045384407,0.01815783977508545,-0.21528279781341553,-0.056060489267110825
0.0,0.0,0.0,-0.06138288974761963,-0.07298481464385986,-0.030114224180579185,-0.08407407999038696,-0.1559721827507019,-0.04824817553162575,-0.042941510677337646,-0.24589020013809204,-0.06785041093826294,0.007906973361968994,-0.28329187631607056,-0.08314486593008041,-0.07404792308807373,-0.3532531261444092,-0.01166184339672327,-0.0976032018661499,-0.4923045039176941,-0.03759799525141716,-0.10647541284561157,-0.5711562633514404,-0.062398407608270645,-0.10812783241271973,-0.6429213881492615,-0.08312959223985672,-0.02325338125228882,-0.3652932047843933,-0.01516464538872242,-0.016646265983581543,-0.5181631445884705,-0.039434533566236496,-0.0010520219802856445,-0.6088587045669556,-0.060442812740802765,0.013708353042602539,-0.6891571879386902,-0.07752951979637146,0.0168648362159729,-0.3300303816795349,-0.023411184549331665,0.02924323081970215,-0.43345487117767334,-0.04778330773115158,0.013690769672393799,-0.338620126247406,-0.04240890592336655,0.0032532215118408203,-0.26961255073547363,-0.03454016521573067,0.04764026403427124,-0.2617589235305786,-0.03637005761265755,0.05424922704696655,-0.3394373655319214,-0.0597270131111145,0.03275114297866821,-0.2776278257369995,-0.055580832064151764,0.019248783588409424,-0.21788638830184937,-0.04816720262169838
0.0,0.0,0.0,-0.06062549352645874,-0.06916004419326782,-0.03338991850614548,-0.08376854658126831,-0.15225940942764282,-0.05254269391298294,-0.04283672571182251,-0.23996317386627197,-0.07260920107364655,0.007164716720581055,-0.28052860498428345,-0.08860089629888535,-0.07407253980636597,-0.3510435223579407,-0.013953200541436672,-0.09712463617324829,-0.48797714710235596,-0.03960040584206581,-0.10629230737686157,-0.5664492249488831,-0.06341823935508728,-0.10797947645187378,-0.6379401683807373,-0.08305137604475021,-0.023235440254211426,-0.3629991412162781,-0.016707902774214745,-0.01624274253845215,-0.5135250091552734,-0.040804192423820496,-0.0007497668266296387,-0.6046406030654907,-0.06141514331102371,0.014552533626556396,-0.6850714087486267,-0.07765357196331024,0.016904711723327637,-0.32788485288619995,-0.024667315185070038,0.030473530292510986,-0.4265337586402893,-0.05246976390480995,0.014291524887084961,-0.3324350118637085,-0.05017251521348953,0.002742588520050049,-0.26297664642333984,-0.04325137659907341,0.047574520111083984,-0.2616536021232605,-0.03724230080842972,0.0544203519821167,-0.3341660499572754,-0.06419578939676285,0.03289908170700073,-0.27228784561157227,-0.062323037534952164,0.018361449241638184,-0.21305698156356812,-0.0557861328125
0.0,0.0,0.0,-0.05975818634033203,-0.06792652606964111,-0.03556456044316292,-0.08290117979049683,-0.15380656719207764,-0.05493595451116562,-0.039688825607299805,-0.23318123817443848,-0.07453892379999161,0.010011553764343262,-0.27632397413253784,-0.09050723910331726,-0.07219964265823364,-0.3487665057182312,-0.01687086746096611,-0.09416365623474121,-0.483365535736084,-0.041377753019332886,-0.10407149791717529,-0.5622048377990723,-0.06334111839532852,-0.10701239109039307,-0.6338584423065186,-0.08113396167755127,-0.02084493637084961,-0.36073845624923706,-0.018889151513576508,-0.012497901916503906,-0.508176326751709,-0.04125303402543068,0.0012510418891906738,-0.5996549725532532,-0.05961579456925392,0.015509366989135742,-0.681614100933075,-0.07364417612552643,0.019308388233184814,-0.3257874846458435,-0.02647016942501068,0.03181415796279907,-0.4209868907928467,-0.057326775044202805,0.017332613468170166,-0.3311777114868164,-0.05942218005657196,0.007910311222076416,-0.2603721022605896,-0.05433567240834236,0.05073601007461548,-0.259498655796051,-0.03835022822022438,0.05725502967834473,-0.32899707555770874,-0.0692557543516159,0.03748583793640137,-0.26996034383773804,-0.07076641917228699,0.02391594648361206,-0.21052533388137817,-0.06587350368499756
0.0,0.0,0.0,-0.060247719287872314,-0.06784313917160034,-0.03582536429166794,-0.08211749792098999,-0.15221089124679565,-0.05599868297576904,-0.040463149547576904,-0.23634976148605347,-0.07646048814058304,0.01029050350189209,-0.27599620819091797,-0.09293130785226822,-0.07295936346054077,-0.3488383889198303,-0.01706709899008274,-0.09540683031082153,-0.48554110527038574,-0.04222094267606735,-0.10440582036972046,-0.5647331476211548,-0.06457702815532684,-0.10614466667175293,-0.6350708603858948,-0.08296575397253036,-0.021558046340942383,-0.3610081672668457,-0.018832223489880562,-0.014190733432769775,-0.5119519829750061,-0.0423392616212368,0.0006785392761230469,-0.6028554439544678,-0.061497874557971954,0.01607424020767212,-0.6840693950653076,-0.07636202126741409,0.01891350746154785,-0.3253992795944214,-0.026039741933345795,0.031916141510009766,-0.42549610137939453,-0.055586617439985275,0.01672685146331787,-0.33542585372924805,-0.05567842349410057,0.00642549991607666,-0.26631027460098267,-0.04979318007826805,0.05048954486846924,-0.25841212272644043,-0.03776977211236954,0.05624890327453613,-0.32804667949676514,-0.0671674832701683,0.036465227603912354,-0.26955515146255493,-0.06782777607440948,0.02312290668487549,-0.21161121129989624,-0.06269218772649765
0.0,0.0,0.0,-0.06050920486450195,-0.06674784421920776,-0.03538641333580017,-0.08284729719161987,-0.1517670750617981,-0.055126093327999115,-0.04069244861602783,-0.23462319374084473,-0.0750395804643631,0.00899893045425415,-0.27648991346359253,-0.09116864949464798,-0.07338881492614746,-0.3481289744377136,-0.017777161672711372,-0.09556889533996582,-0.48497360944747925,-0.042280036956071854,-0.10473352670669556,-0.5641698241233826,-0.06420145183801651,-0.10680919885635376,-0.6352111101150513,-0.08235280215740204,-0.02170044183731079,-0.36068516969680786,-0.019614050164818764,-0.013839125633239746,-0.5115934610366821,-0.042037442326545715,0.0007047057151794434,-0.6012721657752991,-0.06049312651157379,0.015823841094970703,-0.6829794645309448,-0.07507217675447464,0.01858961582183838,-0.32546430826187134,-0.026739351451396942,0.03169769048690796,-0.426369309425354,-0.056103963404893875,0.016078472137451172,-0.33548545837402344,-0.056499235332012177,0.005907714366912842,-0.2656971216201782,-0.05100851505994797,0.05018436908721924,-0.25810885429382324,-0.038263190537691116,0.05561709403991699,-0.3267677426338196,-0.06834292411804199,0.036016881465911865,-0.2677497863769531,-0.06957568973302841,0.02320277690887451,-0.20967400074005127,-0.06485746800899506
0.0,0.0,0.0,-0.06009876728057861,-0.06542515754699707,-0.03731631115078926,-0.08290433883666992,-0.15139007568359375,-0.057414524257183075,-0.03966355323791504,-0.22996681928634644,-0.07713878899812698,0.010552048683166504,-0.2727925777435303,-0.09328676015138626,-0.07286995649337769,-0.34938663244247437,-0.019265534356236458,-0.09495621919631958,-0.48261308670043945,-0.04323423281311989,-0.10381156206130981,-0.5618217587471008,-0.0642433688044548,-0.10547977685928345,-0.6329843997955322,-0.08144944161176682,-0.021330058574676514,-0.36023086309432983,-0.020781857892870903,-0.013828098773956299,-0.5101829171180725,-0.04298042505979538,0.0009291172027587891,-0.6007654666900635,-0.0607408732175827,0.01673668622970581,-0.6811158657073975,-0.0742877647280693,0.018726587295532227,-0.32349878549575806,-0.02790362387895584,0.032768309116363525,-0.41963350772857666,-0.06022937223315239,0.01688098907470703,-0.33063483238220215,-0.06331722438335419,0.006139039993286133,-0.26113682985305786,-0.05861692503094673,0.05048525333404541,-0.2564610242843628,-0.03918669372797012,0.05641907453536987,-0.3222671151161194,-0.07215212285518646,0.036196231842041016,-0.2625963091850281,-0.07496734708547592,0.022094249725341797,-0.204972505569458,-0.07078667730093002
0.0,0.0,0.0,-0.059117019176483154,-0.06344056129455566,-0.03924556076526642,-0.08234173059463501,-0.15129321813583374,-0.06060975417494774,-0.03987681865692139,-0.226540207862854,-0.08159385621547699,0.009927988052368164,-0.2702808976173401,-0.09916883707046509,-0.07071787118911743,-0.3478189706802368,-0.021166669204831123,-0.09224188327789307,-0.47846871614456177,-0.04669656604528427,-0.10198146104812622,-0.5578179955482483,-0.06792167574167252,-0.10467791557312012,-0.6285920143127441,-0.08451971411705017,-0.018881916999816895,-0.35864728689193726,-0.022800935432314873,-0.009610772132873535,-0.5060294270515442,-0.04725329950451851,0.003904879093170166,-0.598574697971344,-0.06587425619363785,0.019026339054107666,-0.6810211539268494,-0.07888338714838028,0.021658003330230713,-0.3223152756690979,-0.03027796372771263,0.0352330207824707,-0.4154165983200073,-0.06682026386260986,0.018858909606933594,-0.3269805312156677,-0.0717206671833992,0.00830930471420288,-0.2554486393928528,-0.06652169674634933,0.05387699604034424,-0.2557189464569092,-0.0418228805065155,0.05971217155456543,-0.31991046667099,-0.07737796008586884,0.03956639766693115,-0.26097261905670166,-0.0805254876613617,0.025128483772277832,-0.20167821645736694,-0.07552225142717361
0.0,0.0,0.0,-0.05901855230331421,-0.06017470359802246,-0.039968110620975494,-0.08245503902435303,-0.14887642860412598,-0.06130388006567955,-0.03917497396469116,-0.22266346216201782,-0.08201528340578079,0.010682880878448486,-0.26655399799346924,-0.09939180314540863,-0.07046055793762207,-0.3444645404815674,-0.022496722638607025,-0.0917823314666748,-0.47475820779800415,-0.04856325313448906,-0.10129910707473755,-0.5538336038589478,-0.06988105177879333,-0.10399508476257324,-0.6241799592971802,-0.08645271509885788,-0.018341124057769775,-0.35404497385025024,-0.023887239396572113,-0.008780479431152344,-0.5000487565994263,-0.04928402602672577,0.004364490509033203,-0.5924826860427856,-0.06876405328512192,0.01917630434036255,-0.6742804646492004,-0.08216787874698639,0.022148430347442627,-0.3174351453781128,-0.031058624386787415,0.035661518573760986,-0.4100792407989502,-0.068998321890831,0.018821537494659424,-0.32199257612228394,-0.0746726244688034,0.008402645587921143,-0.25078606605529785,-0.06971016526222229,0.054668962955474854,-0.2510110139846802,-0.042221661657094955,0.05943477153778076,-0.31245356798171997,-0.07923825085163116,0.03915095329284668,-0.25199055671691895,-0.08308666199445724,0.024872541427612305,-0.19304025173187256,-0.07829052954912186
0.0,0.0,0.0,-0.059369444847106934,-0.05807679891586304,-0.04179095849394798,-0.08300012350082397,-0.14888131618499756,-0.06382143497467041,-0.03944969177246094,-0.22117537260055542,-0.08490722626447678,0.010952949523925781,-0.2654866576194763,-0.10266979783773422,-0.070159912109375,-0.3449123501777649,-0.024359896779060364,-0.09132641553878784,-0.4746517241001129,-0.051126811653375626,-0.10088753700256348,-0.5542886853218079,-0.07270278036594391,-0.10363644361495972,-0.6250712275505066,-0.08935486525297165,-0.018176019191741943,-0.35460054874420166,-0.025262748822569847,-0.00813978910446167,-0.500264048576355,-0.05166739597916603,0.005365133285522461,-0.593004584312439,-0.07169326394796371,0.020569145679473877,-0.6746277809143066,-0.0853351280093193,0.022282123565673828,-0.31880348920822144,-0.03212369605898857,0.03660404682159424,-0.41054314374923706,-0.07220780849456787,0.019821107387542725,-0.32314103841781616,-0.07946516573429108,0.009352385997772217,-0.25109755992889404,-0.07520342618227005,0.05530959367752075,-0.25346022844314575,-0.04298333823680878,0.059534311294555664,-0.31168878078460693,-0.08218325674533844,0.03929483890533447,-0.2499895691871643,-0.08744119852781296,0.025116324424743652,-0.19038701057434082,-0.08339793235063553
0.0,0.0,0.0,-0.060092926025390625,-0.0635148286819458,-0.0392315648496151,-0.08381545543670654,-0.15069890022277832,-0.06092861667275429,-0.04133957624435425,-0.22679054737091064,-0.08223551511764526,0.009370028972625732,-0.270016610622406,-0.1001080870628357,-0.07253074645996094,-0.3483550548553467,-0.02189844846725464,-0.09461337327957153,-0.48119813203811646,-0.04785226657986641,-0.10398977994918823,-0.561423659324646,-0.06931113451719284,-0.10635215044021606,-0.6325575113296509,-0.0861193835735321,-0.020193397998809814,-0.35876578092575073,-0.023391442373394966,-0.010412633419036865,-0.5066424012184143,-0.047601766884326935,0.0030832886695861816,-0.59917151927948,-0.06583983451128006,0.018051326274871826,-0.6818407773971558,-0.07874938100576401,0.02042686939239502,-0.32227903604507446,-0.030695756897330284,0.032902657985687256,-0.41503292322158813,-0.06610289216041565,0.01581031084060669,-0.3258858919143677,-0.06976798176765442,0.005729317665100098,-0.2548066973686218,-0.06413134187459946,0.05231964588165283,-0.25544077157974243,-0.04220123589038849,0.05663079023361206,-0.3184663653373718,-0.07737668603658676,0.035527586936950684,-0.25791454315185547,-0.08017825335264206,0.021183490753173828,-0.1982554793357849,-0.0749938040971756
0.0,0.0,0.0,-0.0597456693649292,-0.05900472402572632,-0.041433513164520264,-0.08437240123748779,-0.14778739213943481,-0.06377580016851425,-0.04071497917175293,-0.22162461280822754,-0.08507493883371353,0.009467482566833496,-0.2654283046722412,-0.10301633179187775,-0.07197004556655884,-0.34324347972869873,-0.02570810355246067,-0.09304624795913696,-0.4771003723144531,-0.05216507613658905,-0.1035909652709961,-0.5563867688179016,-0.07389886677265167,-0.10695016384124756,-0.6277352571487427,-0.09082221239805222,-0.01983088254928589,-0.3530987501144409,-0.026349900290369987,-0.010151267051696777,-0.5006423592567444,-0.0517750009894371,0.0024634599685668945,-0.5937557220458984,-0.07167207449674606,0.016826391220092773,-0.6789282560348511,-0.0857304111123085,0.020614802837371826,-0.3173781633377075,-0.03262949734926224,0.034494221210479736,-0.4111201763153076,-0.07051768898963928,0.018347978591918945,-0.3213934898376465,-0.07636337727308273,0.007862985134124756,-0.24883753061294556,-0.07181345671415329,0.052917301654815674,-0.2520015835762024,-0.043015774339437485,0.05811655521392822,-0.31369227170944214,-0.08047010749578476,0.03907275199890137,-0.25114089250564575,-0.08451898396015167,0.02567887306213379,-0.19044476747512817,-0.07994694262742996
0.0,0.0,0.0,-0.05901777744293213,-0.05905181169509888,-0.03999838978052139,-0.0826956033706665,-0.15045899152755737,-0.06040984019637108,-0.03922361135482788,-0.22275221347808838,-0.08005156368017197,0.009870350360870361,-0.26883721351623535,-0.09645349532365799,-0.07209300994873047,-0.3446691632270813,-0.022631105035543442,-0.0938190221786499,-0.47576117515563965,-0.048723217099905014,-0.10364663600921631,-0.5550459027290344,-0.07025159895420074,-0.10667073726654053,-0.6269106864929199,-0.08686188608407974,-0.020356416702270508,-0.3544146418571472,-0.023807015269994736,-0.010714471340179443,-0.501785933971405,-0.04914501681923866,0.003378927707672119,-0.5946114659309387,-0.06895173341035843,0.018610477447509766,-0.6761114001274109,-0.08270396292209625,0.01948004961013794,-0.319205105304718,-0.030830465257167816,0.034232914447784424,-0.41003549098968506,-0.07019344717264175,0.017746567726135254,-0.3228837847709656,-0.07823812961578369,0.006754100322723389,-0.2508689761161804,-0.07469400018453598,0.051863789558410645,-0.25544703006744385,-0.041658200323581696,0.057479262351989746,-0.31369853019714355,-0.07991237938404083,0.037012696266174316,-0.25351130962371826,-0.08536536246538162,0.02204960584640503,-0.1952577829360962,-0.08180824667215347
0.0,0.0,0.0,-0.059396207332611084,-0.06395238637924194,-0.0385584831237793,-0.08298510313034058,-0.15213793516159058,-0.05928848311305046,-0.040124475955963135,-0.22842741012573242,-0.0795225203037262,0.009952425956726074,-0.2717438340187073,-0.09624331444501877,-0.0733346939086914,-0.34650832414627075,-0.022308792918920517,-0.09476464986801147,-0.4808940291404724,-0.04788512736558914,-0.10455167293548584,-0.5603877902030945,-0.06939540058374405,-0.10758143663406372,-0.631965160369873,-0.08629823476076126,-0.02161085605621338,-0.357430636882782,-0.023496482521295547,-0.011652588844299316,-0.5070352554321289,-0.0473095066845417,0.0032492876052856445,-0.5990921258926392,-0.06563692539930344,0.018566131591796875,-0.6805452704429626,-0.07902190089225769,0.018635988235473633,-0.32213717699050903,-0.030319008976221085,0.033177852630615234,-0.4137038588523865,-0.06455109268426895,0.01782470941543579,-0.32467377185821533,-0.06860896199941635,0.007072389125823975,-0.25433778762817383,-0.06388252973556519,0.0504305362701416,-0.25715726613998413,-0.04131976515054703,0.05736565589904785,-0.32013988494873047,-0.07461528480052948,0.03720378875732422,-0.260483980178833,-0.07723923772573471,0.022447526454925537,-0.20283842086791992,-0.0727323666214943
0.0,0.0,0.0,-0.05854964256286621,-0.06085777282714844,-0.03957638144493103,-0.08236348628997803,-0.15256881713867188,-0.059695977717638016,-0.03919762372970581,-0.2252507209777832,-0.07912761718034744,0.009687662124633789,-0.2706295847892761,-0.0953574851155281,-0.07185834646224976,-0.34669679403305054,-0.0220760777592659,-0.0936974287033081,-0.4796067774295807,-0.047242045402526855,-0.10387444496154785,-0.558649480342865,-0.06843312084674835,-0.10664123296737671,-0.6306740045547485,-0.08491373807191849,-0.02009648084640503,-0.3566588759422302,-0.023275896906852722,-0.01048976182937622,-0.5051217675209045,-0.04692721366882324,0.003398120403289795,-0.5977318286895752,-0.06582911312580109,0.01871812343597412,-0.6805561780929565,-0.07931698113679886,0.020097315311431885,-0.3215821385383606,-0.030299222096800804,0.03470104932785034,-0.4134793281555176,-0.06805194169282913,0.018556177616119385,-0.3246849775314331,-0.0756545439362526,0.007826149463653564,-0.2519960403442383,-0.07226855307817459,0.05257779359817505,-0.2576029300689697,-0.04118281602859497,0.05861341953277588,-0.3173518180847168,-0.07820043712854385,0.038694798946380615,-0.25714731216430664,-0.0831696167588234,0.02441316843032837,-0.1983346939086914,-0.07960668951272964
0.0,0.0,0.0,-0.05973923206329346,-0.06420928239822388,-0.038311004638671875,-0.08334028720855713,-0.1510714888572693,-0.05903509259223938,-0.040364742279052734,-0.22860902547836304,-0.07936715334653854,0.009691834449768066,-0.2710871696472168,-0.0962715744972229,-0.07353949546813965,-0.3463965654373169,-0.021211227402091026,-0.09476679563522339,-0.47945910692214966,-0.046277016401290894,-0.10403227806091309,-0.5590747594833374,-0.06761103123426437,-0.10660767555236816,-0.6310221552848816,-0.08469878882169724,-0.021483004093170166,-0.3582143187522888,-0.022583577781915665,-0.012034893035888672,-0.5059091448783875,-0.04610387980937958,0.0021875500679016113,-0.597029447555542,-0.06436307728290558,0.016982555389404297,-0.6790717244148254,-0.0778036043047905,0.018966853618621826,-0.32316267490386963,-0.029587822034955025,0.032889723777770996,-0.4151018261909485,-0.06346388906240463,0.01769435405731201,-0.325072705745697,-0.06694258749485016,0.0072959065437316895,-0.254427433013916,-0.0618935190141201,0.0507318377494812,-0.2573968768119812,-0.04079968109726906,0.056907474994659424,-0.3212074637413025,-0.07425915449857712,0.037680625915527344,-0.2612202763557434,-0.07678955793380737,0.023852825164794922,-0.20271241664886475,-0.07211483269929886
0.0,0.0,0.0,-0.05956381559371948,-0.06517815589904785,-0.037337977439165115,-0.08166098594665527,-0.15010309219360352,-0.057799190282821655,-0.03992217779159546,-0.23190850019454956,-0.07801474630832672,0.010212719440460205,-0.27449679374694824,-0.09454940259456635,-0.07341611385345459,-0.34754717350006104,-0.019842155277729034,-0.09516233205795288,-0.48076409101486206,-0.045748189091682434,-0.10421687364578247,-0.5607938766479492,-0.06818860024213791,-0.10650479793548584,-0.632474422454834,-0.08622091263532639,-0.021835803985595703,-0.35843926668167114,-0.0214352048933506,-0.013531148433685303,-0.5073394775390625,-0.04566219821572304,0.001389145851135254,-0.5990632772445679,-0.06506925821304321,0.016778647899627686,-0.6811445951461792,-0.07961856573820114,0.01857447624206543,-0.32194197177886963,-0.028562655672430992,0.03244119882583618,-0.41644287109375,-0.06166323274374008,0.016672611236572266,-0.3287231922149658,-0.0646234080195427,0.005498230457305908,-0.26049673557281494,-0.059623297303915024,0.04950755834579468,-0.2559611201286316,-0.03989724442362785,0.05531388521194458,-0.32002538442611694,-0.07265688478946686,0.03497546911239624,-0.26142334938049316,-0.07510337978601456,0.02041935920715332,-0.20442181825637817,-0.07054855674505234
0.0,0.0,0.0,-0.05989956855773926,-0.06473565101623535,-0.039150089025497437,-0.08318811655044556,-0.15063810348510742,-0.060855358839035034,-0.04070103168487549,-0.22683238983154297,-0.08211314678192139,0.009484410285949707,-0.26973044872283936,-0.099916972219944,-0.07173317670822144,-0.34598833322525024,-0.022423533722758293,-0.09314382076263428,-0.4790313243865967,-0.04814035817980766,-0.10337889194488525,-0.5579169988632202,-0.070106141269207,-0.1062004566192627,-0.62971031665802,-0.08749853819608688,-0.020249485969543457,-0.35699135065078735,-0.02376437373459339,-0.010731279850006104,-0.5045536160469055,-0.04753977060317993,0.0030379295349121094,-0.5969728231430054,-0.06639032065868378,0.01780027151107788,-0.6814517974853516,-0.0803358405828476,0.02005159854888916,-0.3215290904045105,-0.030807724222540855,0.03369712829589844,-0.414803683757782,-0.06529773026704788,0.017630577087402344,-0.3270213007926941,-0.06982793658971786,0.0066030025482177734,-0.2563536763191223,-0.06543007493019104,0.05163317918777466,-0.25615280866622925,-0.04211224988102913,0.05765342712402344,-0.32027626037597656,-0.07591713219881058,0.03776174783706665,-0.26213186979293823,-0.0789617970585823,0.02350527048110962,-0.20336318016052246,-0.07461772859096527
0.0,0.0,0.0,-0.058962225914001465,-0.06543827056884766,-0.03761588782072067,-0.08257400989532471,-0.15131044387817383,-0.05844581127166748,-0.04061532020568848,-0.22599303722381592,-0.07893083244562149,0.008861422538757324,-0.270074725151062,-0.09588056057691574,-0.07065474987030029,-0.3489300012588501,-0.02051606960594654,-0.09281587600708008,-0.4805493950843811,-0.04563639685511589,-0.10336571931838989,-0.5593001246452332,-0.06778574734926224,-0.10545563697814941,-0.631149411201477,-0.08533167839050293,-0.01973855495452881,-0.35910481214523315,-0.022310607135295868,-0.011037588119506836,-0.5068426728248596,-0.045025601983070374,0.0037680864334106445,-0.5995213389396667,-0.06348788738250732,0.020190775394439697,-0.6827107667922974,-0.07733799517154694,0.020200490951538086,-0.32302993535995483,-0.029728930443525314,0.03464704751968384,-0.41454607248306274,-0.06344462186098099,0.01797962188720703,-0.32603543996810913,-0.06764146685600281,0.006609678268432617,-0.2547375559806824,-0.06317560374736786,0.05187666416168213,-0.25751256942749023,-0.04125950112938881,0.05848515033721924,-0.32214611768722534,-0.07441125810146332,0.037606000900268555,-0.26327526569366455,-0.07672097533941269,0.02295100688934326,-0.20470350980758667,-0.0719325989484787
0.0,0.0,0.0,-0.05967992544174194,-0.06541383266448975,-0.03997119516134262,-0.08339583873748779,-0.1526433825492859,-0.06111562252044678,-0.040637195110321045,-0.2276037335395813,-0.08146809786558151,0.009435772895812988,-0.2706567645072937,-0.09829212725162506,-0.07275086641311646,-0.3492893576622009,-0.021642638370394707,-0.09432244300842285,-0.4807547628879547,-0.04650188609957695,-0.10456722974777222,-0.5592509508132935,-0.06803451478481293,-0.10683548450469971,-0.6311519145965576,-0.08512555807828903,-0.021542489528656006,-0.3600199818611145,-0.022484516724944115,-0.012905359268188477,-0.5073843002319336,-0.04542433097958565,0.0020967721939086914,-0.5991320013999939,-0.06355823576450348,0.0182458758354187,-0.6816493272781372,-0.07697004079818726,0.01856321096420288,-0.32431185245513916,-0.029275644570589066,0.033973753452301025,-0.41337406635284424,-0.06446979939937592,0.017724812030792236,-0.32336270809173584,-0.06987359374761581,0.005824387073516846,-0.25198066234588623,-0.06579222530126572,0.050257742404937744,-0.25922131538391113,-0.0402715690433979,0.05735349655151367,-0.3215547800064087,-0.07494636625051498,0.037358880043029785,-0.26164084672927856,-0.07853744924068451,0.02254617214202881,-0.20350027084350586,-0.07452934980392456
0.0,0.0,0.0,-0.05976206064224243,-0.06699967384338379,-0.038086749613285065,-0.08352065086364746,-0.15512245893478394,-0.05847329646348953,-0.04101097583770752,-0.2296876311302185,-0.07863830775022507,0.008226990699768066,-0.2730366587638855,-0.09529677778482437,-0.07097601890563965,-0.35283446311950684,-0.019106315448880196,-0.0930100679397583,-0.48602354526519775,-0.04354729503393173,-0.10341048240661621,-0.5654376149177551,-0.06530193984508514,-0.10505104064941406,-0.638346254825592,-0.08275046199560165,-0.019798457622528076,-0.3634326457977295,-0.020864538848400116,-0.011844336986541748,-0.5103864669799805,-0.04263400286436081,0.002494215965270996,-0.6024917364120483,-0.06047426909208298,0.018623650074005127,-0.6865667104721069,-0.07407711446285248,0.020353198051452637,-0.3277461528778076,-0.028537865728139877,0.035008907318115234,-0.4211690425872803,-0.06275415420532227,0.01753479242324829,-0.32802897691726685,-0.06719549745321274,0.005671977996826172,-0.2536749243736267,-0.0627860501408577,0.052117764949798584,-0.261529803276062,-0.04039103537797928,0.0581052303314209,-0.3259045481681824,-0.07497638463973999,0.037310123443603516,-0.2648167014122009,-0.07818248867988586,0.023087739944458008,-0.2049257755279541,-0.0738842561841011
0.0,0.0,0.0,-0.05998128652572632,-0.060693204402923584,-0.04053516313433647,-0.08435189723968506,-0.15055572986602783,-0.06147461012005806,-0.041861534118652344,-0.22402197122573853,-0.08136802166700363,0.007506191730499268,-0.26877331733703613,-0.09791426360607147,-0.07230085134506226,-0.3492029905319214,-0.023338282480835915,-0.09329056739807129,-0.4812627136707306,-0.048675235360860825,-0.10230708122253418,-0.5606318116188049,-0.06953754276037216,-0.10388153791427612,-0.6322788596153259,-0.08584122359752655,-0.020553648471832275,-0.3584890365600586,-0.02442031353712082,-0.01196223497390747,-0.5082992911338806,-0.048949386924505234,0.0025448203086853027,-0.6001594662666321,-0.06759224086999893,0.019036591053009033,-0.6813143491744995,-0.08056732267141342,0.019528627395629883,-0.3215372562408447,-0.03134361654520035,0.03360706567764282,-0.41025930643081665,-0.0700993537902832,0.015134871006011963,-0.3195352554321289,-0.07695771008729935,0.0032024383544921875,-0.24738800525665283,-0.07265911996364594,0.051579952239990234,-0.2556309103965759,-0.0421174056828022,0.05570191144943237,-0.3133545517921448,-0.0800861194729805,0.03402888774871826,-0.2518845200538635,-0.08480320125818253,0.01886153221130371,-0.19399595260620117,-0.08073639869689941
0.0,0.0,0.0,-0.061030566692352295,-0.060994505882263184,-0.04109909012913704,-0.08430612087249756,-0.14641785621643066,-0.06396093219518661,-0.04225975275039673,-0.22116243839263916,-0.08583365380764008,0.008825480937957764,-0.2618672847747803,-0.1040845736861229,-0.07100248336791992,-0.34952425956726074,-0.025625217705965042,-0.0918731689453125,-0.4824270009994507,-0.05272866412997246,-0.10047036409378052,-0.5638501048088074,-0.07506968080997467,-0.10201913118362427,-0.6355239152908325,-0.09266801923513412,-0.018140137195587158,-0.357688844203949,-0.02667437121272087,-0.008511602878570557,-0.5062234401702881,-0.052367616444826126,0.0049245357513427734,-0.5988285541534424,-0.0719384104013443,0.020035624504089355,-0.6818975806236267,-0.0859026163816452,0.022238194942474365,-0.31994330883026123,-0.03345037251710892,0.0357474684715271,-0.41006362438201904,-0.07024748623371124,0.015912950038909912,-0.3202682137489319,-0.07418346405029297,0.0037981271743774414,-0.25081634521484375,-0.06857701390981674,0.05406773090362549,-0.2532615661621094,-0.044441547244787216,0.057950615882873535,-0.31445032358169556,-0.0804450511932373,0.03614306449890137,-0.25288504362106323,-0.08346865326166153,0.021369218826293945,-0.19506770372390747,-0.07838086783885956
0.0,0.0,0.0,-0.0595279335975647,-0.051439881324768066,-0.04268333688378334,-0.08341491222381592,-0.1437772512435913,-0.06524570286273956,-0.04031789302825928,-0.21277743577957153,-0.0864880383014679,0.010551750659942627,-0.2547054886817932,-0.10440988838672638,-0.06800758838653564,-0.3443673849105835,-0.027984624728560448,-0.08890408277511597,-0.473921537399292,-0.05697283148765564,-0.09740269184112549,-0.5559247732162476,-0.07943274825811386,-0.09958362579345703,-0.6280058026313782,-0.09652454406023026,-0.015161395072937012,-0.3505600690841675,-0.029093865305185318,-0.003508329391479492,-0.4967649281024933,-0.05805614963173866,0.009113788604736328,-0.5895041227340698,-0.07919802516698837,0.0232354998588562,-0.6726223230361938,-0.09306274354457855,0.02501434087753296,-0.3128100633621216,-0.036026597023010254,0.03964066505432129,-0.402457058429718,-0.07971803098917007,0.02043062448501587,-0.3121093511581421,-0.08733922988176346,0.009129703044891357,-0.23930847644805908,-0.08223990350961685,0.05717557668685913,-0.24681657552719116,-0.04676028713583946,0.05917668342590332,-0.2983693480491638,-0.0890602096915245,0.03728097677230835,-0.23273223638534546,-0.09486911445856094,0.022743582725524902,-0.1733984351158142,-0.0903998613357544
0.0,0.0,0.0,-0.05976378917694092,-0.052326858043670654,-0.042419999837875366,-0.08418828248977661,-0.1430385708808899,-0.06526988744735718,-0.04136526584625244,-0.21302556991577148,-0.0868113562464714,0.009126126766204834,-0.25548189878463745,-0.10502561926841736,-0.06964832544326782,-0.342323362827301,-0.02859192155301571,-0.09068149328231812,-0.4727090001106262,-0.05731263756752014,-0.09935516119003296,-0.554775595664978,-0.07954440265893936,-0.10162848234176636,-0.6270213723182678,-0.09647312015295029,-0.017012178897857666,-0.34927016496658325,-0.029836183413863182,-0.005438029766082764,-0.49625569581985474,-0.058632463216781616,0.007486820220947266,-0.5899518132209778,-0.07971718907356262,0.02208554744720459,-0.6732825040817261,-0.0936431810259819,0.023153305053710938,-0.31213676929473877,-0.03676507622003555,0.037833333015441895,-0.4022209048271179,-0.07987022399902344,0.018986284732818604,-0.3135988116264343,-0.08718816190958023,0.00779348611831665,-0.24075347185134888,-0.08206572383642197,0.05553281307220459,-0.24721509218215942,-0.047501612454652786,0.05749809741973877,-0.30109572410583496,-0.08921392261981964,0.03640502691268921,-0.23588043451309204,-0.09459086507558823,0.022550880908966064,-0.17537468671798706,-0.08991658687591553
0.0,0.0,0.0,-0.059493958950042725,-0.05540668964385986,-0.042590148746967316,-0.08401131629943848,-0.14549505710601807,-0.06544243544340134,-0.041454434394836426,-0.2147538661956787,-0.08706267923116684,0.008112668991088867,-0.2597959041595459,-0.10539492964744568,-0.0686461329460144,-0.3455010652542114,-0.02717883698642254,-0.09011232852935791,-0.4752423167228699,-0.05494613200426102,-0.09960681200027466,-0.555696964263916,-0.07722620666027069,-0.10148108005523682,-0.6278200745582581,-0.0943872407078743,-0.01689201593399048,-0.35370153188705444,-0.028337933123111725,-0.006670951843261719,-0.5008949637413025,-0.05577780306339264,0.0069432854652404785,-0.5943107604980469,-0.07637538015842438,0.022421300411224365,-0.677548885345459,-0.09034907072782516,0.023052334785461426,-0.31686723232269287,-0.035382937639951706,0.03739500045776367,-0.40719789266586304,-0.07754014432430267,0.0186159610748291,-0.31638145446777344,-0.08515068143606186,0.0070754289627075195,-0.24266624450683594,-0.08066803216934204,0.055378496646881104,-0.25103211402893066,-0.04631899669766426,0.058981895446777344,-0.30795562267303467,-0.0871538445353508,0.037177085876464844,-0.24373209476470947,-0.0923628881573677,0.02250814437866211,-0.18375873565673828,-0.08800987899303436
0.0,0.0,0.0,-0.059644222259521484,-0.056755244731903076,-0.04109689220786095,-0.08422249555587769,-0.14779430627822876,-0.0630665048956871,-0.041729092597961426,-0.21626228094100952,-0.08401276916265488,0.008228123188018799,-0.25851523876190186,-0.10165935754776001,-0.06814134120941162,-0.34779441356658936,-0.026053210720419884,-0.08971840143203735,-0.47861248254776,-0.053462862968444824,-0.09872496128082275,-0.5589792728424072,-0.0755200982093811,-0.10018837451934814,-0.6302652359008789,-0.09243858605623245,-0.01615440845489502,-0.35497337579727173,-0.027587564662098885,-0.005883336067199707,-0.5047280192375183,-0.05448169633746147,0.007567286491394043,-0.5994536876678467,-0.07493236660957336,0.023405075073242188,-0.6833115816116333,-0.08880560845136642,0.023759424686431885,-0.31660062074661255,-0.03476107865571976,0.03771287202835083,-0.40746790170669556,-0.07579593360424042,0.017718911170959473,-0.3160308599472046,-0.08252965658903122,0.005858361721038818,-0.24252921342849731,-0.07750394195318222,0.055800020694732666,-0.24922031164169312,-0.045720119029283524,0.05840247869491577,-0.30618321895599365,-0.0852101668715477,0.036247432231903076,-0.24250787496566772,-0.08936917036771774,0.021773338317871094,-0.18351680040359497,-0.08431050181388855
0.0,0.0,0.0,-0.06038379669189453,-0.05390453338623047,-0.04341023042798042,-0.08633875846862793,-0.14259159564971924,-0.06664767116308212,-0.045210421085357666,-0.21254384517669678,-0.08849401772022247,0.0042403340339660645,-0.258658230304718,-0.10680235177278519,-0.06948930025100708,-0.3484830856323242,-0.02716255746781826,-0.09174072742462158,-0.4787389039993286,-0.05604517087340355,-0.10119074583053589,-0.5598141551017761,-0.07923932373523712,-0.10254102945327759,-0.631964921951294,-0.0969264879822731,-0.01780879497528076,-0.3551532030105591,-0.028217362239956856,-0.007532238960266113,-0.5035561323165894,-0.05706562474370003,0.005728006362915039,-0.5977897644042969,-0.07899843901395798,0.02168750762939453,-0.6819980144500732,-0.09354887902736664,0.022313714027404785,-0.31716227531433105,-0.03514779731631279,0.03649240732192993,-0.4085550904273987,-0.0791422575712204,0.015814542770385742,-0.3123171329498291,-0.08642201125621796,0.0038529038429260254,-0.23543459177017212,-0.08093807101249695,0.05493253469467163,-0.24999850988388062,-0.04593650624155998,0.056762635707855225,-0.304704487323761,-0.08818826079368591,0.03418707847595215,-0.23654597997665405,-0.09292862564325333,0.01994788646697998,-0.17516684532165527,-0.08755408972501755
0.0,0.0,0.0,-0.059999942779541016,-0.05130767822265625,-0.04436660557985306,-0.08586746454238892,-0.14035969972610474,-0.06824642419815063,-0.044885993003845215,-0.20754319429397583,-0.09052960574626923,0.00454401969909668,-0.25408148765563965,-0.10938135534524918,-0.0694989562034607,-0.3475306034088135,-0.02931073121726513,-0.09184759855270386,-0.47855573892593384,-0.05886746942996979,-0.10123270750045776,-0.5601505041122437,-0.08206729590892792,-0.10218316316604614,-0.6327618360519409,-0.09944552183151245,-0.0176125168800354,-0.3542715311050415,-0.030255921185016632,-0.006896317005157471,-0.505007266998291,-0.059808239340782166,0.0060457587242126465,-0.6008601784706116,-0.0818244069814682,0.02221393585205078,-0.6862488985061646,-0.09598483145236969,0.022817492485046387,-0.3163108825683594,-0.03706347197294235,0.03751182556152344,-0.40547454357147217,-0.08272795379161835,0.016253411769866943,-0.30720651149749756,-0.0904451236128807,0.003886580467224121,-0.22953152656555176,-0.08452414721250534,0.055703043937683105,-0.2489074468612671,-0.04761232063174248,0.057078778743743896,-0.30249541997909546,-0.09072613716125488,0.034962475299835205,-0.23273062705993652,-0.09503981471061707,0.02114105224609375,-0.1712709665298462,-0.08896952122449875
0.0,0.0,0.0,-0.05926513671875,-0.05331158638000488,-0.04199054092168808,-0.08429831266403198,-0.14036905765533447,-0.06561069935560226,-0.042688846588134766,-0.20924794673919678,-0.08810114115476608,0.007888734340667725,-0.2510034441947937,-0.10728970915079117,-0.06812441349029541,-0.34503042697906494,-0.02908189967274666,-0.08895909786224365,-0.47493380308151245,-0.058116551488637924,-0.09762412309646606,-0.5570785999298096,-0.08110673725605011,-0.09945333003997803,-0.6297336220741272,-0.09867318719625473,-0.015601396560668945,-0.35109639167785645,-0.030765153467655182,-0.002783656120300293,-0.49843648076057434,-0.059256661683321,0.010087013244628906,-0.593174159526825,-0.08031701296567917,0.024465858936309814,-0.6781858205795288,-0.09442215412855148,0.02431631088256836,-0.31174975633621216,-0.03799372911453247,0.039102017879486084,-0.40153932571411133,-0.07971406728029251,0.018459022045135498,-0.3089027404785156,-0.08498097956180573,0.006263852119445801,-0.23529458045959473,-0.07875324040651321,0.055934906005859375,-0.24353265762329102,-0.049155138432979584,0.059049010276794434,-0.2987714409828186,-0.08914069086313248,0.0366443395614624,-0.23238050937652588,-0.09249965846538544,0.02212446928024292,-0.172002911567688,-0.08656051754951477
0.0,0.0,0.0,-0.059063732624053955,-0.05631446838378906,-0.041970472782850266,-0.08347344398498535,-0.1439182162284851,-0.06568659842014313,-0.0416034460067749,-0.213606059551239,-0.08831117302179337,0.0090065598487854,-0.2560088634490967,-0.10752321779727936,-0.06743204593658447,-0.3485243320465088,-0.02867765538394451,-0.0883665680885315,-0.4787447452545166,-0.05787353590130806,-0.09752309322357178,-0.5607499480247498,-0.08141174167394638,-0.09918045997619629,-0.6336640119552612,-0.09944873303174973,-0.015233635902404785,-0.35521429777145386,-0.03051929734647274,-0.0034294724464416504,-0.5039211511611938,-0.058983176946640015,0.010546565055847168,-0.5996484160423279,-0.08082268387079239,0.027009189128875732,-0.6863287687301636,-0.09582144767045975,0.02481520175933838,-0.31630396842956543,-0.037866655737161636,0.04042583703994751,-0.40626704692840576,-0.0791630893945694,0.020206809043884277,-0.3128557801246643,-0.08497641235589981,0.008193492889404297,-0.23902153968811035,-0.07948184013366699,0.05650913715362549,-0.2479669451713562,-0.04920792579650879,0.06012219190597534,-0.3040868639945984,-0.08863336592912674,0.0382121205329895,-0.23821210861206055,-0.09206923097372055,0.02404475212097168,-0.17807471752166748,-0.08648893982172012
0.0,0.0,0.0,-0.05960208177566528,-0.04844391345977783,-0.042300742119550705,-0.08399349451065063,-0.1383209228515625,-0.06586244702339172,-0.042043209075927734,-0.20681726932525635,-0.08819384127855301,0.00808793306350708,-0.24976789951324463,-0.10728093236684799,-0.06796842813491821,-0.3445741534233093,-0.029914116486907005,-0.08822375535964966,-0.4726948142051697,-0.06014208123087883,-0.09608882665634155,-0.5544859766960144,-0.0836314857006073,-0.09824597835540771,-0.6270613670349121,-0.10151485353708267,-0.015123188495635986,-0.35032910108566284,-0.03201881796121597,-0.0024451613426208496,-0.4978577494621277,-0.06254085898399353,0.010340332984924316,-0.5932083129882812,-0.08470740169286728,0.024548768997192383,-0.6792540550231934,-0.099178247153759,0.0251845121383667,-0.31132417917251587,-0.039664126932621,0.040052711963653564,-0.4005244970321655,-0.08370963484048843,0.020024240016937256,-0.3076896667480469,-0.08956213295459747,0.008801281452178955,-0.23455798625946045,-0.0832323506474495,0.05780625343322754,-0.24365180730819702,-0.051174961030483246,0.060167670249938965,-0.29353994131088257,-0.0937129408121109,0.03727078437805176,-0.22422635555267334,-0.09812330454587936,0.02265608310699463,-0.163749098777771,-0.09246724098920822
0.0,0.0,0.0,-0.059808194637298584,-0.04886341094970703,-0.04241824895143509,-0.08528369665145874,-0.14011406898498535,-0.06541770696640015,-0.04288142919540405,-0.20887643098831177,-0.08705956488847733,0.007448911666870117,-0.2525935769081116,-0.10545843094587326,-0.06923002004623413,-0.3447955250740051,-0.030223961919546127,-0.08975142240524292,-0.47478699684143066,-0.06024203822016716,-0.09805476665496826,-0.5571492910385132,-0.08335386216640472,-0.09988236427307129,-0.6307149529457092,-0.10080179572105408,-0.016080915927886963,-0.3509398102760315,-0.03182400017976761,-0.002903580665588379,-0.4981537461280823,-0.06231079623103142,0.009223341941833496,-0.5949589014053345,-0.08445229381322861,0.0227508544921875,-0.6826432347297668,-0.09867917746305466,0.023766815662384033,-0.3123391270637512,-0.038895294070243835,0.03881478309631348,-0.3977438807487488,-0.08350617438554764,0.01885366439819336,-0.3021897077560425,-0.089757040143013,0.007516384124755859,-0.22849196195602417,-0.08325966447591782,0.055500686168670654,-0.24499350786209106,-0.04974560812115669,0.05768692493438721,-0.29135119915008545,-0.0925021693110466,0.03549319505691528,-0.22182482481002808,-0.09697921574115753,0.021523118019104004,-0.162580668926239,-0.09112028777599335
0.0,0.0,0.0,-0.05959993600845337,-0.049620628356933594,-0.04322594031691551,-0.08483535051345825,-0.1409752368927002,-0.06682305037975311,-0.04269838333129883,-0.20888495445251465,-0.08919773250818253,0.0074086785316467285,-0.25170254707336426,-0.10843940079212189,-0.06856364011764526,-0.34398627281188965,-0.030775483697652817,-0.0889289379119873,-0.4739241898059845,-0.06176820397377014,-0.09732377529144287,-0.5569028854370117,-0.08527719229459763,-0.09920227527618408,-0.6307498216629028,-0.10275862365961075,-0.015222668647766113,-0.3499269485473633,-0.03246087580919266,-0.002200305461883545,-0.4969702959060669,-0.06453273445367813,0.009613037109375,-0.5950309634208679,-0.08747553825378418,0.023341715335845947,-0.6834262609481812,-0.10193157196044922,0.024667978286743164,-0.31121259927749634,-0.039747703820466995,0.03967970609664917,-0.3978968858718872,-0.08607225865125656,0.01775914430618286,-0.30465632677078247,-0.09302086383104324,0.005092620849609375,-0.23182570934295654,-0.0865105539560318,0.0562596321105957,-0.2438579797744751,-0.05083535239100456,0.05875968933105469,-0.2903454899787903,-0.09418259561061859,0.0353049635887146,-0.22259414196014404,-0.09886602312326431,0.019973397254943848,-0.16408032178878784,-0.0930270329117775
0.0,0.0,0.0,-0.05949670076370239,-0.050097525119781494,-0.04290236532688141,-0.08469521999359131,-0.1400865912437439,-0.06652982532978058,-0.04352909326553345,-0.2095487117767334,-0.0889056846499443,0.00648266077041626,-0.25387823581695557,-0.10792186111211777,-0.06797516345977783,-0.34513115882873535,-0.028974296525120735,-0.08973932266235352,-0.47370511293411255,-0.05933042988181114,-0.0986936092376709,-0.5560684204101562,-0.08275307714939117,-0.10066002607345581,-0.62812340259552,-0.10011480003595352,-0.015494704246520996,-0.35073262453079224,-0.030625592917203903,-0.0029711127281188965,-0.4986158609390259,-0.06101175397634506,0.009706676006317139,-0.5946793556213379,-0.08280035108327866,0.024645984172821045,-0.6800588369369507,-0.09653573483228683,0.024424195289611816,-0.3114626407623291,-0.038033004850149155,0.03825110197067261,-0.3989575505256653,-0.08263779431581497,0.016804814338684082,-0.30367398262023926,-0.08832099288702011,0.005146205425262451,-0.22906970977783203,-0.08116159588098526,0.05634903907775879,-0.2435320019721985,-0.049299392849206924,0.058344125747680664,-0.295243501663208,-0.09116237610578537,0.03491002321243286,-0.22696417570114136,-0.09450800716876984,0.02007359266281128,-0.16710084676742554,-0.08782830834388733
0.0,0.0,0.0,-0.05991697311401367,-0.0522727370262146,-0.04237564653158188,-0.08554303646087646,-0.14033722877502441,-0.06613031029701233,-0.04548245668411255,-0.21192914247512817,-0.08883979171514511,0.004626035690307617,-0.25587940216064453,-0.10811325907707214,-0.0698743462562561,-0.34700947999954224,-0.027754733338952065,-0.0915566086769104,-0.4768475294113159,-0.0577075332403183,-0.10092967748641968,-0.5593703389167786,-0.08114732056856155,-0.10304886102676392,-0.6316309571266174,-0.09862647205591202,-0.0176771879196167,-0.3530363440513611,-0.029640214517712593,-0.005232691764831543,-0.49814093112945557,-0.05954107642173767,0.006841480731964111,-0.5946272611618042,-0.0814669206738472,0.021331191062927246,-0.6805954575538635,-0.09549238532781601,0.022197186946868896,-0.314216673374176,-0.03725451976060867,0.03696340322494507,-0.4007280468940735,-0.08089730143547058,0.015583932399749756,-0.30612462759017944,-0.08622104674577713,0.0038170218467712402,-0.23156404495239258,-0.07911297678947449,0.053941547870635986,-0.24654018878936768,-0.04879773035645485,0.056577444076538086,-0.298037588596344,-0.09001301974058151,0.03371399641036987,-0.23029029369354248,-0.09308291226625443,0.0192563533782959,-0.16998332738876343,-0.08624283969402313
0.0,0.0,0.0,-0.06097745895385742,-0.05395650863647461,-0.042193781584501266,-0.08694267272949219,-0.14035743474960327,-0.06575246900320053,-0.046693503856658936,-0.2116723656654358,-0.08818066120147705,0.003011167049407959,-0.25690823793411255,-0.1069963201880455,-0.07140755653381348,-0.34880000352859497,-0.027621347457170486,-0.09344339370727539,-0.4801863431930542,-0.057212378829717636,-0.10308951139450073,-0.5624672770500183,-0.08105140179395676,-0.1045064926147461,-0.6357055306434631,-0.09914079308509827,-0.01890355348587036,-0.35526347160339355,-0.029487604275345802,-0.007177412509918213,-0.5033155679702759,-0.05849049612879753,0.005501151084899902,-0.6007643938064575,-0.08056924492120743,0.021134674549102783,-0.6873983144760132,-0.09537956863641739,0.021359562873840332,-0.3165473937988281,-0.036983538419008255,0.03723806142807007,-0.4061359167098999,-0.07932471483945847,0.014971494674682617,-0.31060099601745605,-0.08410479873418808,0.00223618745803833,-0.2350483536720276,-0.07727532833814621,0.05393177270889282,-0.24793219566345215,-0.048467349261045456,0.05727928876876831,-0.3029141426086426,-0.08862725645303726,0.033669114112854004,-0.23593711853027344,-0.0911124050617218,0.01836705207824707,-0.1758025884628296,-0.08431731164455414
0.0,0.0,0.0,-0.05996537208557129,-0.05482769012451172,-0.04302620887756348,-0.08557230234146118,-0.14100825786590576,-0.06694839894771576,-0.0460512638092041,-0.20999187231063843,-0.08948684483766556,0.003107130527496338,-0.2549107074737549,-0.10877151042222977,-0.06988352537155151,-0.3481786251068115,-0.02856861799955368,-0.0916210412979126,-0.47848179936408997,-0.05787872523069382,-0.10066580772399902,-0.5597426295280457,-0.08166839927434921,-0.10116195678710938,-0.6325108408927917,-0.09967436641454697,-0.017553269863128662,-0.3552113175392151,-0.03002670407295227,-0.006461381912231445,-0.5053255558013916,-0.058171749114990234,0.006516456604003906,-0.6016426086425781,-0.07973883301019669,0.022216200828552246,-0.6877099275588989,-0.0941179022192955,0.023321568965911865,-0.3169203996658325,-0.03715987130999565,0.03666126728057861,-0.40810298919677734,-0.07987009733915329,0.015663743019104004,-0.31129956245422363,-0.08593109995126724,0.0037099123001098633,-0.23401397466659546,-0.07984964549541473,0.056411921977996826,-0.24804824590682983,-0.04817107319831848,0.05757606029510498,-0.30588382482528687,-0.08907666802406311,0.03452259302139282,-0.2363351583480835,-0.09195458143949509,0.02002120018005371,-0.17339134216308594,-0.0853169783949852
0.0,0.0,0.0,-0.061026692390441895,-0.05124384164810181,-0.04348047077655792,-0.08759421110153198,-0.13722407817840576,-0.06804962456226349,-0.048429250717163086,-0.2108304500579834,-0.0912836417555809,0.0013748407363891602,-0.25776034593582153,-0.1109258159995079,-0.07317531108856201,-0.3467945456504822,-0.029599474743008614,-0.09497761726379395,-0.4791010618209839,-0.059832219034433365,-0.1044958233833313,-0.5610184669494629,-0.08376015722751617,-0.10581457614898682,-0.6339282989501953,-0.10175864398479462,-0.02064305543899536,-0.3536936044692993,-0.03127388283610344,-0.008230268955230713,-0.5043376088142395,-0.06076900660991669,0.004670381546020508,-0.6027038097381592,-0.0827735960483551,0.02068197727203369,-0.689762532711029,-0.09728077799081802,0.02025359869003296,-0.3157063126564026,-0.03867027536034584,0.03454577922821045,-0.4066618084907532,-0.08243890106678009,0.012116611003875732,-0.3085390329360962,-0.0873904749751091,-0.00011992454528808594,-0.22932201623916626,-0.0800432339310646,0.05384552478790283,-0.2481803297996521,-0.05003165453672409,0.05530822277069092,-0.306138277053833,-0.09159914404153824,0.032363951206207275,-0.23694759607315063,-0.09413774311542511,0.018044471740722656,-0.17323213815689087,-0.08686341345310211
0.0,0.0,0.0,-0.06026291847229004,-0.050934553146362305,-0.042723771184682846,-0.08683407306671143,-0.13720989227294922,-0.06637031584978104,-0.048453450202941895,-0.20969879627227783,-0.08874420076608658,2.682209014892578e-05,-0.25818246603012085,-0.10760331153869629,-0.07222163677215576,-0.3478768467903137,-0.027436543256044388,-0.09409815073013306,-0.47803404927253723,-0.05709855258464813,-0.10333108901977539,-0.5596203804016113,-0.08079458773136139,-0.10446429252624512,-0.6322451829910278,-0.09863793104887009,-0.019938945770263672,-0.35558247566223145,-0.029162758961319923,-0.008642494678497314,-0.5044522285461426,-0.0579114705324173,0.003696441650390625,-0.600752592086792,-0.07941722869873047,0.0187380313873291,-0.6860377788543701,-0.09346266835927963,0.02061408758163452,-0.31785452365875244,-0.036678336560726166,0.03421497344970703,-0.41000527143478394,-0.08013080805540085,0.012637853622436523,-0.3133106231689453,-0.08549075573682785,0.0007637739181518555,-0.23609763383865356,-0.07854942977428436,0.05373603105545044,-0.24986517429351807,-0.04808726906776428,0.05454128980636597,-0.30483126640319824,-0.08989185094833374,0.03139793872833252,-0.23577511310577393,-0.09296614676713943,0.0168989896774292,-0.17393344640731812,-0.08606557548046112
0.0,0.0,0.0,-0.062206804752349854,-0.05173009634017944,-0.04212908446788788,-0.08896476030349731,-0.1377871036529541,-0.06563486158847809,-0.04930967092514038,-0.2107560634613037,-0.08793339878320694,1.2159347534179688e-05,-0.25568872690200806,-0.10667872428894043,-0.07347512245178223,-0.348258912563324,-0.028315763920545578,-0.09590804576873779,-0.47916504740715027,-0.058239005506038666,-0.10541605949401855,-0.5610054731369019,-0.08239626884460449,-0.10674315690994263,-0.634053111076355,-0.10072193294763565,-0.020801544189453125,-0.3554840087890625,-0.03020959347486496,-0.008916676044464111,-0.5038985013961792,-0.059717126190662384,0.003622770309448242,-0.6015485525131226,-0.0822727158665657,0.01939833164215088,-0.6878823637962341,-0.09730926901102066,0.019494295120239258,-0.31719642877578735,-0.037559282034635544,0.03401947021484375,-0.40673428773880005,-0.07993263751268387,0.011330485343933105,-0.3117638826370239,-0.08427410572767258,-0.0007578730583190918,-0.23645943403244019,-0.07710094004869461,0.05219435691833496,-0.24917304515838623,-0.048901066184043884,0.05426621437072754,-0.3037305474281311,-0.08895178884267807,0.030781149864196777,-0.23623496294021606,-0.09091929346323013,0.016652047634124756,-0.1759655475616455,-0.08361577987670898
0.0,0.0,0.0,-0.060806095600128174,-0.05159592628479004,-0.04252578690648079,-0.08790069818496704,-0.13628441095352173,-0.066698357462883,-0.050062358379364014,-0.20862948894500732,-0.08968525379896164,-0.001096189022064209,-0.2555854320526123,-0.10896139591932297,-0.07305598258972168,-0.3480263948440552,-0.02858096733689308,-0.09503382444381714,-0.4799003601074219,-0.05873546749353409,-0.1043708324432373,-0.5617444515228271,-0.08279909938573837,-0.10574567317962646,-0.6343492269515991,-0.10087865591049194,-0.020721018314361572,-0.35496729612350464,-0.03050594963133335,-0.008631348609924316,-0.5047605633735657,-0.05978997051715851,0.004015862941741943,-0.6026872396469116,-0.08180262893438339,0.01933974027633667,-0.6889758110046387,-0.09630335867404938,0.01954597234725952,-0.31661713123321533,-0.03805344179272652,0.033581435680389404,-0.40764009952545166,-0.08066058903932571,0.011266589164733887,-0.3099204897880554,-0.08485028892755508,-0.000767052173614502,-0.23296767473220825,-0.07730577141046524,0.0523868203163147,-0.2484891414642334,-0.04959026724100113,0.05375862121582031,-0.30382686853408813,-0.08998939394950867,0.031053781509399414,-0.23522812128067017,-0.09198740124702454,0.017174184322357178,-0.17435604333877563,-0.08450647443532944
0.0,0.0,0.0,-0.06088751554489136,-0.052521467208862305,-0.0403079017996788,-0.08691936731338501,-0.13636910915374756,-0.06387398391962051,-0.048114001750946045,-0.21002137660980225,-0.08660729229450226,0.0011544227600097656,-0.2558547854423523,-0.10555138438940048,-0.07210224866867065,-0.34705108404159546,-0.027697784826159477,-0.09432709217071533,-0.47834932804107666,-0.05780531093478203,-0.10435229539871216,-0.5605448484420776,-0.0821777731180191,-0.1065722107887268,-0.6329079866409302,-0.10066895931959152,-0.01996713876724243,-0.3532397150993347,-0.030355658382177353,-0.006889164447784424,-0.5011217594146729,-0.059303391724824905,0.005924999713897705,-0.5997521877288818,-0.0813029482960701,0.021215736865997314,-0.6867979764938354,-0.09617223590612411,0.02000594139099121,-0.314639687538147,-0.03830213099718094,0.03481978178024292,-0.40524518489837646,-0.07856249809265137,0.013220608234405518,-0.30806034803390503,-0.08085241913795471,0.0018429160118103027,-0.23111629486083984,-0.0727393701672554,0.05240786075592041,-0.24628520011901855,-0.050283338874578476,0.05481475591659546,-0.3028542399406433,-0.08875159919261932,0.03186380863189697,-0.23476433753967285,-0.08955932408571243,0.017784416675567627,-0.17291224002838135,-0.0815516859292984
0.0,0.0,0.0,-0.06092029809951782,-0.05256998538970947,-0.04292724281549454,-0.08712297677993774,-0.13841736316680908,-0.06705982983112335,-0.04719895124435425,-0.20968306064605713,-0.08992389589548111,0.0021744966506958008,-0.25540947914123535,-0.10926994681358337,-0.07126158475875854,-0.3454505205154419,-0.0282658152282238,-0.09358304738998413,-0.4743439257144928,-0.05801060050725937,-0.10323679447174072,-0.5559782385826111,-0.0816945880651474,-0.10500794649124146,-0.6279070377349854,-0.0995655283331871,-0.01960313320159912,-0.3527120351791382,-0.02992892451584339,-0.008005738258361816,-0.5003069639205933,-0.059102192521095276,0.004474759101867676,-0.596911609172821,-0.08077798783779144,0.019594967365264893,-0.6818026304244995,-0.09500066936016083,0.02035665512084961,-0.31487733125686646,-0.03736667335033417,0.03484392166137695,-0.40474140644073486,-0.08028052747249603,0.013623416423797607,-0.31020158529281616,-0.0855257585644722,0.0020438432693481445,-0.23375892639160156,-0.07874900102615356,0.05294322967529297,-0.24763041734695435,-0.048812635242938995,0.054953157901763916,-0.3029739260673523,-0.08994543552398682,0.03219163417816162,-0.23505985736846924,-0.09306477755308151,0.01801431179046631,-0.1728980541229248,-0.08642711490392685
0.0,0.0,0.0,-0.05911219120025635,-0.05024874210357666,-0.04292653128504753,-0.08535647392272949,-0.14215612411499023,-0.06573370099067688,-0.04465305805206299,-0.21087056398391724,-0.08712662011384964,0.004487454891204834,-0.2569676637649536,-0.10527992248535156,-0.06864863634109497,-0.34572649002075195,-0.027846498414874077,-0.0907813310623169,-0.4757581949234009,-0.05662558227777481,-0.10004925727844238,-0.5564973950386047,-0.07928214222192764,-0.10118567943572998,-0.6282490491867065,-0.09635801613330841,-0.017502546310424805,-0.35280293226242065,-0.029081685468554497,-0.006521821022033691,-0.5021436214447021,-0.05807901546359062,0.0064168572425842285,-0.5966528654098511,-0.07955911755561829,0.02219104766845703,-0.6800395846366882,-0.09347498416900635,0.02229970693588257,-0.31536024808883667,-0.03610364720225334,0.036723792552948,-0.4082174301147461,-0.08149311691522598,0.015260815620422363,-0.31358975172042847,-0.08958255499601364,0.0031104683876037598,-0.23700714111328125,-0.08424033969640732,0.05512732267379761,-0.2484249472618103,-0.04675162956118584,0.05571013689041138,-0.30103451013565063,-0.09047702699899673,0.032681286334991455,-0.23212796449661255,-0.09584887325763702,0.018674075603485107,-0.17024505138397217,-0.0906628742814064
0.0,0.0,0.0,-0.059350788593292236,-0.04880106449127197,-0.04406164959073067,-0.0855070948600769,-0.14262676239013672,-0.06737418472766876,-0.04348701238632202,-0.20892995595932007,-0.08920116722583771,0.006247043609619141,-0.2545856237411499,-0.10776378959417343,-0.06839722394943237,-0.34402281045913696,-0.0292922705411911,-0.0900307297706604,-0.47320711612701416,-0.059516020119190216,-0.09927797317504883,-0.5546379089355469,-0.08265205472707748,-0.10067492723464966,-0.6266015768051147,-0.09982932358980179,-0.01674884557723999,-0.35035550594329834,-0.030450161546468735,-0.00567549467086792,-0.49842333793640137,-0.061447080224752426,0.0077748894691467285,-0.5923694372177124,-0.08376236259937286,0.024162888526916504,-0.6762878894805908,-0.09782498329877853,0.02324533462524414,-0.31339311599731445,-0.03755153715610504,0.03812742233276367,-0.40169334411621094,-0.08526496589183807,0.016774296760559082,-0.30513083934783936,-0.09396950155496597,0.004693031311035156,-0.22856181859970093,-0.08829636126756668,0.05620092153549194,-0.24799734354019165,-0.048294294625520706,0.05687260627746582,-0.29721176624298096,-0.09313339740037918,0.034409165382385254,-0.22809714078903198,-0.09886334836483002,0.020693480968475342,-0.16792035102844238,-0.09362953901290894
0.0,0.0,0.0,-0.05947071313858032,-0.05408763885498047,-0.04143623262643814,-0.08586174249649048,-0.14755874872207642,-0.06315141171216965,-0.04460400342941284,-0.21550089120864868,-0.08376942574977875,0.004483580589294434,-0.26042693853378296,-0.10117530077695847,-0.0691184401512146,-0.3503022789955139,-0.02509961649775505,-0.09152752161026001,-0.4803353548049927,-0.05340215936303139,-0.10086554288864136,-0.561193585395813,-0.07619563490152359,-0.10205072164535522,-0.6329850554466248,-0.09329447895288467,-0.017738044261932373,-0.35690009593963623,-0.026829073205590248,-0.006508231163024902,-0.5060138702392578,-0.05475214868783951,0.006650328636169434,-0.6006357669830322,-0.07596846669912338,0.022419512271881104,-0.684363842010498,-0.0896918997168541,0.022529125213623047,-0.3187550902366638,-0.03434087336063385,0.03660327196121216,-0.41062313318252563,-0.07860010862350464,0.015326261520385742,-0.3143651485443115,-0.08614873886108398,0.0031316280364990234,-0.23729431629180908,-0.08040449023246765,0.05526190996170044,-0.25052160024642944,-0.04540913552045822,0.05670356750488281,-0.305896520614624,-0.08755359053611755,0.033799946308135986,-0.2371678352355957,-0.0915665403008461,0.019675493240356445,-0.17540454864501953,-0.08546363562345505
0.0,0.0,0.0,-0.059371769428253174,-0.05714988708496094,-0.04115431010723114,-0.0858161449432373,-0.14713191986083984,-0.06279775500297546,-0.04466003179550171,-0.21498394012451172,-0.083417609333992,0.003821253776550293,-0.2604518532752991,-0.10066831856966019,-0.06840050220489502,-0.35071253776550293,-0.02391296997666359,-0.09093856811523438,-0.48100125789642334,-0.05217941105365753,-0.10082828998565674,-0.5627650022506714,-0.07556796073913574,-0.10237997770309448,-0.635995626449585,-0.09319987148046494,-0.01761627197265625,-0.35780197381973267,-0.025719840079545975,-0.006676375865936279,-0.5073251724243164,-0.05282340571284294,0.006607651710510254,-0.6018299460411072,-0.0735919177532196,0.02266627550125122,-0.6850838661193848,-0.0873488262295723,0.02269744873046875,-0.3198474049568176,-0.03345189243555069,0.03674495220184326,-0.41095954179763794,-0.07630820572376251,0.01486295461654663,-0.3140864372253418,-0.08289025723934174,0.002384364604949951,-0.23705977201461792,-0.07694511860609055,0.05562788248062134,-0.25163447856903076,-0.044903531670570374,0.057777225971221924,-0.3097074627876282,-0.08576812595129013,0.03392064571380615,-0.24142634868621826,-0.08891881257295609,0.01946192979812622,-0.17997366189956665,-0.0825129970908165
0.0,0.0,0.0,-0.06027883291244507,-0.055283308029174805,-0.042144760489463806,-0.08602982759475708,-0.14254772663116455,-0.0656280368566513,-0.04485565423965454,-0.2144404649734497,-0.08774220943450928,0.004734635353088379,-0.2589606046676636,-0.10642825067043304,-0.07015055418014526,-0.34533798694610596,-0.028800608590245247,-0.09248143434524536,-0.47531306743621826,-0.058012619614601135,-0.10195058584213257,-0.5562670230865479,-0.08167271316051483,-0.10332280397415161,-0.628675103187561,-0.09968777000904083,-0.01844918727874756,-0.3529667258262634,-0.030036676675081253,-0.00790780782699585,-0.501254677772522,-0.058388061821460724,0.005643486976623535,-0.5968121290206909,-0.07995081692934036,0.021859467029571533,-0.6823346614837646,-0.09457089751958847,0.021654844284057617,-0.315399169921875,-0.03674723953008652,0.035147130489349365,-0.4062575101852417,-0.07816682010889053,0.01469188928604126,-0.311002254486084,-0.08330804854631424,0.0030672550201416016,-0.23505723476409912,-0.07711473107337952,0.05431234836578369,-0.24838483333587646,-0.0474141463637352,0.056038618087768555,-0.3063948154449463,-0.08724742382764816,0.033477783203125,-0.23931938409805298,-0.0901212990283966,0.01932770013809204,-0.17831802368164062,-0.08378515392541885
0.0,0.0,0.0,-0.05973011255264282,-0.05573904514312744,-0.04057111218571663,-0.0851900577545166,-0.14478003978729248,-0.0625409483909607,-0.045249879360198975,-0.21591246128082275,-0.08336743712425232,0.003373265266418457,-0.2617398500442505,-0.10083029419183731,-0.06975632905960083,-0.3498656153678894,-0.025180373340845108,-0.09288948774337769,-0.48203086853027344,-0.05366259068250656,-0.10320419073104858,-0.5633264780044556,-0.0772145614027977,-0.10524797439575195,-0.6355594396591187,-0.09495373070240021,-0.018528282642364502,-0.3568382263183594,-0.026974231004714966,-0.00773465633392334,-0.5078749656677246,-0.053483862429857254,0.005848288536071777,-0.6021807193756104,-0.07409527152776718,0.02245020866394043,-0.6850668787956238,-0.08796828240156174,0.022146403789520264,-0.3186344504356384,-0.034381888806819916,0.03582358360290527,-0.41211724281311035,-0.0752578154206276,0.014449477195739746,-0.3164345622062683,-0.08050061762332916,0.0022587180137634277,-0.23964989185333252,-0.074270099401474,0.055333495140075684,-0.25040942430496216,-0.04555504769086838,0.05653029680252075,-0.30933767557144165,-0.08525306731462479,0.03319519758224487,-0.24092644453048706,-0.08757935464382172,0.018994569778442383,-0.1787737011909485,-0.08071207255125046
0.0,0.0,0.0,-0.060535967350006104,-0.057218194007873535,-0.042020250111818314,-0.08695423603057861,-0.14052510261535645,-0.06527746468782425,-0.04775071144104004,-0.2156693935394287,-0.0870126336812973,0.001566469669342041,-0.25860220193862915,-0.10498980432748795,-0.07102972269058228,-0.3464123606681824,-0.027776475995779037,-0.09412652254104614,-0.47825533151626587,-0.05561768636107445,-0.10360097885131836,-0.5584760904312134,-0.0788387581706047,-0.10494065284729004,-0.6305582523345947,-0.09677212685346603,-0.019401729106903076,-0.35382717847824097,-0.028312427923083305,-0.009175419807434082,-0.50386643409729,-0.05463403835892677,0.004153549671173096,-0.5986523628234863,-0.07505427300930023,0.01964467763900757,-0.6822971105575562,-0.08928443491458893,0.02119380235671997,-0.31582731008529663,-0.03432603180408478,0.03397059440612793,-0.4090065360069275,-0.07253845781087875,0.013108968734741211,-0.31652796268463135,-0.07663514465093613,0.0007609128952026367,-0.24185460805892944,-0.07047298550605774,0.05377519130706787,-0.24832993745803833,-0.044454123824834824,0.05584758520126343,-0.31191468238830566,-0.0813007801771164,0.03307485580444336,-0.24758023023605347,-0.0831834226846695,0.0185965895652771,-0.18631762266159058,-0.07667446881532669
0.0,0.0,0.0,-0.060420989990234375,-0.05165290832519531,-0.04247821867465973,-0.08752632141113281,-0.14152389764785767,-0.06495513767004013,-0.047876715660095215,-0.21141588687896729,-0.08605557680130005,0.0005403757095336914,-0.25892555713653564,-0.10374487191438675,-0.07054305076599121,-0.34665054082870483,-0.025970973074436188,-0.09362643957138062,-0.4770035743713379,-0.05444210022687912,-0.10322600603103638,-0.5573757290840149,-0.07720770686864853,-0.10449463129043579,-0.6289361119270325,-0.09428423643112183,-0.019492030143737793,-0.3539906144142151,-0.02712555043399334,-0.009112000465393066,-0.504966676235199,-0.0551435686647892,0.004234433174133301,-0.5993508696556091,-0.07603833079338074,0.020451247692108154,-0.6818480491638184,-0.08956887573003769,0.02071136236190796,-0.3168599605560303,-0.03419090062379837,0.0334591269493103,-0.40909111499786377,-0.07808653265237808,0.012478411197662354,-0.3133901357650757,-0.08525306731462479,0.0008540749549865723,-0.23607993125915527,-0.07942330092191696,0.05394148826599121,-0.2505647540092468,-0.04496278986334801,0.05395787954330444,-0.3059527277946472,-0.08701778948307037,0.03070390224456787,-0.2374463677406311,-0.09123432636260986,0.01669621467590332,-0.17550784349441528,-0.08535388857126236
0.0,0.0,0.0,-0.060419678688049316,-0.05089521408081055,-0.04353081062436104,-0.08748435974121094,-0.14165949821472168,-0.06631018966436386,-0.04733157157897949,-0.21074825525283813,-0.08754175901412964,0.0010245442390441895,-0.2580364942550659,-0.10533669590950012,-0.07080680131912231,-0.3458157181739807,-0.027011705562472343,-0.0938146710395813,-0.47627532482147217,-0.05551784113049507,-0.10329389572143555,-0.5559443831443787,-0.0779244601726532,-0.10459733009338379,-0.6268762946128845,-0.09467232972383499,-0.01953333616256714,-0.3532547950744629,-0.02774788625538349,-0.009342789649963379,-0.5021171569824219,-0.056551944464445114,0.003997206687927246,-0.596416711807251,-0.07768303155899048,0.0201188325881958,-0.6793487071990967,-0.09111779928207397,0.020523130893707275,-0.31637150049209595,-0.03447555750608444,0.033917009830474854,-0.4077690839767456,-0.0795641615986824,0.012973904609680176,-0.3118002414703369,-0.08721957355737686,0.0010620355606079102,-0.23502254486083984,-0.08133108913898468,0.05374598503112793,-0.2504020929336548,-0.044916097074747086,0.053831398487091064,-0.30365413427352905,-0.08792051672935486,0.03111809492111206,-0.23514068126678467,-0.09274037182331085,0.017229735851287842,-0.17416930198669434,-0.08705680072307587
0.0,0.0,0.0,-0.05988168716430664,-0.056209683418273926,-0.0405583381652832,-0.08652549982070923,-0.1451062560081482,-0.06243522837758064,-0.046499431133270264,-0.21510577201843262,-0.08332183957099915,0.0018458366394042969,-0.260860800743103,-0.10074011236429214,-0.069949209690094,-0.34937065839767456,-0.02485499158501625,-0.09291309118270874,-0.4808571934700012,-0.0532674677670002,-0.10282272100448608,-0.5617028474807739,-0.07670216262340546,-0.10440307855606079,-0.6340985298156738,-0.094456247985363,-0.01899474859237671,-0.3569048047065735,-0.02660909853875637,-0.008583426475524902,-0.5084823966026306,-0.05359115079045296,0.005150973796844482,-0.6030794978141785,-0.0742693543434143,0.021510183811187744,-0.6857117414474487,-0.08826813846826553,0.021274805068969727,-0.31929123401641846,-0.034061551094055176,0.03487640619277954,-0.412662148475647,-0.07515759021043777,0.01429516077041626,-0.3167264461517334,-0.08068444579839706,0.0025603175163269043,-0.23979347944259644,-0.0747242346405983,0.0542106032371521,-0.2516704201698303,-0.045338861644268036,0.055740296840667725,-0.3088650703430176,-0.08490941673517227,0.03235912322998047,-0.24149340391159058,-0.08780921250581741,0.01798856258392334,-0.18033993244171143,-0.0815984383225441
0.0,0.0,0.0,-0.0602986216545105,-0.061580121517181396,-0.03985108435153961,-0.08733469247817993,-0.14870989322662354,-0.06098022311925888,-0.04711335897445679,-0.22019034624099731,-0.0813135877251625,0.001434624195098877,-0.26313602924346924,-0.09795436263084412,-0.06983602046966553,-0.35339587926864624,-0.021591581404209137,-0.09301471710205078,-0.48609596490859985,-0.049421634525060654,-0.10339885950088501,-0.5675454139709473,-0.07359869033098221,-0.10539191961288452,-0.6410261988639832,-0.09215125441551208,-0.019542455673217773,-0.36040061712265015,-0.023032067343592644,-0.009214043617248535,-0.5111328363418579,-0.048778850585222244,0.005331933498382568,-0.6046788096427917,-0.06946064531803131,0.02226203680038452,-0.6867475509643555,-0.08410152792930603,0.02080237865447998,-0.3226822018623352,-0.03032001480460167,0.033478736877441406,-0.4160531163215637,-0.06880457699298859,0.012148618698120117,-0.3200756311416626,-0.07328268885612488,2.2113323211669922e-05,-0.24373173713684082,-0.06746254116296768,0.05384427309036255,-0.2549973130226135,-0.041670046746730804,0.055515944957733154,-0.3162298798561096,-0.07880250364542007,0.031586408615112305,-0.2492806315422058,-0.08071225881576538,0.017594754695892334,-0.18744546175003052,-0.07439267635345459
0.0,0.0,0.0,-0.060155510902404785,-0.058440208435058594,-0.03996797278523445,-0.08604919910430908,-0.1462748646736145,-0.06202816963195801,-0.04572564363479614,-0.21774417161941528,-0.0833178237080574,0.0035279393196105957,-0.2603887915611267,-0.10117760300636292,-0.06952923536300659,-0.35161417722702026,-0.02416558377444744,-0.09285718202590942,-0.4843055307865143,-0.05303562059998512,-0.10329073667526245,-0.5658629536628723,-0.07752561569213867,-0.10561025142669678,-0.6386966705322266,-0.09618140012025833,-0.01839214563369751,-0.358177125453949,-0.026294292882084846,-0.007693350315093994,-0.5088859796524048,-0.05321195349097252,0.005956411361694336,-0.6049572825431824,-0.074630007147789,0.022342801094055176,-0.6891661882400513,-0.08951805531978607,0.02206110954284668,-0.3191455602645874,-0.03404407203197479,0.03533726930618286,-0.41371554136276245,-0.07368052005767822,0.013282060623168945,-0.3189430236816406,-0.0779700055718422,0.0008460879325866699,-0.2426464557647705,-0.07163596153259277,0.054710209369659424,-0.24981200695037842,-0.04575801268219948,0.05574822425842285,-0.3112855553627014,-0.08412782847881317,0.031571149826049805,-0.2441299557685852,-0.08588813990354538,0.017281293869018555,-0.18191593885421753,-0.07902737706899643
0.0,0.0,0.0,-0.060914814472198486,-0.0500560998916626,-0.04335861653089523,-0.08747005462646484,-0.1392585039138794,-0.0663568526506424,-0.046626269817352295,-0.2079421877861023,-0.08775073289871216,0.001988053321838379,-0.25486671924591064,-0.10584355890750885,-0.0721052885055542,-0.34591567516326904,-0.028075410053133965,-0.0945119857788086,-0.4765397906303406,-0.05804482474923134,-0.10382401943206787,-0.5585038661956787,-0.08175768703222275,-0.10504460334777832,-0.630966305732727,-0.09934145957231522,-0.019873857498168945,-0.3530043959617615,-0.02935393527150154,-0.00881415605545044,-0.5022220015525818,-0.059109166264534,0.004339337348937988,-0.5990184545516968,-0.08120950311422348,0.020914673805236816,-0.684450626373291,-0.09533151984214783,0.02079296112060547,-0.3156226873397827,-0.03650215268135071,0.03524869680404663,-0.40497761964797974,-0.08201196044683456,0.01409369707107544,-0.31110894680023193,-0.08929618448019028,0.002487778663635254,-0.23606657981872559,-0.08316142112016678,0.05400007963180542,-0.24907076358795166,-0.047347694635391235,0.0543370246887207,-0.301593542098999,-0.09042589366436005,0.0310819149017334,-0.2328830361366272,-0.09429163485765457,0.017269670963287354,-0.17255091667175293,-0.08780936151742935
0.0,0.0,0.0,-0.06058222055435181,-0.05160945653915405,-0.041773658245801926,-0.0870630145072937,-0.14066177606582642,-0.06431013345718384,-0.04734981060028076,-0.21062207221984863,-0.0855744332075119,0.0010674595832824707,-0.2567421793937683,-0.10342235118150711,-0.07160389423370361,-0.34830063581466675,-0.026119792833924294,-0.09482252597808838,-0.4792447090148926,-0.05558197572827339,-0.10435223579406738,-0.5604621767997742,-0.07916893064975739,-0.10597515106201172,-0.6319150924682617,-0.09658830612897873,-0.01968538761138916,-0.35516124963760376,-0.02769075147807598,-0.008502185344696045,-0.5037035942077637,-0.05638640373945236,0.004842102527618408,-0.5995006561279297,-0.07781555503606796,0.02127891778945923,-0.6834167242050171,-0.09147845953702927,0.02088838815689087,-0.3174615502357483,-0.035028647631406784,0.03443098068237305,-0.4065985679626465,-0.07866477966308594,0.012941718101501465,-0.3123420476913452,-0.08466123789548874,0.001205742359161377,-0.23697108030319214,-0.07785483449697495,0.05400890111923218,-0.2506105303764343,-0.04607010260224342,0.054328322410583496,-0.30420100688934326,-0.08735333383083344,0.030928611755371094,-0.23641538619995117,-0.09010619670152664,0.016881823539733887,-0.17618399858474731,-0.08290374279022217
0.0,0.0,0.0,-0.060783565044403076,-0.049901485443115234,-0.043118324130773544,-0.08779168128967285,-0.1376488208770752,-0.066151924431324,-0.04790306091308594,-0.20747435092926025,-0.08761682361364365,-8.249282836914062e-05,-0.25657445192337036,-0.10574349761009216,-0.07219338417053223,-0.3460550308227539,-0.027738453820347786,-0.09508180618286133,-0.47654417157173157,-0.057802245020866394,-0.10490280389785767,-0.5583588480949402,-0.08177142590284348,-0.10653036832809448,-0.6311324238777161,-0.0994802787899971,-0.02023869752883911,-0.3532697558403015,-0.029139559715986252,-0.00904911756515503,-0.5025124549865723,-0.05841996520757675,0.003833770751953125,-0.5990817546844482,-0.08020171523094177,0.019941270351409912,-0.6842284202575684,-0.09411486983299255,0.02036184072494507,-0.31598925590515137,-0.03641536086797714,0.03371262550354004,-0.40488094091415405,-0.08122189342975616,0.012631535530090332,-0.3106237053871155,-0.08788613229990005,0.0012087225914001465,-0.2353302240371704,-0.08144821226596832,0.05350762605667114,-0.24936801195144653,-0.04745464026927948,0.053840458393096924,-0.30228734016418457,-0.08987567573785782,0.030690550804138184,-0.23400384187698364,-0.0930747240781784,0.016850411891937256,-0.17382705211639404,-0.08613152801990509
0.0,0.0,0.0,-0.059922635555267334,-0.04880136251449585,-0.04266178980469704,-0.08691138029098511,-0.1388046145439148,-0.06572962552309036,-0.04750794172286987,-0.20732057094573975,-0.08742497861385345,0.0009853839874267578,-0.2551063895225525,-0.105768583714962,-0.07092398405075073,-0.34574127197265625,-0.027501579374074936,-0.0936921238899231,-0.4748437702655792,-0.05794250965118408,-0.10344886779785156,-0.5560702681541443,-0.08164890110492706,-0.10523974895477295,-0.6273859739303589,-0.09899726510047913,-0.0191461443901062,-0.35206347703933716,-0.029067451134324074,-0.00785529613494873,-0.4997522830963135,-0.05940781161189079,0.005136072635650635,-0.5950596928596497,-0.0814523696899414,0.02089822292327881,-0.6790202260017395,-0.0951608344912529,0.021333754062652588,-0.3147237300872803,-0.036460041999816895,0.03546017408370972,-0.40368759632110596,-0.08278679847717285,0.014003634452819824,-0.3086264133453369,-0.09007621556520462,0.0019266605377197266,-0.23229092359542847,-0.08351554721593857,0.05480384826660156,-0.24847781658172607,-0.04744645953178406,0.05460590124130249,-0.2979588508605957,-0.09122546762228012,0.03145265579223633,-0.22874397039413452,-0.09534380584955215,0.0171317458152771,-0.16818541288375854,-0.08869883418083191
0.0,0.0,0.0,-0.059783756732940674,-0.05365878343582153,-0.041671302169561386,-0.08608931303024292,-0.14740896224975586,-0.06328730285167694,-0.04434072971343994,-0.21414440870285034,-0.08388697355985641,0.004559814929962158,-0.25938349962234497,-0.10128168761730194,-0.06821942329406738,-0.35077208280563354,-0.02454223670065403,-0.09102094173431396,-0.48048704862594604,-0.05349094420671463,-0.10068690776824951,-0.5621032118797302,-0.07671358436346054,-0.10213708877563477,-0.6345195770263672,-0.09403959661722183,-0.016788780689239502,-0.35685956478118896,-0.02647705189883709,-0.005828142166137695,-0.5053327679634094,-0.05537306144833565,0.007259488105773926,-0.6008656024932861,-0.07729456573724747,0.023631811141967773,-0.6862102746963501,-0.09136418253183365,0.023113548755645752,-0.31867122650146484,-0.03433442860841751,0.0382956862449646,-0.4084432125091553,-0.07991877943277359,0.016276955604553223,-0.31196510791778564,-0.08796291053295135,0.0037463903427124023,-0.23509472608566284,-0.082194484770298,0.05547255277633667,-0.2506870627403259,-0.045740850269794464,0.05702859163284302,-0.30395811796188354,-0.08865176141262054,0.03358590602874756,-0.236014723777771,-0.09294754266738892,0.019141077995300293,-0.17570990324020386,-0.08690723776817322
0.0,0.0,0.0,-0.060271620750427246,-0.05063110589981079,-0.04301000386476517,-0.08726352453231812,-0.14042896032333374,-0.06566178798675537,-0.04741150140762329,-0.20870274305343628,-0.08677488565444946,0.001168668270111084,-0.2557978630065918,-0.10446486622095108,-0.07088464498519897,-0.3494352102279663,-0.026928680017590523,-0.09307861328125,-0.47938990592956543,-0.056819066405296326,-0.1026884913444519,-0.5616431832313538,-0.08104344457387924,-0.1042826771736145,-0.6348469257354736,-0.09913299977779388,-0.01913595199584961,-0.3562026023864746,-0.028308488428592682,-0.008060991764068604,-0.5052899122238159,-0.05736090987920761,0.005536794662475586,-0.6016497611999512,-0.0794181376695633,0.022198140621185303,-0.6874870657920837,-0.09379422664642334,0.021352767944335938,-0.3186487555503845,-0.03561237454414368,0.035823702812194824,-0.4075515866279602,-0.08047115057706833,0.013971090316772461,-0.3117278218269348,-0.08757895231246948,0.0015684962272644043,-0.23657703399658203,-0.08160688728094101,0.054455459117889404,-0.25146663188934326,-0.046675898134708405,0.05561751127243042,-0.3032841086387634,-0.08961860835552216,0.032021284103393555,-0.2335265874862671,-0.09344462305307388,0.017806529998779297,-0.17324835062026978,-0.08704520016908646
0.0,0.0,0.0,-0.05982768535614014,-0.04831802845001221,-0.04343428462743759,-0.0861620306968689,-0.14043700695037842,-0.06694485247135162,-0.045821189880371094,-0.20712530612945557,-0.08905186504125595,0.0038803815841674805,-0.2533855438232422,-0.10778161883354187,-0.06865030527114868,-0.3466879725456238,-0.028766535222530365,-0.0911296010017395,-0.4755038619041443,-0.0593428872525692,-0.1008826494216919,-0.5572327375411987,-0.08304315060377121,-0.10222244262695312,-0.6295700669288635,-0.1007491871714592,-0.017132282257080078,-0.35238808393478394,-0.030598724260926247,-0.006234169006347656,-0.5003684759140015,-0.06188255921006203,0.0067653656005859375,-0.5961614847183228,-0.08485040813684464,0.022929072380065918,-0.6809342503547668,-0.09944842010736465,0.02290475368499756,-0.3146136999130249,-0.03825513646006584,0.03944730758666992,-0.40360838174819946,-0.08611422032117844,0.017307579517364502,-0.30582135915756226,-0.09420947730541229,0.0043261051177978516,-0.22779631614685059,-0.08811131119728088,0.05622363090515137,-0.24838173389434814,-0.04950766637921333,0.056987464427948,-0.29546624422073364,-0.09510679543018341,0.033809006214141846,-0.22509145736694336,-0.10050561279058456,0.019091248512268066,-0.16410255432128906,-0.09473766386508942
0.0,0.0,0.0,-0.06013810634613037,-0.05114150047302246,-0.04174353554844856,-0.08709001541137695,-0.14020687341690063,-0.06444428116083145,-0.046933889389038086,-0.20815837383270264,-0.08591841906309128,0.0024446845054626465,-0.2515951991081238,-0.10424023121595383,-0.06970399618148804,-0.347618043422699,-0.028097860515117645,-0.0924447774887085,-0.4771678149700165,-0.05817549303174019,-0.1023339033126831,-0.5594549179077148,-0.08220458775758743,-0.10386747121810913,-0.6323075890541077,-0.10019031912088394,-0.017156362533569336,-0.35340094566345215,-0.030081165954470634,-0.0059705376625061035,-0.5004892349243164,-0.0597810372710228,0.006284654140472412,-0.5972445011138916,-0.08255452662706375,0.021928608417510986,-0.6823530793190002,-0.09764625132083893,0.02289658784866333,-0.3150603771209717,-0.03755444660782814,0.037933945655822754,-0.4053419232368469,-0.08140087127685547,0.0160866379737854,-0.31695014238357544,-0.08862654119729996,0.004131138324737549,-0.24445289373397827,-0.08339027315378189,0.055223703384399414,-0.24795228242874146,-0.04874058812856674,0.05644863843917847,-0.2977144122123718,-0.09032940119504929,0.032532334327697754,-0.23250752687454224,-0.09430905431509018,0.017971515655517578,-0.17312949895858765,-0.08849442005157471
0.0,0.0,0.0,-0.05990356206893921,-0.047885775566101074,-0.04452119022607803,-0.08647871017456055,-0.13635873794555664,-0.06901168078184128,-0.04697084426879883,-0.20435255765914917,-0.09197783470153809,0.0018940567970275879,-0.25005966424942017,-0.11162517219781876,-0.07025396823883057,-0.34475499391555786,-0.030705776065587997,-0.09267336130142212,-0.47450947761535645,-0.06160986050963402,-0.10259431600570679,-0.5569621920585632,-0.08494912087917328,-0.10491788387298584,-0.6289034485816956,-0.10203256458044052,-0.017716944217681885,-0.3508518934249878,-0.0319187231361866,-0.005756080150604248,-0.49725964665412903,-0.06347232311964035,0.006635785102844238,-0.5927668213844299,-0.08591453731060028,0.02163296937942505,-0.6765871047973633,-0.09982752054929733,0.02216494083404541,-0.31252968311309814,-0.038982171565294266,0.037908732891082764,-0.39698249101638794,-0.08559483289718628,0.01636570692062378,-0.30407261848449707,-0.09280446916818619,0.003641188144683838,-0.23015367984771729,-0.0862644836306572,0.054298341274261475,-0.2459922432899475,-0.049867015331983566,0.05614238977432251,-0.2929660677909851,-0.09336307644844055,0.03293025493621826,-0.22476232051849365,-0.0977395623922348,0.017456471920013428,-0.1648457646369934,-0.09150632470846176
