0.0,0.0,0.0,-0.068084716796875,-0.03743356466293335,-0.01895846240222454,-0.11869341135025024,-0.1349468231201172,-0.031002549454569817,-0.1495698094367981,-0.2277681827545166,-0.04554467275738716,-0.17038965225219727,-0.30972427129745483,-0.059506189078092575,-0.07527768611907959,-0.28662818670272827,0.0011327910469844937,-0.1134832501411438,-0.3493456244468689,-0.03045271337032318,-0.1450607180595398,-0.3738597631454468,-0.058913037180900574,-0.17148786783218384,-0.38286295533180237,-0.07557427883148193,-0.03388422727584839,-0.32595229148864746,-0.007621692959219217,-0.056316077709198,-0.46541452407836914,-0.02930932305753231,-0.08156812191009521,-0.5503337383270264,-0.04779044911265373,-0.10816723108291626,-0.6196218729019165,-0.059241533279418945,0.0138319730758667,-0.32358670234680176,-0.02297675982117653,0.01176464557647705,-0.46009278297424316,-0.04789826273918152,-0.0004245638847351074,-0.5485222339630127,-0.06408745795488358,-0.01694244146347046,-0.6211562156677246,-0.0723055899143219,0.061026811599731445,-0.288601815700531,-0.040479741990566254,0.09064865112304688,-0.38979554176330566,-0.05880285054445267,0.1025192141532898,-0.46393251419067383,-0.06681960076093674,0.10336965322494507,-0.5346943140029907,-0.07126148790121078
0.0,0.0,0.0,-0.07031780481338501,-0.041191160678863525,-0.01917838491499424,-0.1208760142326355,-0.13787001371383667,-0.030823105946183205,-0.1500920057296753,-0.2317444086074829,-0.045261234045028687,-0.17131870985031128,-0.31129223108291626,-0.05888061970472336,-0.07614105939865112,-0.29516565799713135,0.00325590162537992,-0.11443978548049927,-0.3586467504501343,-0.02863842062652111,-0.14649802446365356,-0.37989258766174316,-0.05778161436319351,-0.17319995164871216,-0.3867209553718567,-0.07459063082933426,-0.03442239761352539,-0.33605754375457764,-0.00488686328753829,-0.056061625480651855,-0.47317183017730713,-0.025455735623836517,-0.08153015375137329,-0.5563026666641235,-0.04221431538462639,-0.10873079299926758,-0.6243391036987305,-0.052407898008823395,0.012949824333190918,-0.33502626419067383,-0.020071469247341156,0.010439038276672363,-0.4700329899787903,-0.0442003570497036,-0.0013976097106933594,-0.5571924448013306,-0.0584784597158432,-0.01774829626083374,-0.6276979446411133,-0.06499303877353668,0.05919086933135986,-0.2999385595321655,-0.037787191569805145,0.08791840076446533,-0.3985430598258972,-0.05570977181196213,0.09992480278015137,-0.470398485660553,-0.06299964338541031,0.10154718160629272,-0.5384871959686279,-0.06643997132778168
0.0,0.0,0.0,-0.06812065839767456,-0.04013645648956299,-0.020485125482082367,-0.11911368370056152,-0.13451623916625977,-0.03244020417332649,-0.14838260412216187,-0.22840315103530884,-0.04646315053105354,-0.16864228248596191,-0.30999594926834106,-0.05956949293613434,-0.07629919052124023,-0.2902248501777649,0.001246015657670796,-0.11311793327331543,-0.3530678153038025,-0.03029869869351387,-0.14396333694458008,-0.3789850175380707,-0.05922947824001312,-0.17069047689437866,-0.3922046720981598,-0.07645692676305771,-0.035301923751831055,-0.33113259077072144,-0.006403980311006308,-0.05700713396072388,-0.46755120158195496,-0.02793375588953495,-0.08207195997238159,-0.5505456328392029,-0.04670756310224533,-0.10932505130767822,-0.6196728348731995,-0.058525364845991135,0.011838972568511963,-0.330632746219635,-0.02084098942577839,0.00997251272201538,-0.46060627698898315,-0.045777786523103714,-0.0021300315856933594,-0.5483250021934509,-0.06239738315343857,-0.01956915855407715,-0.6219207048416138,-0.07078462094068527,0.05794632434844971,-0.2972508668899536,-0.03767027333378792,0.08751338720321655,-0.3944355249404907,-0.05614320561289787,0.09973496198654175,-0.4663736820220947,-0.06472530215978622,0.10061919689178467,-0.5353952646255493,-0.06943126767873764
0.0,0.0,0.0,-0.06889694929122925,-0.043956637382507324,-0.01790297031402588,-0.11904722452163696,-0.14152652025222778,-0.02849881909787655,-0.14864134788513184,-0.2339872121810913,-0.042232513427734375,-0.16972684860229492,-0.31477177143096924,-0.05505836755037308,-0.07425999641418457,-0.2974119186401367,0.0066801137290894985,-0.11215299367904663,-0.3597831130027771,-0.02474387176334858,-0.14379531145095825,-0.38450461626052856,-0.05368932709097862,-0.17079997062683105,-0.3953312337398529,-0.07028350234031677,-0.033189594745635986,-0.3367801904678345,-0.00219436245970428,-0.05505681037902832,-0.47423848509788513,-0.02278193272650242,-0.08013612031936646,-0.5581024885177612,-0.04050682485103607,-0.10672664642333984,-0.6266415119171143,-0.05116606131196022,0.014381706714630127,-0.33583343029022217,-0.018062828108668327,0.011073708534240723,-0.469839483499527,-0.042060792446136475,-0.0011286139488220215,-0.5580437183380127,-0.056991688907146454,-0.01772826910018921,-0.6300366520881653,-0.06382451951503754,0.06099557876586914,-0.30197757482528687,-0.03639691323041916,0.08907049894332886,-0.400473952293396,-0.053511928766965866,0.10109049081802368,-0.4728807508945465,-0.06046433746814728,0.10288619995117188,-0.5416091084480286,-0.06367623805999756
0.0,0.0,0.0,-0.06878995895385742,-0.04234921932220459,-0.02041652798652649,-0.11968380212783813,-0.138330340385437,-0.03302578255534172,-0.15034544467926025,-0.2317436933517456,-0.048093318939208984,-0.17080259323120117,-0.3140197992324829,-0.062231943011283875,-0.07640880346298218,-0.2953527569770813,0.001956712221726775,-0.11397409439086914,-0.3595595359802246,-0.03067305125296116,-0.14492928981781006,-0.38438037037849426,-0.06052150949835777,-0.1711767315864563,-0.3958410918712616,-0.0780542641878128,-0.035229384899139404,-0.33553117513656616,-0.006076080724596977,-0.05646789073944092,-0.4722847044467926,-0.02744220197200775,-0.08143103122711182,-0.5566680431365967,-0.04596436023712158,-0.10846906900405884,-0.6263697743415833,-0.05766322836279869,0.012196600437164307,-0.33454203605651855,-0.02114083245396614,0.009840071201324463,-0.4670124053955078,-0.04569369554519653,-0.0022745728492736816,-0.5551515817642212,-0.061571620404720306,-0.019099414348602295,-0.6278854608535767,-0.06946597248315811,0.05839139223098755,-0.30057668685913086,-0.03876599296927452,0.08664613962173462,-0.3995607793331146,-0.05698173865675926,0.09912359714508057,-0.4725300371646881,-0.06511084735393524,0.10103422403335571,-0.541825532913208,-0.0693889781832695
0.0,0.0,0.0,-0.06942451000213623,-0.04822736978530884,-0.01902138814330101,-0.11997729539871216,-0.14938032627105713,-0.030808202922344208,-0.1500837802886963,-0.24259018898010254,-0.04566569998860359,-0.1710931658744812,-0.3232077360153198,-0.05971335992217064,-0.0758744478225708,-0.3073819875717163,0.005143502727150917,-0.11348533630371094,-0.3714563250541687,-0.027644233778119087,-0.1454417109489441,-0.39452898502349854,-0.05831865593791008,-0.17275172472000122,-0.4040968716144562,-0.07614192366600037,-0.03370821475982666,-0.3470958471298218,-0.003748243674635887,-0.054499268531799316,-0.4851257801055908,-0.025575118139386177,-0.07978349924087524,-0.5691826343536377,-0.04480760172009468,-0.10656672716140747,-0.6374303698539734,-0.05667341127991676,0.014147579669952393,-0.3455454111099243,-0.019665589556097984,0.011732757091522217,-0.4812662601470947,-0.04419802129268646,0.0005478262901306152,-0.5667763948440552,-0.059782564640045166,-0.014480948448181152,-0.63628089427948,-0.06719811260700226,0.060774266719818115,-0.31013602018356323,-0.038143452256917953,0.08693921566009521,-0.4114592671394348,-0.055152006447315216,0.09903132915496826,-0.4825373888015747,-0.061871886253356934,0.1016194224357605,-0.5489951372146606,-0.0650927722454071
0.0,0.0,0.0,-0.06717497110366821,-0.04210352897644043,-0.02082136645913124,-0.11755955219268799,-0.13933342695236206,-0.03376253321766853,-0.1479453444480896,-0.23214799165725708,-0.048778947442770004,-0.16847866773605347,-0.3149645924568176,-0.06315375119447708,-0.07301986217498779,-0.2931957244873047,-0.0012709969887509942,-0.11055654287338257,-0.3563852310180664,-0.03487308695912361,-0.14280551671981812,-0.3820701241493225,-0.06561741232872009,-0.1707388162612915,-0.39464521408081055,-0.08403214812278748,-0.03108501434326172,-0.3331298828125,-0.009962436743080616,-0.05304110050201416,-0.472942590713501,-0.03418515995144844,-0.07898068428039551,-0.5579173564910889,-0.055462796241045,-0.1064043641090393,-0.6272421479225159,-0.06898871064186096,0.016369521617889404,-0.3313369154930115,-0.025244683027267456,0.01508396863937378,-0.466622918844223,-0.052157897502183914,0.003118157386779785,-0.5534892678260803,-0.07023994624614716,-0.013242363929748535,-0.6264324188232422,-0.07965225726366043,0.062484800815582275,-0.2954965829849243,-0.042798105627298355,0.0911107063293457,-0.39555394649505615,-0.06197230517864227,0.10395252704620361,-0.4673594832420349,-0.0705021321773529,0.10633397102355957,-0.5363984704017639,-0.07537731528282166
0.0,0.0,0.0,-0.06807804107666016,-0.04341292381286621,-0.019993223249912262,-0.11846804618835449,-0.14080321788787842,-0.03290580213069916,-0.1482175588607788,-0.23324710130691528,-0.048227448016405106,-0.1678749918937683,-0.31546497344970703,-0.06281424313783646,-0.07360255718231201,-0.29605185985565186,0.0004494552267715335,-0.11175817251205444,-0.3599697947502136,-0.03477216884493828,-0.14487391710281372,-0.38348710536956787,-0.06666675209999084,-0.17263352870941162,-0.39353248476982117,-0.0852692574262619,-0.032298505306243896,-0.3361038565635681,-0.008459139615297318,-0.05410110950469971,-0.4752348065376282,-0.03279782086610794,-0.08001554012298584,-0.5590899586677551,-0.05337314307689667,-0.10726386308670044,-0.6280209422111511,-0.06600478291511536,0.015194296836853027,-0.33433783054351807,-0.024301446974277496,0.013749539852142334,-0.4692842960357666,-0.051318731158971786,0.002552330493927002,-0.5582064986228943,-0.06857689470052719,-0.012363791465759277,-0.6339653730392456,-0.07700586318969727,0.06126934289932251,-0.29836565256118774,-0.04249048978090286,0.09028911590576172,-0.3996242582798004,-0.06176856532692909,0.10318130254745483,-0.47186630964279175,-0.06990159302949905,0.1060788631439209,-0.5417579412460327,-0.07413598895072937
0.0,0.0,0.0,-0.07036739587783813,-0.0492134690284729,-0.01771525666117668,-0.12081658840179443,-0.15358084440231323,-0.029279354959726334,-0.15004068613052368,-0.24880194664001465,-0.04417053610086441,-0.17107170820236206,-0.3310140371322632,-0.058306045830249786,-0.07340127229690552,-0.30776798725128174,0.004731541033834219,-0.11128610372543335,-0.3735716938972473,-0.030016887933015823,-0.1455671787261963,-0.39261966943740845,-0.06154542788863182,-0.17397642135620117,-0.39597630500793457,-0.07933765649795532,-0.031155288219451904,-0.3468121290206909,-0.004665402229875326,-0.05250906944274902,-0.48638689517974854,-0.02780359424650669,-0.07859301567077637,-0.570484459400177,-0.04705798253417015,-0.10600370168685913,-0.6388877630233765,-0.05855131149291992,0.016962409019470215,-0.3444368243217468,-0.02116311527788639,0.014774799346923828,-0.4804325997829437,-0.04686899483203888,0.0033285021781921387,-0.5682582259178162,-0.06259103864431381,-0.01202249526977539,-0.6409761309623718,-0.06977864354848862,0.06353217363357544,-0.30801236629486084,-0.04004194959998131,0.09266388416290283,-0.40875470638275146,-0.057746317237615585,0.10483843088150024,-0.4805329144001007,-0.06476046144962311,0.10671913623809814,-0.5478947162628174,-0.06803461164236069
0.0,0.0,0.0,-0.0709676742553711,-0.050663769245147705,-0.017338259145617485,-0.12114208936691284,-0.1542261838912964,-0.029065722599625587,-0.14989668130874634,-0.24760746955871582,-0.04419116675853729,-0.17071408033370972,-0.3295442461967468,-0.05873217061161995,-0.07372927665710449,-0.30906587839126587,0.004082424100488424,-0.11166954040527344,-0.3725908398628235,-0.03082001768052578,-0.14628994464874268,-0.3916509747505188,-0.06249692663550377,-0.174913227558136,-0.39557409286499023,-0.08042001724243164,-0.03134554624557495,-0.3471670150756836,-0.005718901287764311,-0.05295306444168091,-0.4855189025402069,-0.028658585622906685,-0.0788658857345581,-0.5696645975112915,-0.04777438938617706,-0.10601752996444702,-0.6382508277893066,-0.059342484921216965,0.016704797744750977,-0.34370434284210205,-0.02256067469716072,0.014927923679351807,-0.479104608297348,-0.04826712608337402,0.0035647153854370117,-0.5660406947135925,-0.06401508301496506,-0.011833608150482178,-0.6384721994400024,-0.0713881179690361,0.06252700090408325,-0.3059333562850952,-0.041725900024175644,0.09231537580490112,-0.4058009386062622,-0.05984440818428993,0.10489135980606079,-0.4775710105895996,-0.06711658090353012,0.10721361637115479,-0.5451607704162598,-0.07060258090496063
0.0,0.0,0.0,-0.06702166795730591,-0.043590426445007324,-0.019419483840465546,-0.11757147312164307,-0.14133679866790771,-0.03234310820698738,-0.14694958925247192,-0.23323595523834229,-0.047785285860300064,-0.16578739881515503,-0.31604617834091187,-0.0627431645989418,-0.07261526584625244,-0.29762065410614014,-0.0007194941863417625,-0.1105356216430664,-0.36105459928512573,-0.035922106355428696,-0.14347130060195923,-0.38207823038101196,-0.06769151240587234,-0.17090564966201782,-0.3898547887802124,-0.08620585501194,-0.03082340955734253,-0.3365643620491028,-0.010007932782173157,-0.052826881408691406,-0.4757406711578369,-0.03490587696433067,-0.07843387126922607,-0.5601556897163391,-0.056382350623607635,-0.10459643602371216,-0.6306432485580444,-0.06985688209533691,0.017165958881378174,-0.3331802487373352,-0.0259720366448164,0.016690611839294434,-0.4679596424102783,-0.05349266901612282,0.005979061126708984,-0.5558063983917236,-0.07209330052137375,-0.008538663387298584,-0.6318154335021973,-0.08165181428194046,0.0633125901222229,-0.29518622159957886,-0.04405176639556885,0.0929226279258728,-0.39788633584976196,-0.06348288804292679,0.10577857494354248,-0.4699980318546295,-0.07208827883005142,0.1083136796951294,-0.5396924614906311,-0.0769057646393776
0.0,0.0,0.0,-0.06826889514923096,-0.043978869915008545,-0.019226199015975,-0.11955612897872925,-0.14327269792556763,-0.030741749331355095,-0.14714491367340088,-0.23708206415176392,-0.044680267572402954,-0.1657351851463318,-0.31865447759628296,-0.05797296762466431,-0.07221710681915283,-0.29596787691116333,0.0008457888616248965,-0.11042165756225586,-0.3634585738182068,-0.030798472464084625,-0.1438242793083191,-0.3850853443145752,-0.05998724326491356,-0.17195969820022583,-0.3918415904045105,-0.07719811052083969,-0.029817044734954834,-0.33491867780685425,-0.00789859239012003,-0.05040651559829712,-0.47433972358703613,-0.03045264445245266,-0.07599157094955444,-0.5604528784751892,-0.050752438604831696,-0.10210537910461426,-0.6307140588760376,-0.06380042433738708,0.017734408378601074,-0.33288049697875977,-0.023139452561736107,0.016793906688690186,-0.46865543723106384,-0.04889330267906189,0.005963563919067383,-0.558336079120636,-0.06725254654884338,-0.008160531520843506,-0.6329428553581238,-0.07709281891584396,0.06430745124816895,-0.29699844121932983,-0.04053020477294922,0.09368515014648438,-0.39776381850242615,-0.05877936631441116,0.10650783777236938,-0.4692366421222687,-0.06723703444004059,0.10907262563705444,-0.5365813970565796,-0.07228109240531921
0.0,0.0,0.0,-0.06787526607513428,-0.0391157865524292,-0.017975453287363052,-0.11933565139770508,-0.1353932023048401,-0.029250919818878174,-0.14897769689559937,-0.22728663682937622,-0.042933445423841476,-0.16672378778457642,-0.3112480044364929,-0.056088175624608994,-0.0716601014137268,-0.2856028079986572,0.0010885748779401183,-0.1107446551322937,-0.3496907353401184,-0.03063715063035488,-0.14311081171035767,-0.37201446294784546,-0.0591205358505249,-0.16974639892578125,-0.37896138429641724,-0.07575023919343948,-0.0302162766456604,-0.3237606883049011,-0.008616422303020954,-0.051800310611724854,-0.46294069290161133,-0.03118034452199936,-0.07673215866088867,-0.5486637353897095,-0.050931431353092194,-0.10259902477264404,-0.6182429790496826,-0.06320752948522568,0.016904056072235107,-0.31986671686172485,-0.02478005178272724,0.017689108848571777,-0.4534980356693268,-0.051094796508550644,0.007392585277557373,-0.5431824326515198,-0.0694163590669632,-0.007091820240020752,-0.6189706921577454,-0.07890686392784119,0.0628700852394104,-0.2823954224586487,-0.04279838874936104,0.09364879131317139,-0.38385725021362305,-0.06231622397899628,0.10632598400115967,-0.45742982625961304,-0.07131385803222656,0.10849106311798096,-0.5273206233978271,-0.07638335227966309
0.0,0.0,0.0,-0.06603002548217773,-0.03554856777191162,-0.016844697296619415,-0.11608773469924927,-0.13160479068756104,-0.027522418648004532,-0.144115149974823,-0.22305530309677124,-0.04056364297866821,-0.16252368688583374,-0.30419301986694336,-0.05331335961818695,-0.06680041551589966,-0.2819567322731018,-5.471388067235239e-05,-0.10455340147018433,-0.34584182500839233,-0.031869471073150635,-0.13766813278198242,-0.36848825216293335,-0.06103106960654259,-0.16490435600280762,-0.376863956451416,-0.07863863557577133,-0.0265691876411438,-0.3191556930541992,-0.010063095949590206,-0.048408567905426025,-0.4595545828342438,-0.03328314423561096,-0.07445871829986572,-0.5436806082725525,-0.054334379732608795,-0.10155594348907471,-0.6136893033981323,-0.0678662359714508,0.01950550079345703,-0.31507056951522827,-0.026062732562422752,0.021201252937316895,-0.4494960308074951,-0.05237266793847084,0.01153630018234253,-0.5389185547828674,-0.07161913067102432,-0.0025415420532226562,-0.6161477565765381,-0.08216159790754318,0.06499379873275757,-0.27782225608825684,-0.04369812086224556,0.09582650661468506,-0.3799036145210266,-0.06282996386289597,0.10864418745040894,-0.45289909839630127,-0.07209573686122894,0.11091279983520508,-0.5235491394996643,-0.07778065651655197
0.0,0.0,0.0,-0.06546396017074585,-0.03587043285369873,-0.017569787800312042,-0.11606419086456299,-0.13116157054901123,-0.029072096571326256,-0.14564567804336548,-0.223618745803833,-0.043161820620298386,-0.1647844910621643,-0.30588674545288086,-0.056961480528116226,-0.0697830319404602,-0.2859310507774353,0.00015942203754093498,-0.10790151357650757,-0.35089510679244995,-0.0314151905477047,-0.14037549495697021,-0.37254440784454346,-0.060894355177879333,-0.16685515642166138,-0.3792964220046997,-0.07902058213949203,-0.029095590114593506,-0.3232424855232239,-0.009877171367406845,-0.05020076036453247,-0.4632483720779419,-0.033133700489997864,-0.07657217979431152,-0.5467386245727539,-0.055057965219020844,-0.10440617799758911,-0.6151910424232483,-0.06953302770853043,0.017358839511871338,-0.3190162181854248,-0.025964725762605667,0.01854616403579712,-0.45450058579444885,-0.05203355476260185,0.008738338947296143,-0.5442319512367249,-0.07229398936033249,-0.005762934684753418,-0.6207557916641235,-0.08394435793161392,0.06344658136367798,-0.28175562620162964,-0.04379669576883316,0.09530758857727051,-0.38369739055633545,-0.06260547041893005,0.10889369249343872,-0.4566061496734619,-0.07254655659198761,0.11127424240112305,-0.526923418045044,-0.07914750277996063
0.0,0.0,0.0,-0.06511074304580688,-0.031450867652893066,-0.0195196233689785,-0.11684203147888184,-0.1281786561012268,-0.030847644433379173,-0.14670699834823608,-0.22085487842559814,-0.043709754943847656,-0.1667124629020691,-0.30208516120910645,-0.056101784110069275,-0.0699644684791565,-0.2801817059516907,-0.003154793055728078,-0.1066516637802124,-0.3435348868370056,-0.03257868438959122,-0.13856005668640137,-0.36596912145614624,-0.05942533537745476,-0.16568362712860107,-0.375622034072876,-0.07613302767276764,-0.028635025024414062,-0.31776297092437744,-0.012054030783474445,-0.05076104402542114,-0.45821189880371094,-0.03458983451128006,-0.07651782035827637,-0.5432440042495728,-0.05532774701714516,-0.10324162244796753,-0.6146657466888428,-0.06910604238510132,0.017652511596679688,-0.31183820962905884,-0.026838336139917374,0.019796013832092285,-0.4489291310310364,-0.05374394357204437,0.00954514741897583,-0.5380517244338989,-0.07399997115135193,-0.00497889518737793,-0.6145894527435303,-0.08545380085706711,0.06408029794692993,-0.272250771522522,-0.04322885349392891,0.09503597021102905,-0.37719404697418213,-0.06354498118162155,0.10754674673080444,-0.45210373401641846,-0.07404590398073196,0.10909926891326904,-0.5247564911842346,-0.08088617026805878
0.0,0.0,0.0,-0.06533575057983398,-0.03107905387878418,-0.019433751702308655,-0.1170264482498169,-0.12844181060791016,-0.030709195882081985,-0.14674502611160278,-0.22076070308685303,-0.04363154247403145,-0.16713088750839233,-0.3028009533882141,-0.05606768652796745,-0.07133680582046509,-0.28059327602386475,-0.002497450215741992,-0.10821610689163208,-0.34485316276550293,-0.031616080552339554,-0.1402791142463684,-0.3671414256095886,-0.058058880269527435,-0.1670507788658142,-0.37571394443511963,-0.07445427775382996,-0.02983689308166504,-0.3185862898826599,-0.011492409743368626,-0.05214226245880127,-0.4588519334793091,-0.033812444657087326,-0.07814395427703857,-0.5438128113746643,-0.054419584572315216,-0.10472041368484497,-0.6151764392852783,-0.06807976961135864,0.016659200191497803,-0.31328731775283813,-0.026409629732370377,0.018038630485534668,-0.45110926032066345,-0.05311018228530884,0.007179856300354004,-0.5414716005325317,-0.07320969551801682,-0.0073972344398498535,-0.6190696954727173,-0.08465155214071274,0.06344819068908691,-0.2745594382286072,-0.042934730648994446,0.09343689680099487,-0.37993061542510986,-0.06308982521295547,0.1057479977607727,-0.4553709924221039,-0.07342503219842911,0.10745811462402344,-0.5284423828125,-0.08017805218696594
0.0,0.0,0.0,-0.06378734111785889,-0.0334705114364624,-0.01816421002149582,-0.11515671014785767,-0.1310563087463379,-0.029427459463477135,-0.14556986093521118,-0.2238655686378479,-0.04291488230228424,-0.16348999738693237,-0.30620044469833374,-0.055997151881456375,-0.06939703226089478,-0.2865036129951477,-0.000443630589870736,-0.10712546110153198,-0.3498706817626953,-0.03126730024814606,-0.139149010181427,-0.37169718742370605,-0.06021331623196602,-0.16571664810180664,-0.37929558753967285,-0.07819446921348572,-0.02849578857421875,-0.3240309953689575,-0.009885016828775406,-0.05136460065841675,-0.4627963900566101,-0.032350797206163406,-0.07768774032592773,-0.5477082133293152,-0.053675346076488495,-0.10510259866714478,-0.6189284324645996,-0.0680028423666954,0.017867088317871094,-0.3191142678260803,-0.025352509692311287,0.017695248126983643,-0.45566999912261963,-0.05113516002893448,0.006551086902618408,-0.544860303401947,-0.0706951767206192,-0.008395671844482422,-0.6207975745201111,-0.08197695016860962,0.06441247463226318,-0.2811316251754761,-0.0426056869328022,0.09434700012207031,-0.384579598903656,-0.06167243421077728,0.10736024379730225,-0.45822709798812866,-0.07142824679613113,0.11021941900253296,-0.529970645904541,-0.07788289338350296
0.0,0.0,0.0,-0.06398701667785645,-0.026615500450134277,-0.020948011428117752,-0.11462712287902832,-0.12124371528625488,-0.03361169993877411,-0.14445018768310547,-0.21298480033874512,-0.047793660312891006,-0.16422754526138306,-0.29530274868011475,-0.06161586567759514,-0.06728529930114746,-0.2737048864364624,-0.005183586850762367,-0.10450488328933716,-0.3357449173927307,-0.03536432236433029,-0.13703209161758423,-0.35759586095809937,-0.06325723230838776,-0.16363120079040527,-0.3658595085144043,-0.0807299017906189,-0.025999605655670166,-0.31248152256011963,-0.01336727011948824,-0.04857778549194336,-0.45016923546791077,-0.03574604541063309,-0.07525432109832764,-0.5363423824310303,-0.05655951052904129,-0.10251420736312866,-0.6091541051864624,-0.07076628506183624,0.020498812198638916,-0.3075879216194153,-0.027516359463334084,0.02147829532623291,-0.4469375014305115,-0.054064247757196426,0.010081052780151367,-0.5360187888145447,-0.07409169524908066,-0.005500376224517822,-0.6117018461227417,-0.08575206995010376,0.06684249639511108,-0.26974308490753174,-0.04345586523413658,0.09724682569503784,-0.37466466426849365,-0.06405819952487946,0.11000978946685791,-0.44984889030456543,-0.07490215450525284,0.11164486408233643,-0.5222816467285156,-0.08208262175321579
0.0,0.0,0.0,-0.06599706411361694,-0.03545123338699341,-0.018623098731040955,-0.11665451526641846,-0.13306450843811035,-0.030453871935606003,-0.14702636003494263,-0.22636598348617554,-0.04454268515110016,-0.1665971279144287,-0.30795055627822876,-0.05820906162261963,-0.07129883766174316,-0.28707772493362427,-0.0010508944978937507,-0.1093938946723938,-0.35404282808303833,-0.032555218786001205,-0.14221405982971191,-0.3752371072769165,-0.06166565418243408,-0.1694357991218567,-0.3811967372894287,-0.07941287010908127,-0.030576109886169434,-0.3262515068054199,-0.010312987491488457,-0.05383700132369995,-0.465556800365448,-0.03287371248006821,-0.08045321702957153,-0.5504815578460693,-0.0538463294506073,-0.10825973749160767,-0.6210048198699951,-0.06771893054246902,0.01597350835800171,-0.3228830099105835,-0.025675509124994278,0.014739751815795898,-0.45883169770240784,-0.051148515194654465,0.0037290453910827637,-0.547816276550293,-0.0701369121670723,-0.011341571807861328,-0.6233457326889038,-0.08090992271900177,0.06240755319595337,-0.286373496055603,-0.042928546667099,0.09147852659225464,-0.38985157012939453,-0.06126120314002037,0.1038820743560791,-0.4630568027496338,-0.07021872699260712,0.10587447881698608,-0.5328351259231567,-0.07595908641815186
0.0,0.0,0.0,-0.06563210487365723,-0.04035860300064087,-0.020226474851369858,-0.11658960580825806,-0.1364871859550476,-0.03427182883024216,-0.14868402481079102,-0.22854316234588623,-0.05052068084478378,-0.16652518510818481,-0.31378400325775146,-0.06620009988546371,-0.07082271575927734,-0.29012352228164673,-0.003249179571866989,-0.10922086238861084,-0.35457396507263184,-0.03874152898788452,-0.14186370372772217,-0.3782140612602234,-0.07037149369716644,-0.16922223567962646,-0.3869170546531677,-0.088930144906044,-0.030501902103424072,-0.32936644554138184,-0.012342947535216808,-0.054079532623291016,-0.4708530902862549,-0.03715629503130913,-0.07981270551681519,-0.5545216798782349,-0.058413878083229065,-0.10744154453277588,-0.6242799758911133,-0.07175423204898834,0.016502201557159424,-0.3267541527748108,-0.02795271761715412,0.013917148113250732,-0.4612540006637573,-0.05458185449242592,0.0035872459411621094,-0.5489109754562378,-0.07250041514635086,-0.011688232421875,-0.6252586841583252,-0.08194008469581604,0.06256157159805298,-0.2906875014305115,-0.045738350600004196,0.09124046564102173,-0.39335936307907104,-0.06435975432395935,0.10372263193130493,-0.4655177593231201,-0.07249908149242401,0.10554862022399902,-0.5352641344070435,-0.07714703679084778
0.0,0.0,0.0,-0.06574219465255737,-0.0375218391418457,-0.019432352855801582,-0.11691004037857056,-0.13427197933197021,-0.03237875550985336,-0.1486968994140625,-0.22719544172286987,-0.04763251543045044,-0.16821402311325073,-0.31076592206954956,-0.062254879623651505,-0.07206332683563232,-0.28819888830184937,-0.001991045894101262,-0.11170077323913574,-0.3548782467842102,-0.03657260164618492,-0.14473563432693481,-0.3771666884422302,-0.06778054684400558,-0.17170703411102295,-0.3833884596824646,-0.08613776415586472,-0.031797945499420166,-0.3277972936630249,-0.010937657207250595,-0.05493384599685669,-0.468513160943985,-0.03425346314907074,-0.08075356483459473,-0.5534338355064392,-0.054524194449186325,-0.10836523771286011,-0.6237761974334717,-0.06749163568019867,0.015233814716339111,-0.32533878087997437,-0.02640566974878311,0.013948380947113037,-0.46046239137649536,-0.052007049322128296,0.0036281347274780273,-0.5498478412628174,-0.06946736574172974,-0.01138979196548462,-0.6263893842697144,-0.07876192033290863,0.06162780523300171,-0.2901064157485962,-0.044034767895936966,0.0910719633102417,-0.3927093744277954,-0.06200879439711571,0.10348409414291382,-0.4655669331550598,-0.06978271156549454,0.10524964332580566,-0.5355780124664307,-0.0742761492729187
0.0,0.0,0.0,-0.06550192832946777,-0.03937995433807373,-0.019398823380470276,-0.11668235063552856,-0.1360906958580017,-0.03236380219459534,-0.1485271453857422,-0.22856199741363525,-0.04773224517703056,-0.16717618703842163,-0.31207847595214844,-0.06241564452648163,-0.07121884822845459,-0.2921106815338135,-0.000866043264977634,-0.11191409826278687,-0.35808348655700684,-0.035360027104616165,-0.14486992359161377,-0.37961500883102417,-0.06678443402051926,-0.1709190011024475,-0.3850158452987671,-0.08538412302732468,-0.030968427658081055,-0.33180010318756104,-0.00980748888105154,-0.05561929941177368,-0.47171536087989807,-0.03296024352312088,-0.08185774087905884,-0.556651771068573,-0.05324205756187439,-0.10952460765838623,-0.6267185211181641,-0.06626198440790176,0.015952467918395996,-0.32909971475601196,-0.025358380749821663,0.01390141248703003,-0.4632469415664673,-0.05077479034662247,0.0034572482109069824,-0.5518069267272949,-0.06779816001653671,-0.011636018753051758,-0.6271964311599731,-0.07677968591451645,0.06237137317657471,-0.2929789423942566,-0.043172769248485565,0.09152865409851074,-0.39458930492401123,-0.061505209654569626,0.10391753911972046,-0.46810680627822876,-0.06942588835954666,0.10586965084075928,-0.5394046306610107,-0.07387332618236542
0.0,0.0,0.0,-0.06642419099807739,-0.04071640968322754,-0.019403131678700447,-0.11765283346176147,-0.13840389251708984,-0.03230912238359451,-0.14988887310028076,-0.23122406005859375,-0.04766104742884636,-0.16817665100097656,-0.31675517559051514,-0.06217881292104721,-0.07205593585968018,-0.29362887144088745,-0.00022866818471811712,-0.11023694276809692,-0.3595898747444153,-0.035604652017354965,-0.14292800426483154,-0.38153302669525146,-0.06725462526082993,-0.16979342699050903,-0.38854724168777466,-0.08552461862564087,-0.03155159950256348,-0.3332241177558899,-0.009065150283277035,-0.05478775501251221,-0.47365304827690125,-0.032962992787361145,-0.08079874515533447,-0.5586674213409424,-0.05307891592383385,-0.10855036973953247,-0.6296724081039429,-0.06545998156070709,0.015568315982818604,-0.33110445737838745,-0.02466794289648533,0.014090657234191895,-0.46432799100875854,-0.0504293255507946,0.003265559673309326,-0.5521359443664551,-0.06683371216058731,-0.0123404860496521,-0.6275019645690918,-0.07487637549638748,0.06149953603744507,-0.29548537731170654,-0.042594779282808304,0.09044736623764038,-0.39715343713760376,-0.06051316484808922,0.10231292247772217,-0.46963173151016235,-0.06775323301553726,0.10391634702682495,-0.5398396849632263,-0.07140827178955078
0.0,0.0,0.0,-0.06769412755966187,-0.045726895332336426,-0.020534077659249306,-0.11887282133102417,-0.14446067810058594,-0.03405524045228958,-0.15070199966430664,-0.23848068714141846,-0.05031498521566391,-0.16864913702011108,-0.32412439584732056,-0.06550617516040802,-0.07334566116333008,-0.3022174835205078,0.0015777910593897104,-0.11160296201705933,-0.3706241846084595,-0.034487947821617126,-0.14476627111434937,-0.39249539375305176,-0.06665906310081482,-0.17193835973739624,-0.3991590142250061,-0.08495011925697327,-0.03257274627685547,-0.34221911430358887,-0.006618483457714319,-0.0552980899810791,-0.4806584119796753,-0.029978308826684952,-0.08106279373168945,-0.5658714175224304,-0.04928339272737503,-0.10791534185409546,-0.6377660036087036,-0.061085302382707596,0.014702081680297852,-0.34110432863235474,-0.022071734070777893,0.011592745780944824,-0.47510817646980286,-0.047195568680763245,0.00044029951095581055,-0.5631918907165527,-0.06248126178979874,-0.01471942663192749,-0.6381953954696655,-0.06972489506006241,0.06051480770111084,-0.3059035539627075,-0.04024548456072807,0.08758729696273804,-0.4057196378707886,-0.05755535513162613,0.09912270307540894,-0.47754737734794617,-0.06436140090227127,0.10116320848464966,-0.5464544296264648,-0.06757233291864395
0.0,0.0,0.0,-0.06750988960266113,-0.04743003845214844,-0.020173003897070885,-0.11867374181747437,-0.14635342359542847,-0.03364819288253784,-0.15037471055984497,-0.24032390117645264,-0.049835942685604095,-0.1687498688697815,-0.3254539966583252,-0.06503895670175552,-0.07335865497589111,-0.3058452606201172,0.0017595173558220267,-0.11191880702972412,-0.37305086851119995,-0.03397371619939804,-0.14473974704742432,-0.3950366973876953,-0.06603983044624329,-0.17148041725158691,-0.4018303155899048,-0.08437427133321762,-0.03233546018600464,-0.3455365300178528,-0.006708644330501556,-0.05539751052856445,-0.4832574129104614,-0.029982760548591614,-0.08057671785354614,-0.5675308704376221,-0.04926503077149391,-0.10679209232330322,-0.6389225721359253,-0.061057377606630325,0.015012979507446289,-0.34347814321517944,-0.02234738878905773,0.011932015419006348,-0.4769587218761444,-0.047334861010313034,0.0009852051734924316,-0.563621997833252,-0.06240826100111008,-0.014101028442382812,-0.6380014419555664,-0.06955090910196304,0.060608744621276855,-0.3068782091140747,-0.04065438359975815,0.08691304922103882,-0.4064905643463135,-0.057877201586961746,0.0985148549079895,-0.47817644476890564,-0.06445338577032089,0.10098755359649658,-0.5471678972244263,-0.06746864318847656
0.0,0.0,0.0,-0.06802922487258911,-0.04817533493041992,-0.019900033250451088,-0.11889797449111938,-0.14903217554092407,-0.033078089356422424,-0.15069305896759033,-0.24379193782806396,-0.048993632197380066,-0.16996103525161743,-0.3287862539291382,-0.06409112364053726,-0.07350969314575195,-0.3055596947669983,0.0023484581615775824,-0.11107140779495239,-0.37090420722961426,-0.033682629466056824,-0.14412212371826172,-0.39510565996170044,-0.06641174852848053,-0.1721552610397339,-0.4053184390068054,-0.08535914123058319,-0.03238177299499512,-0.34539127349853516,-0.006382323801517487,-0.05545395612716675,-0.4827529489994049,-0.03015877865254879,-0.08118695020675659,-0.5664983987808228,-0.05027712136507034,-0.10788470506668091,-0.6378787755966187,-0.06274235248565674,0.014935195446014404,-0.3438712954521179,-0.022259801626205444,0.011812090873718262,-0.4776371121406555,-0.04776652529835701,0.0004812479019165039,-0.5642516613006592,-0.06339110434055328,-0.0146714448928833,-0.6390717029571533,-0.07097406685352325,0.06055271625518799,-0.3079213500022888,-0.04076004400849342,0.08673095703125,-0.4079126715660095,-0.05813652649521828,0.0985984206199646,-0.4794764518737793,-0.06481988728046417,0.10129052400588989,-0.5485019683837891,-0.0681014358997345
0.0,0.0,0.0,-0.06682753562927246,-0.04747563600540161,-0.02007937990128994,-0.11742866039276123,-0.14705199003219604,-0.03342441841959953,-0.14890718460083008,-0.24116146564483643,-0.04953983053565025,-0.16764509677886963,-0.3263968229293823,-0.06468088924884796,-0.0719602108001709,-0.30534684658050537,0.0023764667566865683,-0.10995090007781982,-0.37235575914382935,-0.03245018050074577,-0.14250260591506958,-0.395885705947876,-0.06377408653497696,-0.16964417695999146,-0.4045115113258362,-0.08183787763118744,-0.03049224615097046,-0.34484684467315674,-0.006303067319095135,-0.053658902645111084,-0.4828992784023285,-0.029514096677303314,-0.07917451858520508,-0.5668115019798279,-0.04884744808077812,-0.10554993152618408,-0.6373026371002197,-0.06077992916107178,0.017081737518310547,-0.34320300817489624,-0.022136764600872993,0.014044761657714844,-0.4776351749897003,-0.04740484803915024,0.0026154518127441406,-0.5651997923851013,-0.06288706511259079,-0.012739479541778564,-0.6397277116775513,-0.0704156830906868,0.06301814317703247,-0.3074215054512024,-0.040591612458229065,0.08959776163101196,-0.40769022703170776,-0.05804942175745964,0.10137939453125,-0.4798077344894409,-0.06497854739427567,0.10364711284637451,-0.5491437911987305,-0.06844739615917206
0.0,0.0,0.0,-0.06648451089859009,-0.04094541072845459,-0.019028453156352043,-0.11720836162567139,-0.1395971179008484,-0.03167678788304329,-0.1490163803100586,-0.23307621479034424,-0.046688053756952286,-0.16845262050628662,-0.3171636462211609,-0.06102307140827179,-0.0715562105178833,-0.29312705993652344,0.00024147736257873476,-0.10890287160873413,-0.3573489785194397,-0.03462642803788185,-0.14050376415252686,-0.38102662563323975,-0.06627330929040909,-0.16740256547927856,-0.3907984495162964,-0.08489593863487244,-0.031025290489196777,-0.3320873975753784,-0.008973747491836548,-0.05483818054199219,-0.47132816910743713,-0.03245892748236656,-0.08015882968902588,-0.5549756288528442,-0.0531354658305645,-0.10732364654541016,-0.625635027885437,-0.0663655698299408,0.016071617603302002,-0.32957589626312256,-0.024852709844708443,0.014315366744995117,-0.46303269267082214,-0.050660211592912674,0.004008233547210693,-0.5497169494628906,-0.06766125559806824,-0.011150717735290527,-0.6250871419906616,-0.07652897387742996,0.062153398990631104,-0.29394960403442383,-0.04293954372406006,0.09056288003921509,-0.39648717641830444,-0.060932788997888565,0.10305505990982056,-0.4683762788772583,-0.06844016909599304,0.10525298118591309,-0.5386209487915039,-0.07262016087770462
0.0,0.0,0.0,-0.06711333990097046,-0.04607343673706055,-0.01998242735862732,-0.11658519506454468,-0.14468276500701904,-0.033480819314718246,-0.14818590879440308,-0.2381279468536377,-0.04962874576449394,-0.16709041595458984,-0.32359713315963745,-0.06493983417749405,-0.07322824001312256,-0.30011701583862305,0.0011672587133944035,-0.11011874675750732,-0.3663747310638428,-0.036169569939374924,-0.14259940385818481,-0.3900079131126404,-0.06970573961734772,-0.16925138235092163,-0.3988180160522461,-0.08893206715583801,-0.032359778881073,-0.3397586941719055,-0.007526761386543512,-0.05597484111785889,-0.47872549295425415,-0.031558770686388016,-0.08206123113632202,-0.5630897879600525,-0.051745690405368805,-0.10947918891906738,-0.6349081993103027,-0.0641692653298378,0.015643000602722168,-0.3386151194572449,-0.02338763140141964,0.013451993465423584,-0.4728098213672638,-0.04902862012386322,0.003171086311340332,-0.5606759786605835,-0.06442375481128693,-0.011094510555267334,-0.6370885372161865,-0.07170964777469635,0.06218242645263672,-0.30438584089279175,-0.04184912517666817,0.08949440717697144,-0.40669524669647217,-0.05946214497089386,0.10191136598587036,-0.4783787131309509,-0.06587601453065872,0.10514390468597412,-0.5482367873191833,-0.06878552585840225
0.0,0.0,0.0,-0.0659981369972229,-0.0410885214805603,-0.018226344138383865,-0.11614835262298584,-0.13811129331588745,-0.030751990154385567,-0.14795219898223877,-0.2315114140510559,-0.04574509710073471,-0.16698700189590454,-0.31699472665786743,-0.06006377935409546,-0.07011067867279053,-0.2922322750091553,0.0005838195793330669,-0.10767030715942383,-0.35670775175094604,-0.03480444848537445,-0.1392735242843628,-0.3803786635398865,-0.06715526431798935,-0.16561168432235718,-0.39049774408340454,-0.08620529621839523,-0.030437946319580078,-0.3315087556838989,-0.00896910298615694,-0.055525779724121094,-0.4716298580169678,-0.03291729837656021,-0.08163487911224365,-0.5554815530776978,-0.054055169224739075,-0.10957372188568115,-0.6265214681625366,-0.06748919934034348,0.016602814197540283,-0.32925695180892944,-0.025075815618038177,0.014918088912963867,-0.46361836791038513,-0.05115807428956032,0.005149424076080322,-0.551217257976532,-0.06830441206693649,-0.00985950231552124,-0.6276849508285522,-0.07706396281719208,0.06319451332092285,-0.29409873485565186,-0.043292272835969925,0.09215450286865234,-0.39788132905960083,-0.061267804354429245,0.10470330715179443,-0.47033804655075073,-0.0686151534318924,0.10677003860473633,-0.5411282777786255,-0.07255573570728302
0.0,0.0,0.0,-0.06597107648849487,-0.039037883281707764,-0.017492324113845825,-0.11536210775375366,-0.13695776462554932,-0.0293270256370306,-0.14764928817749023,-0.22941231727600098,-0.04383862018585205,-0.16731786727905273,-0.3150062561035156,-0.05775439739227295,-0.06987297534942627,-0.2900227904319763,0.002359430305659771,-0.10733157396316528,-0.35443222522735596,-0.03199276328086853,-0.13896441459655762,-0.3797469735145569,-0.06315232813358307,-0.16483724117279053,-0.3897853493690491,-0.08139276504516602,-0.029830634593963623,-0.3297298550605774,-0.007504694629460573,-0.05486935377120972,-0.4687801003456116,-0.030434222891926765,-0.08110910654067993,-0.553661048412323,-0.04991422966122627,-0.10868579149246216,-0.6232283115386963,-0.061945293098688126,0.017257392406463623,-0.3262283205986023,-0.02407531440258026,0.01616060733795166,-0.46202367544174194,-0.049844685941934586,0.005676448345184326,-0.5503387451171875,-0.06568516045808792,-0.009394288063049316,-0.6255570650100708,-0.07334375381469727,0.0635184645652771,-0.2886508107185364,-0.04273052513599396,0.093350350856781,-0.39111214876174927,-0.06114615127444267,0.10512393712997437,-0.4649774432182312,-0.0683494508266449,0.10683894157409668,-0.5356138944625854,-0.07187534123659134
0.0,0.0,0.0,-0.06674081087112427,-0.0418362021446228,-0.018126070499420166,-0.11683720350265503,-0.13924795389175415,-0.03061196208000183,-0.14840853214263916,-0.23255419731140137,-0.04573223367333412,-0.16572600603103638,-0.32033491134643555,-0.060296814888715744,-0.06972241401672363,-0.29321759939193726,0.001291116583161056,-0.10787773132324219,-0.36056971549987793,-0.03336334601044655,-0.13999158143997192,-0.38384735584259033,-0.06491062045097351,-0.16646891832351685,-0.3904638886451721,-0.08331932127475739,-0.028686583042144775,-0.3314363956451416,-0.008404283784329891,-0.052360355854034424,-0.47255873680114746,-0.03223441168665886,-0.0784076452255249,-0.5566799640655518,-0.05321164056658745,-0.10586261749267578,-0.6246439218521118,-0.06620637327432632,0.01858973503112793,-0.32723402976989746,-0.0246836356818676,0.017018914222717285,-0.4648711085319519,-0.05058887600898743,0.006378352642059326,-0.5535062551498413,-0.06763017177581787,-0.008373618125915527,-0.6287318468093872,-0.07624763995409012,0.06465297937393188,-0.28913986682891846,-0.04303036257624626,0.09395051002502441,-0.39252710342407227,-0.06122199073433876,0.10627800226211548,-0.4659684896469116,-0.06874319165945053,0.10879290103912354,-0.5362304449081421,-0.07264872640371323
0.0,0.0,0.0,-0.06966716051101685,-0.044337451457977295,-0.017415106296539307,-0.12029147148132324,-0.14318782091140747,-0.028933223336935043,-0.15293872356414795,-0.23759716749191284,-0.04348905384540558,-0.17129641771316528,-0.326701819896698,-0.05738377198576927,-0.07237434387207031,-0.29815858602523804,0.006027262657880783,-0.10996228456497192,-0.3664517402648926,-0.028079381212592125,-0.14175593852996826,-0.3921276926994324,-0.05958043038845062,-0.16813290119171143,-0.40124785900115967,-0.0778956487774849,-0.03135561943054199,-0.337488055229187,-0.003906991332769394,-0.054695308208465576,-0.47846490144729614,-0.02619270607829094,-0.07945895195007324,-0.5638061761856079,-0.04592398926615715,-0.10574984550476074,-0.633193850517273,-0.05804207921028137,0.016495704650878906,-0.3334246873855591,-0.020927971228957176,0.014764070510864258,-0.4696923494338989,-0.046062834560871124,0.004881680011749268,-0.5587612390518188,-0.062201060354709625,-0.009273171424865723,-0.6347384452819824,-0.0700230747461319,0.06326156854629517,-0.2949291467666626,-0.04019832983613014,0.0927620530128479,-0.3979690670967102,-0.05819736793637276,0.10481846332550049,-0.47139179706573486,-0.06543808430433273,0.10720556974411011,-0.5415530204772949,-0.06893965601921082
0.0,0.0,0.0,-0.07212018966674805,-0.04763329029083252,-0.01994943805038929,-0.12447905540466309,-0.14404809474945068,-0.033750977367162704,-0.15888065099716187,-0.23815864324569702,-0.05033362656831741,-0.17962044477462769,-0.32635748386383057,-0.06621430814266205,-0.07667702436447144,-0.30468320846557617,0.00225104414857924,-0.11382424831390381,-0.3757360577583313,-0.03387536481022835,-0.14574873447418213,-0.40248292684555054,-0.06688444316387177,-0.17278426885604858,-0.4131684899330139,-0.08619397133588791,-0.033984363079071045,-0.3454234004020691,-0.007015557028353214,-0.057051241397857666,-0.48628586530685425,-0.03111649863421917,-0.08214366436004639,-0.57000333070755,-0.052142247557640076,-0.108828604221344,-0.6386903524398804,-0.06546103209257126,0.014943242073059082,-0.3433307409286499,-0.02349175326526165,0.012060821056365967,-0.47715872526168823,-0.049217209219932556,0.002080678939819336,-0.5648109912872314,-0.06572868674993515,-0.01191401481628418,-0.6409616470336914,-0.07423683255910873,0.06230801343917847,-0.3070128560066223,-0.04257936030626297,0.08982908725738525,-0.408988356590271,-0.06070069968700409,0.10210603475570679,-0.4814937710762024,-0.06823465973138809,0.10490769147872925,-0.5519216060638428,-0.07226932048797607
0.0,0.0,0.0,-0.07239019870758057,-0.04728567600250244,-0.01979202590882778,-0.12555712461471558,-0.14357447624206543,-0.03354385495185852,-0.16018074750900269,-0.23747193813323975,-0.05003783479332924,-0.18052470684051514,-0.32600539922714233,-0.06581579893827438,-0.0775376558303833,-0.307353675365448,0.0009899636497721076,-0.11436539888381958,-0.38238221406936646,-0.03449886292219162,-0.14660722017288208,-0.41124749183654785,-0.0668150782585144,-0.17464959621429443,-0.4239134192466736,-0.08574681729078293,-0.03450685739517212,-0.3480687737464905,-0.008336314931511879,-0.05708599090576172,-0.4908672571182251,-0.03185693547129631,-0.08142328262329102,-0.5746862888336182,-0.052383098751306534,-0.10799109935760498,-0.6432793140411377,-0.06532693654298782,0.014668524265289307,-0.3454551696777344,-0.024651043117046356,0.011485397815704346,-0.47948867082595825,-0.0495828241109848,0.0016562342643737793,-0.5662972927093506,-0.06570720672607422,-0.012762784957885742,-0.6421458721160889,-0.07409244775772095,0.06219106912612915,-0.3088444471359253,-0.0435774140059948,0.08958297967910767,-0.41073060035705566,-0.061494097113609314,0.10196828842163086,-0.4828575849533081,-0.06897127628326416,0.10477554798126221,-0.5529252886772156,-0.07290791720151901
0.0,0.0,0.0,-0.07281321287155151,-0.04845750331878662,-0.02051226608455181,-0.12652236223220825,-0.14310532808303833,-0.03482307493686676,-0.16066879034042358,-0.2360934019088745,-0.05184038728475571,-0.18310117721557617,-0.3224130868911743,-0.06811322271823883,-0.08066189289093018,-0.3107718229293823,0.00039435713551938534,-0.11717212200164795,-0.3861849308013916,-0.034188635647296906,-0.14901751279830933,-0.4162368178367615,-0.06561866402626038,-0.17708051204681396,-0.430835098028183,-0.08413845300674438,-0.03691786527633667,-0.3521854877471924,-0.008700195699930191,-0.05880075693130493,-0.4935956597328186,-0.03158259019255638,-0.08228778839111328,-0.5769670605659485,-0.05165613815188408,-0.10788333415985107,-0.645628035068512,-0.0645434632897377,0.012749969959259033,-0.3495602607727051,-0.024811113253235817,0.010278940200805664,-0.48212796449661255,-0.04985853657126427,0.00102311372756958,-0.568234920501709,-0.06660536676645279,-0.013225138187408447,-0.6435998678207397,-0.07558923959732056,0.06046217679977417,-0.31266123056411743,-0.04352341219782829,0.08791518211364746,-0.41326844692230225,-0.06179866939783096,0.10027319192886353,-0.4847976863384247,-0.06998267024755478,0.10250365734100342,-0.553825318813324,-0.07455451041460037
0.0,0.0,0.0,-0.07298862934112549,-0.04727280139923096,-0.019966181367635727,-0.12623679637908936,-0.14202111959457397,-0.03377576917409897,-0.159346342086792,-0.23500120639801025,-0.050160471349954605,-0.18184709548950195,-0.32159680128097534,-0.06586384028196335,-0.0806686282157898,-0.3085799813270569,0.0002817062195390463,-0.11672115325927734,-0.3834768533706665,-0.03350629657506943,-0.1481228470802307,-0.4158134460449219,-0.06433729082345963,-0.1760348677635193,-0.4340004324913025,-0.08279095590114594,-0.03727632761001587,-0.3496350049972534,-0.008973484858870506,-0.0598909854888916,-0.4909353256225586,-0.03148600831627846,-0.08295035362243652,-0.5747647285461426,-0.05114217847585678,-0.10802489519119263,-0.6453481912612915,-0.06386847048997879,0.012201666831970215,-0.34681612253189087,-0.02507144957780838,0.009947359561920166,-0.4806913733482361,-0.05029426887631416,0.0011927485466003418,-0.5667767524719238,-0.06665299832820892,-0.01257789134979248,-0.6435319185256958,-0.07533842325210571,0.060209453105926514,-0.30938923358917236,-0.043644972145557404,0.08769631385803223,-0.41171449422836304,-0.062127672135829926,0.10009127855300903,-0.4831387996673584,-0.06994213163852692,0.10244709253311157,-0.5528112053871155,-0.07421531528234482
0.0,0.0,0.0,-0.07215213775634766,-0.04030871391296387,-0.02161800116300583,-0.12683546543121338,-0.1340879201889038,-0.034258414059877396,-0.16020286083221436,-0.2297194004058838,-0.048488616943359375,-0.18154388666152954,-0.3179500699043274,-0.06192963942885399,-0.08120125532150269,-0.29846566915512085,-0.000295584904961288,-0.11881107091903687,-0.3763355016708374,-0.02876954711973667,-0.14952510595321655,-0.41618454456329346,-0.055552151054143906,-0.17649000883102417,-0.44492456316947937,-0.07278043776750565,-0.03756558895111084,-0.33979421854019165,-0.008256264962255955,-0.0605129599571228,-0.48376601934432983,-0.02854955941438675,-0.08287608623504639,-0.5681536793708801,-0.04734320193529129,-0.10731333494186401,-0.6358380317687988,-0.0599028617143631,0.011134743690490723,-0.33695632219314575,-0.02273188903927803,0.009696364402770996,-0.469459593296051,-0.047091640532016754,0.0012738704681396484,-0.5555388331413269,-0.06451083719730377,-0.012123525142669678,-0.6313285827636719,-0.07424210757017136,0.05915910005569458,-0.30035364627838135,-0.039548300206661224,0.08728474378585815,-0.40108299255371094,-0.05845300108194351,0.09961068630218506,-0.47239547967910767,-0.06747479736804962,0.10135799646377563,-0.5415199995040894,-0.07289261370897293
0.0,0.0,0.0,-0.07243943214416504,-0.04249453544616699,-0.021962100639939308,-0.12665939331054688,-0.13766402006149292,-0.03548001870512962,-0.16064423322677612,-0.23321086168289185,-0.0507592149078846,-0.18186849355697632,-0.32090336084365845,-0.06538926810026169,-0.08321720361709595,-0.30373531579971313,-0.001775540178641677,-0.11962449550628662,-0.3811342120170593,-0.03226689249277115,-0.14991873502731323,-0.41889989376068115,-0.060681313276290894,-0.17678385972976685,-0.44383296370506287,-0.07863514870405197,-0.03902101516723633,-0.34501075744628906,-0.009727424010634422,-0.061485469341278076,-0.48805516958236694,-0.03084486909210682,-0.08430200815200806,-0.5713451504707336,-0.050006985664367676,-0.10949075222015381,-0.6390233039855957,-0.06280312687158585,0.010850250720977783,-0.342568576335907,-0.024244697764515877,0.008614778518676758,-0.4765329658985138,-0.04849962145090103,-1.8358230590820312e-05,-0.5616668462753296,-0.06549490988254547,-0.013551712036132812,-0.6371396780014038,-0.07509776204824448,0.05942261219024658,-0.3059414029121399,-0.04127637296915054,0.08579182624816895,-0.4077073335647583,-0.059868473559617996,0.09761309623718262,-0.4783400893211365,-0.06851976364850998,0.0994921326637268,-0.5470603704452515,-0.07373840361833572
0.0,0.0,0.0,-0.0688219666481018,-0.03877055644989014,-0.02060779370367527,-0.12095135450363159,-0.1343836784362793,-0.03386338800191879,-0.1531306505203247,-0.22905272245407104,-0.0493234321475029,-0.1717979907989502,-0.31909501552581787,-0.06389186531305313,-0.07705140113830566,-0.29460233449935913,-4.005262235295959e-05,-0.11470222473144531,-0.3681093454360962,-0.03283866122364998,-0.14763665199279785,-0.39595770835876465,-0.06215402111411095,-0.17544043064117432,-0.40609675645828247,-0.07940035313367844,-0.0348781943321228,-0.3340100049972534,-0.008316495455801487,-0.05908578634262085,-0.4754728376865387,-0.03026731312274933,-0.08364790678024292,-0.560833215713501,-0.04949408769607544,-0.10974228382110596,-0.6303908824920654,-0.06186451017856598,0.013497412204742432,-0.330988347530365,-0.023430660367012024,0.012406587600708008,-0.46646878123283386,-0.04844481870532036,0.002691805362701416,-0.5530611872673035,-0.06499537825584412,-0.012228190898895264,-0.6279397010803223,-0.07375110685825348,0.06101202964782715,-0.29378074407577515,-0.040857572108507156,0.08934962749481201,-0.3961852192878723,-0.05943823978304863,0.10035675764083862,-0.46911245584487915,-0.06757625192403793,0.10082453489303589,-0.5397111773490906,-0.07210224121809006
0.0,0.0,0.0,-0.0663447380065918,-0.03927266597747803,-0.021510424092411995,-0.11756563186645508,-0.13908100128173828,-0.03560570254921913,-0.14882159233093262,-0.23484814167022705,-0.05177588760852814,-0.16835981607437134,-0.32200634479522705,-0.06720183789730072,-0.0758560299873352,-0.29500359296798706,-0.0025669229216873646,-0.11281347274780273,-0.365233838558197,-0.03791019693017006,-0.145227313041687,-0.390530526638031,-0.06925991177558899,-0.17296046018600464,-0.3997870087623596,-0.08749076724052429,-0.03490245342254639,-0.3331167697906494,-0.010968220420181751,-0.05797469615936279,-0.47474727034568787,-0.03535476699471474,-0.08348053693771362,-0.5599859952926636,-0.05610577389597893,-0.1107017993927002,-0.6312112808227539,-0.06914820522069931,0.012582182884216309,-0.32971811294555664,-0.02620823308825493,0.011369645595550537,-0.4654299020767212,-0.052741944789886475,0.0020143985748291016,-0.5533639788627625,-0.07008258998394012,-0.012002825736999512,-0.63068026304245,-0.07899023592472076,0.05921906232833862,-0.2935534119606018,-0.043794531375169754,0.08560621738433838,-0.4012601375579834,-0.062097303569316864,0.0967225432395935,-0.4746266007423401,-0.06947176158428192,0.09790080785751343,-0.5453497171401978,-0.07350996136665344
0.0,0.0,0.0,-0.06586074829101562,-0.038887858390808105,-0.020556481555104256,-0.11621677875518799,-0.1405748724937439,-0.03377670422196388,-0.14730346202850342,-0.23751705884933472,-0.049266111105680466,-0.16645216941833496,-0.32513850927352905,-0.06411612778902054,-0.07548350095748901,-0.295474112033844,5.516657893167576e-06,-0.11185389757156372,-0.3666510581970215,-0.034838683903217316,-0.1425032615661621,-0.39201080799102783,-0.06615215539932251,-0.1683199405670166,-0.3997417688369751,-0.08446778357028961,-0.03455275297164917,-0.3336760997772217,-0.008756241761147976,-0.0584334135055542,-0.47591155767440796,-0.03279893845319748,-0.08356428146362305,-0.5601789951324463,-0.054118551313877106,-0.1099710464477539,-0.6296260952949524,-0.06758199632167816,0.013176441192626953,-0.3298501968383789,-0.024336080998182297,0.011491894721984863,-0.4656720757484436,-0.05056068301200867,0.002073526382446289,-0.5526167750358582,-0.06825385987758636,-0.011692523956298828,-0.6290091872215271,-0.07749715447425842,0.06014668941497803,-0.2929126024246216,-0.04218506067991257,0.08613646030426025,-0.40077346563339233,-0.06037277728319168,0.09722369909286499,-0.4736365079879761,-0.06789855659008026,0.09877848625183105,-0.5441033840179443,-0.07209455221891403
0.0,0.0,0.0,-0.06542956829071045,-0.036722540855407715,-0.020624225959181786,-0.11636126041412354,-0.13652604818344116,-0.03403221815824509,-0.1472259759902954,-0.23231571912765503,-0.04953834041953087,-0.16471493244171143,-0.32013922929763794,-0.06439860165119171,-0.07377630472183228,-0.2915436625480652,-0.001410597120411694,-0.1097230315208435,-0.3621499538421631,-0.0357837937772274,-0.1406639814376831,-0.3862655758857727,-0.06653910130262375,-0.16649341583251953,-0.392609179019928,-0.08451700210571289,-0.03295189142227173,-0.3295183777809143,-0.009980461560189724,-0.05650275945663452,-0.47042253613471985,-0.033545032143592834,-0.08231866359710693,-0.555015504360199,-0.05439154431223869,-0.10942065715789795,-0.6242148876190186,-0.06761778146028519,0.014140486717224121,-0.32527899742126465,-0.025224803015589714,0.013488590717315674,-0.46147918701171875,-0.05129459127783775,0.0034537315368652344,-0.5483744144439697,-0.0688038244843483,-0.01105642318725586,-0.6234932541847229,-0.07797900587320328,0.06055861711502075,-0.28807348012924194,-0.04266002029180527,0.08776181936264038,-0.3945779800415039,-0.06138847395777702,0.09895282983779907,-0.4682250916957855,-0.069401815533638,0.10022342205047607,-0.5392757058143616,-0.07385660707950592
0.0,0.0,0.0,-0.06474000215530396,-0.03602445125579834,-0.020496753975749016,-0.11517256498336792,-0.1352730393409729,-0.03397123143076897,-0.14460957050323486,-0.2312638759613037,-0.049485426396131516,-0.16327524185180664,-0.3176971673965454,-0.06442597508430481,-0.07404392957687378,-0.28832173347473145,-0.0031939465552568436,-0.11019563674926758,-0.3604540228843689,-0.03671083599328995,-0.14070481061935425,-0.3827337622642517,-0.06637050211429596,-0.16560429334640503,-0.38793331384658813,-0.08382643014192581,-0.03287243843078613,-0.3259425759315491,-0.011828307993710041,-0.055691540241241455,-0.46564942598342896,-0.03554733842611313,-0.08184814453125,-0.5511637926101685,-0.0565863735973835,-0.10896050930023193,-0.622544527053833,-0.0702282264828682,0.01424551010131836,-0.3215200901031494,-0.02681620605289936,0.014251947402954102,-0.4574127197265625,-0.053276434540748596,0.0041384100914001465,-0.5446418523788452,-0.07138063758611679,-0.010304868221282959,-0.620312511920929,-0.08113864064216614,0.06069004535675049,-0.28467631340026855,-0.043813977390527725,0.08805680274963379,-0.3916027545928955,-0.06278423964977264,0.0995522141456604,-0.4657941460609436,-0.07115210592746735,0.101054847240448,-0.5375164747238159,-0.07607550919055939
0.0,0.0,0.0,-0.06486368179321289,-0.0376322865486145,-0.020658493041992188,-0.11549073457717896,-0.13735944032669067,-0.03442319482564926,-0.14559721946716309,-0.23335784673690796,-0.050253406167030334,-0.16283291578292847,-0.3216109871864319,-0.06539784371852875,-0.07329404354095459,-0.2929992079734802,-0.0029226825572550297,-0.1086435317993164,-0.36610710620880127,-0.037666987627744675,-0.14011043310165405,-0.3882496953010559,-0.06824138015508652,-0.166608989238739,-0.3927837014198303,-0.0859079658985138,-0.03239727020263672,-0.3299597501754761,-0.011514068581163883,-0.0552104115486145,-0.4710770845413208,-0.035529159009456635,-0.08093655109405518,-0.5555775165557861,-0.05641230195760727,-0.10775750875473022,-0.6256641149520874,-0.06960238516330719,0.014891266822814941,-0.32498615980148315,-0.026670433580875397,0.01453864574432373,-0.46164506673812866,-0.05308715999126434,0.004531443119049072,-0.5492633581161499,-0.07086048275232315,-0.00982654094696045,-0.6259908080101013,-0.08015494793653488,0.061299920082092285,-0.2871338129043579,-0.043926116079092026,0.08848822116851807,-0.39455634355545044,-0.06266888976097107,0.09990584850311279,-0.468248188495636,-0.0706220343708992,0.10144972801208496,-0.5394614338874817,-0.07500521093606949
0.0,0.0,0.0,-0.0661388635635376,-0.03747636079788208,-0.021578410640358925,-0.11921679973602295,-0.13783782720565796,-0.0346776582300663,-0.15091902017593384,-0.23601853847503662,-0.04941895604133606,-0.1689431071281433,-0.32691478729248047,-0.06352124363183975,-0.07544082403182983,-0.2934448719024658,-0.0016340212896466255,-0.11064648628234863,-0.3661518692970276,-0.03352297097444534,-0.1407352089881897,-0.39648449420928955,-0.06253029406070709,-0.16699963808059692,-0.41217100620269775,-0.08018758147954941,-0.033639729022979736,-0.33150607347488403,-0.009862355887889862,-0.05628502368927002,-0.4738418459892273,-0.03300824388861656,-0.08046352863311768,-0.5567521452903748,-0.05412973091006279,-0.1056063175201416,-0.6238266825675964,-0.06776837259531021,0.014193296432495117,-0.32711946964263916,-0.024643702432513237,0.01307910680770874,-0.4636353850364685,-0.05147562921047211,0.00329744815826416,-0.5495684146881104,-0.07048042863607407,-0.010785400867462158,-0.6247648000717163,-0.0806824341416359,0.061240434646606445,-0.2896915078163147,-0.04147385060787201,0.0872158408164978,-0.3977587819099426,-0.061508387327194214,0.09868866205215454,-0.4706989824771881,-0.07085704058408737,0.09988528490066528,-0.5407916307449341,-0.0763082355260849
0.0,0.0,0.0,-0.0684882402420044,-0.039101600646972656,-0.021273303776979446,-0.12278395891189575,-0.13711178302764893,-0.034161683171987534,-0.15633898973464966,-0.23301470279693604,-0.04860161989927292,-0.1786312460899353,-0.31986331939697266,-0.06252222508192062,-0.0796041488647461,-0.29874545335769653,-0.002861303510144353,-0.11538010835647583,-0.37755632400512695,-0.03209119662642479,-0.14591079950332642,-0.414073646068573,-0.05897902324795723,-0.17349445819854736,-0.43797802925109863,-0.07617250829935074,-0.036596715450286865,-0.33795738220214844,-0.01149660348892212,-0.05918312072753906,-0.48154306411743164,-0.03342194855213165,-0.08260071277618408,-0.5644131898880005,-0.05383385717868805,-0.1075928807258606,-0.6302065849304199,-0.0674905925989151,0.011779367923736572,-0.33389413356781006,-0.026297355070710182,0.010510027408599854,-0.4692690968513489,-0.052072811871767044,0.001114964485168457,-0.5552209615707397,-0.07109817117452621,-0.012710332870483398,-0.6303215622901917,-0.08195555955171585,0.05911046266555786,-0.2964383363723755,-0.043126754462718964,0.08513820171356201,-0.4025278091430664,-0.06314568221569061,0.09677505493164062,-0.47562307119369507,-0.07300452888011932,0.09829539060592651,-0.5458670854568481,-0.07907060533761978
0.0,0.0,0.0,-0.07223069667816162,-0.04514199495315552,-0.021601073443889618,-0.12749731540679932,-0.14353150129318237,-0.03491254895925522,-0.16272848844528198,-0.23982161283493042,-0.0501960888504982,-0.18873631954193115,-0.3251805901527405,-0.06481007486581802,-0.08549684286117554,-0.310524582862854,-0.0005815018666908145,-0.12063974142074585,-0.39319711923599243,-0.02937396988272667,-0.1515827178955078,-0.43446171283721924,-0.05624575912952423,-0.18038731813430786,-0.4656328856945038,-0.07375054806470871,-0.04081857204437256,-0.350513219833374,-0.00911528617143631,-0.06345373392105103,-0.4920913577079773,-0.02972584031522274,-0.08655387163162231,-0.5747800469398499,-0.04848828539252281,-0.11186188459396362,-0.6425772905349731,-0.06129257008433342,0.008847951889038086,-0.3479807376861572,-0.024262208491563797,0.00649261474609375,-0.4826751947402954,-0.048644453287124634,-0.0025792717933654785,-0.5675486326217651,-0.06541033089160919,-0.01633507013320923,-0.6421176195144653,-0.0749448910355568,0.0572473406791687,-0.31325507164001465,-0.04189400374889374,0.081836998462677,-0.418296217918396,-0.06118672341108322,0.0931316614151001,-0.49093520641326904,-0.0701834037899971,0.09464246034622192,-0.5603749752044678,-0.07557621598243713
0.0,0.0,0.0,-0.0710558295249939,-0.039108455181121826,-0.024288173764944077,-0.12682926654815674,-0.13466620445251465,-0.03870348259806633,-0.16451185941696167,-0.22969704866409302,-0.05396169796586037,-0.19322866201400757,-0.31274688243865967,-0.06855098903179169,-0.08415573835372925,-0.30208879709243774,-0.005864256527274847,-0.12134420871734619,-0.38558173179626465,-0.033181436359882355,-0.15154868364334106,-0.4297061860561371,-0.05849658325314522,-0.1789739727973938,-0.463401734828949,-0.07553397864103317,-0.03876084089279175,-0.3426404595375061,-0.01307887677103281,-0.06230616569519043,-0.4860715866088867,-0.0343809500336647,-0.08480262756347656,-0.5699735283851624,-0.05390103906393051,-0.109352707862854,-0.6353424787521362,-0.06730642914772034,0.010653555393218994,-0.33915549516677856,-0.026501821354031563,0.008553683757781982,-0.4738768935203552,-0.05182809755206108,-0.0007193684577941895,-0.558198869228363,-0.0700555220246315,-0.014712870121002197,-0.6304699182510376,-0.08064278215169907,0.05857497453689575,-0.3029872179031372,-0.04224272444844246,0.08329886198043823,-0.4076381325721741,-0.06264330446720123,0.09448415040969849,-0.48088616132736206,-0.072898268699646,0.09564787149429321,-0.5502914786338806,-0.07927126437425613
0.0,0.0,0.0,-0.07213956117630005,-0.040174245834350586,-0.024192096665501595,-0.1283852458000183,-0.1338810920715332,-0.03876999020576477,-0.16636443138122559,-0.22729384899139404,-0.054317932575941086,-0.1951858401298523,-0.30964910984039307,-0.06916498392820358,-0.08538496494293213,-0.3034707307815552,-0.004919351544231176,-0.12298828363418579,-0.3873510956764221,-0.03199395909905434,-0.15310102701187134,-0.43210816383361816,-0.057357508689165115,-0.18028634786605835,-0.4667394161224365,-0.07437427341938019,-0.039592087268829346,-0.34389400482177734,-0.0121515654027462,-0.06276047229766846,-0.48815277218818665,-0.03210178017616272,-0.08397942781448364,-0.5713568925857544,-0.05068548023700714,-0.10731297731399536,-0.635688304901123,-0.06361569464206696,0.010177195072174072,-0.3400691747665405,-0.025730831548571587,0.00876152515411377,-0.47348421812057495,-0.04969123750925064,0.0006451606750488281,-0.5570974349975586,-0.06699694693088531,-0.012049734592437744,-0.6287460923194885,-0.07716604322195053,0.05836218595504761,-0.3038144111633301,-0.0417807437479496,0.08250033855438232,-0.4078295826911926,-0.061451442539691925,0.09373527765274048,-0.4806082844734192,-0.0710417777299881,0.095264732837677,-0.5502156019210815,-0.07692132145166397
0.0,0.0,0.0,-0.07270389795303345,-0.04734170436859131,-0.024025721475481987,-0.13166916370391846,-0.1429271697998047,-0.03939438238739967,-0.16912084817886353,-0.23540925979614258,-0.05601706728339195,-0.19817042350769043,-0.31610506772994995,-0.0719267874956131,-0.08885359764099121,-0.31801193952560425,-0.006333976052701473,-0.1264185905456543,-0.40243828296661377,-0.03530200198292732,-0.15644127130508423,-0.44632720947265625,-0.0624111108481884,-0.18450313806533813,-0.4804650843143463,-0.08060412853956223,-0.041967809200286865,-0.3586486577987671,-0.014383157715201378,-0.06405419111251831,-0.5040305256843567,-0.03749804571270943,-0.08543246984481812,-0.5873079299926758,-0.05832304060459137,-0.10946297645568848,-0.6539710760116577,-0.07257219403982162,0.008262872695922852,-0.3552893400192261,-0.02864838019013405,0.006549477577209473,-0.4905397891998291,-0.05451492220163345,-0.0011401772499084473,-0.5727156400680542,-0.07253953814506531,-0.013604819774627686,-0.6444286108016968,-0.08296862989664078,0.05678302049636841,-0.31854766607284546,-0.0454230010509491,0.0798255205154419,-0.4247508645057678,-0.06502517312765121,0.0915982723236084,-0.497276246547699,-0.07415138930082321,0.0937609076499939,-0.5654035806655884,-0.07980315387248993
0.0,0.0,0.0,-0.07399559020996094,-0.050135135650634766,-0.02502511255443096,-0.1343674659729004,-0.1419661045074463,-0.041485439985990524,-0.17258507013320923,-0.23232018947601318,-0.059203311800956726,-0.19980746507644653,-0.3164660930633545,-0.07595189660787582,-0.09194988012313843,-0.3204088807106018,-0.00677479850128293,-0.1289462447166443,-0.4051356315612793,-0.03643427789211273,-0.15920650959014893,-0.44914841651916504,-0.06407228112220764,-0.18748325109481812,-0.48395127058029175,-0.08248578011989594,-0.044792354106903076,-0.3615186810493469,-0.01440733578056097,-0.06721663475036621,-0.5049917697906494,-0.03715104982256889,-0.08850771188735962,-0.5884230136871338,-0.05735170096158981,-0.11209577322006226,-0.6563873291015625,-0.07148569077253342,0.005439102649688721,-0.35895729064941406,-0.028610993176698685,0.0035467147827148438,-0.4931213855743408,-0.054062698036432266,-0.003531515598297119,-0.5758696794509888,-0.07162325829267502,-0.01561814546585083,-0.6488173007965088,-0.08199816942214966,0.05400347709655762,-0.32317662239074707,-0.045550912618637085,0.07771909236907959,-0.42878419160842896,-0.06494477391242981,0.0890769362449646,-0.5016106963157654,-0.07411452382802963,0.09060758352279663,-0.5702236890792847,-0.07991129159927368
0.0,0.0,0.0,-0.07328253984451294,-0.05076456069946289,-0.025539495050907135,-0.1333121657371521,-0.1432347297668457,-0.04234441742300987,-0.17102646827697754,-0.2340136170387268,-0.06038447842001915,-0.19791918992996216,-0.3186183571815491,-0.07738170772790909,-0.09285050630569458,-0.31987464427948,-0.007276138290762901,-0.12984085083007812,-0.4011761546134949,-0.037963561713695526,-0.159634530544281,-0.44261518120765686,-0.06619887799024582,-0.1876630187034607,-0.4746650159358978,-0.08464056253433228,-0.046385884284973145,-0.36151814460754395,-0.014798277989029884,-0.06759315729141235,-0.5064879059791565,-0.03862319886684418,-0.08870464563369751,-0.5886169075965881,-0.05944868549704552,-0.11257636547088623,-0.6549754738807678,-0.07348846644163132,0.003795444965362549,-0.35961753129959106,-0.02887597680091858,0.0023882389068603516,-0.4945642352104187,-0.054751381278038025,-0.004343688488006592,-0.5765500068664551,-0.07234132289886475,-0.016627252101898193,-0.6488213539123535,-0.08234430104494095,0.052784860134124756,-0.3238508105278015,-0.04573098197579384,0.07555854320526123,-0.43116748332977295,-0.06480155885219574,0.08580970764160156,-0.504069983959198,-0.07339691370725632,0.08589982986450195,-0.5724383592605591,-0.07861202955245972
0.0,0.0,0.0,-0.06939965486526489,-0.05093282461166382,-0.024380991235375404,-0.1238510012626648,-0.148312509059906,-0.04123654216527939,-0.1561276912689209,-0.24348706007003784,-0.060098256915807724,-0.17529910802841187,-0.33380603790283203,-0.0775677040219307,-0.08294558525085449,-0.3164300322532654,-0.004142641089856625,-0.11916977167129517,-0.39013010263442993,-0.04222814738750458,-0.15174812078475952,-0.4143620729446411,-0.07544460147619247,-0.18111753463745117,-0.42233216762542725,-0.09432976692914963,-0.03969764709472656,-0.3541468381881714,-0.01166863739490509,-0.06020152568817139,-0.49770382046699524,-0.038398321717977524,-0.08367908000946045,-0.5813568830490112,-0.0600535050034523,-0.10960853099822998,-0.6501299142837524,-0.07334860414266586,0.008728563785552979,-0.3506341576576233,-0.026551101356744766,0.0077631473541259766,-0.4858940839767456,-0.053486861288547516,0.0001856088638305664,-0.5686129331588745,-0.06946536898612976,-0.01253354549407959,-0.6405575275421143,-0.07715655118227005,0.05581241846084595,-0.3134028911590576,-0.04434235394001007,0.07663816213607788,-0.4232216477394104,-0.06203979626297951,0.08531379699707031,-0.4970763921737671,-0.06828949600458145,0.08477330207824707,-0.5658220052719116,-0.07115485519170761
0.0,0.0,0.0,-0.066295325756073,-0.0446929931640625,-0.022343968972563744,-0.11578148603439331,-0.1469298005104065,-0.03723645582795143,-0.14574623107910156,-0.24462789297103882,-0.05436919629573822,-0.1650499701499939,-0.33205002546310425,-0.07055309414863586,-0.07699251174926758,-0.3060486912727356,-0.0009804178262129426,-0.11294674873352051,-0.37601137161254883,-0.0382043831050396,-0.1446273922920227,-0.3989899754524231,-0.07111164927482605,-0.17199838161468506,-0.4054511785507202,-0.08988124132156372,-0.034885525703430176,-0.3427371382713318,-0.00922857504338026,-0.05543643236160278,-0.4852305054664612,-0.0355333536863327,-0.0799095630645752,-0.5701189041137695,-0.05764922499656677,-0.10671782493591309,-0.6408191323280334,-0.07108978927135468,0.01256263256072998,-0.33877450227737427,-0.024646470323204994,0.012944459915161133,-0.4753291606903076,-0.05192660167813301,0.004389345645904541,-0.560562789440155,-0.06889624893665314,-0.009601473808288574,-0.6351737380027771,-0.07689584046602249,0.0580981969833374,-0.30146944522857666,-0.042578112334012985,0.08026450872421265,-0.41421204805374146,-0.06049007177352905,0.08881247043609619,-0.48880261182785034,-0.06696682423353195,0.08778023719787598,-0.5582709312438965,-0.06990677118301392
0.0,0.0,0.0,-0.06486731767654419,-0.0400543212890625,-0.023666873574256897,-0.1151387095451355,-0.14045041799545288,-0.038864292204380035,-0.14488130807876587,-0.23754262924194336,-0.05577615648508072,-0.1639232635498047,-0.3252781629562378,-0.07159207761287689,-0.07834261655807495,-0.3010140657424927,-0.003589480882510543,-0.11548537015914917,-0.3721277713775635,-0.039180487394332886,-0.14524245262145996,-0.39762556552886963,-0.06972998380661011,-0.17001968622207642,-0.4018890857696533,-0.08706952631473541,-0.035456299781799316,-0.33751869201660156,-0.010840057395398617,-0.05656152963638306,-0.4783765375614166,-0.036118023097515106,-0.08013981580734253,-0.560871422290802,-0.05679105222225189,-0.10551470518112183,-0.6276969909667969,-0.0691499263048172,0.012574076652526855,-0.33287757635116577,-0.02511020377278328,0.01351553201675415,-0.4694685935974121,-0.05182943120598793,0.00427776575088501,-0.5541163682937622,-0.06832444667816162,-0.010187089443206787,-0.6278507709503174,-0.07620231807231903,0.05828779935836792,-0.2937280535697937,-0.041875872761011124,0.08005374670028687,-0.4043458104133606,-0.06061089038848877,0.08717221021652222,-0.47930318117141724,-0.06756603717803955,0.08513641357421875,-0.5493403673171997,-0.0706447884440422
0.0,0.0,0.0,-0.06801789999008179,-0.04996156692504883,-0.022252550348639488,-0.117684006690979,-0.15251219272613525,-0.03701386600732803,-0.14876145124435425,-0.24895703792572021,-0.054134171456098557,-0.16880494356155396,-0.3364117741584778,-0.07017805427312851,-0.0794951319694519,-0.31340211629867554,0.0011329969856888056,-0.11558765172958374,-0.3814672827720642,-0.03639247640967369,-0.14547473192214966,-0.4056517481803894,-0.07002171128988266,-0.1709456443786621,-0.41354161500930786,-0.08930497616529465,-0.03701674938201904,-0.3495449423789978,-0.0071091679856181145,-0.05768007040023804,-0.490189790725708,-0.033939093351364136,-0.08117002248764038,-0.5726648569107056,-0.05617490038275719,-0.10701209306716919,-0.6403428316116333,-0.06932775676250458,0.010474562644958496,-0.34536123275756836,-0.022727299481630325,0.009769618511199951,-0.48061442375183105,-0.05019207298755646,0.000911414623260498,-0.5650985836982727,-0.06636462360620499,-0.012717127799987793,-0.638357400894165,-0.07335760444402695,0.05601710081100464,-0.30767256021499634,-0.04100208729505539,0.07440716028213501,-0.4199221134185791,-0.05899456515908241,0.08089244365692139,-0.4961519241333008,-0.06503886729478836,0.07903599739074707,-0.5660964250564575,-0.06722887605428696
0.0,0.0,0.0,-0.06879377365112305,-0.05121356248855591,-0.023182092234492302,-0.11934006214141846,-0.15290337800979614,-0.03859475255012512,-0.1506519913673401,-0.24988412857055664,-0.05626000836491585,-0.17031961679458618,-0.337990939617157,-0.07277432829141617,-0.08114391565322876,-0.31534016132354736,0.00047103065298870206,-0.11827844381332397,-0.38501811027526855,-0.037808991968631744,-0.14787453413009644,-0.4085022807121277,-0.07199269533157349,-0.17273354530334473,-0.41463226079940796,-0.09149657189846039,-0.03836566209793091,-0.35302865505218506,-0.007536847610026598,-0.05908703804016113,-0.4941067397594452,-0.03502654284238815,-0.08213907480239868,-0.576069176197052,-0.05767184868454933,-0.10791796445846558,-0.6424026489257812,-0.07089534401893616,0.009243667125701904,-0.34961187839508057,-0.023020921275019646,0.008137941360473633,-0.4848725497722626,-0.050456397235393524,-0.0002906918525695801,-0.5683242082595825,-0.06618338823318481,-0.013361573219299316,-0.6406992673873901,-0.07277709245681763,0.05496639013290405,-0.3121922016143799,-0.0413346029818058,0.07243996858596802,-0.424468994140625,-0.05912286415696144,0.07909595966339111,-0.500459611415863,-0.06466212123632431,0.07803434133529663,-0.5703712105751038,-0.06635061651468277
0.0,0.0,0.0,-0.06879746913909912,-0.048393845558166504,-0.023577598854899406,-0.11913859844207764,-0.14829134941101074,-0.03957181051373482,-0.1507207155227661,-0.24435555934906006,-0.05781220644712448,-0.1690196990966797,-0.332793653011322,-0.07491657882928848,-0.08064985275268555,-0.31128937005996704,-0.0006544419447891414,-0.11827832460403442,-0.3828490972518921,-0.039217524230480194,-0.14844506978988647,-0.4058917164802551,-0.07313291728496552,-0.17306417226791382,-0.40940797328948975,-0.09228698909282684,-0.03801524639129639,-0.3486167788505554,-0.008313382975757122,-0.058897316455841064,-0.490246444940567,-0.0354127399623394,-0.08253908157348633,-0.5719372630119324,-0.05726833641529083,-0.10865116119384766,-0.6383166909217834,-0.06994981318712234,0.009804606437683105,-0.34493333101272583,-0.023493099957704544,0.008638143539428711,-0.4808507561683655,-0.05022870749235153,-7.152557373046875e-07,-0.5645205974578857,-0.06538260728120804,-0.013070285320281982,-0.6370119452476501,-0.07177474349737167,0.05547267198562622,-0.3073040843009949,-0.041580136865377426,0.07308441400527954,-0.4194413423538208,-0.059032831341028214,0.079376220703125,-0.4954792559146881,-0.06444384157657623,0.07816523313522339,-0.5654274821281433,-0.06609410047531128
0.0,0.0,0.0,-0.06907093524932861,-0.05112409591674805,-0.022537505254149437,-0.11974078416824341,-0.15386760234832764,-0.038012292236089706,-0.15162885189056396,-0.24950629472732544,-0.05595563352108002,-0.17117691040039062,-0.3375532031059265,-0.07286041975021362,-0.08078092336654663,-0.31796860694885254,0.0006571715348400176,-0.1174393892288208,-0.3895399570465088,-0.03869527950882912,-0.14809739589691162,-0.4118410348892212,-0.0737353041768074,-0.1736844778060913,-0.4161250591278076,-0.09359411150217056,-0.03848445415496826,-0.3544180393218994,-0.007499709725379944,-0.05956810712814331,-0.49423402547836304,-0.03482223302125931,-0.08299583196640015,-0.5756450295448303,-0.05672270432114601,-0.10848307609558105,-0.6427081823348999,-0.06952988356351852,0.00903022289276123,-0.34964972734451294,-0.02330002188682556,0.008113265037536621,-0.48674148321151733,-0.050665006041526794,-0.0006781220436096191,-0.5709429979324341,-0.06572964787483215,-0.013355731964111328,-0.6446216106414795,-0.0719161108136177,0.05466514825820923,-0.311270534992218,-0.04194307699799538,0.07184118032455444,-0.4241148829460144,-0.060085590928792953,0.07834398746490479,-0.5006847381591797,-0.06552930921316147,0.07810693979263306,-0.5715953707695007,-0.06704536080360413
0.0,0.0,0.0,-0.06948858499526978,-0.047678470611572266,-0.023767083883285522,-0.12240421772003174,-0.14838820695877075,-0.038836490362882614,-0.15492743253707886,-0.2455153465270996,-0.05562605708837509,-0.1735098958015442,-0.3346853256225586,-0.07138168811798096,-0.08153790235519409,-0.31496137380599976,-0.0012807296589016914,-0.11890190839767456,-0.3905978798866272,-0.036802198737859726,-0.14876669645309448,-0.4211568832397461,-0.0690602958202362,-0.1750887632369995,-0.4358562231063843,-0.08820751309394836,-0.037354469299316406,-0.35303348302841187,-0.009143291041254997,-0.05896139144897461,-0.4966186285018921,-0.034156035631895065,-0.08131235837936401,-0.5784915685653687,-0.055904094129800797,-0.10542190074920654,-0.6453449726104736,-0.06947946548461914,0.011358380317687988,-0.34814125299453735,-0.02417001873254776,0.010808169841766357,-0.48294734954833984,-0.05063480883836746,0.001708686351776123,-0.5656043291091919,-0.06728998571634293,-0.011624038219451904,-0.6382001042366028,-0.07548206299543381,0.05749773979187012,-0.30896663665771484,-0.041910916566848755,0.07579916715621948,-0.4187450408935547,-0.06026753783226013,0.08301281929016113,-0.49332207441329956,-0.06676103174686432,0.08235371112823486,-0.5632094740867615,-0.06963937729597092
0.0,0.0,0.0,-0.07231080532073975,-0.046167194843292236,-0.0239741001278162,-0.12796896696090698,-0.1444694995880127,-0.03799056261777878,-0.16158312559127808,-0.24132180213928223,-0.05319300666451454,-0.18358731269836426,-0.3280010223388672,-0.06748442351818085,-0.08636176586151123,-0.31308692693710327,-0.00310507882386446,-0.1228170394897461,-0.39647799730300903,-0.031654730439186096,-0.15174835920333862,-0.4386962652206421,-0.058470744639635086,-0.17823392152786255,-0.4708867073059082,-0.07603094726800919,-0.039860546588897705,-0.35225194692611694,-0.010803187265992165,-0.0607912540435791,-0.5003370046615601,-0.03267759084701538,-0.08175128698348999,-0.5821843147277832,-0.05268760025501251,-0.10450822114944458,-0.6461235880851746,-0.06582225859165192,0.009748518466949463,-0.3477126359939575,-0.024934185668826103,0.009640932083129883,-0.4828626811504364,-0.04966400936245918,0.0014210343360900879,-0.5640883445739746,-0.06663525849580765,-0.010682106018066406,-0.6350589990615845,-0.07581063359975815,0.05707120895385742,-0.3095613121986389,-0.04160364717245102,0.07561200857162476,-0.4192012548446655,-0.060133934020996094,0.08297771215438843,-0.4929969906806946,-0.06770851463079453,0.08219492435455322,-0.5622089505195618,-0.07178542762994766
0.0,0.0,0.0,-0.0741649866104126,-0.04768878221511841,-0.024606553837656975,-0.13218063116073608,-0.14834916591644287,-0.038833290338516235,-0.16806453466415405,-0.245022714138031,-0.05407420173287392,-0.19250261783599854,-0.33075982332229614,-0.06841044872999191,-0.08827883005142212,-0.3175916075706482,-0.005026435479521751,-0.1250671148300171,-0.4058230519294739,-0.033532723784446716,-0.15457361936569214,-0.45097920298576355,-0.05999203026294708,-0.1823289394378662,-0.48535090684890747,-0.07741972804069519,-0.04083472490310669,-0.3568032383918762,-0.012633230537176132,-0.06112957000732422,-0.5057185292243958,-0.03514803946018219,-0.08190500736236572,-0.5888166427612305,-0.05541129782795906,-0.10500979423522949,-0.6530910730361938,-0.06877496838569641,0.008915841579437256,-0.35207122564315796,-0.02663632668554783,0.00843125581741333,-0.4884219765663147,-0.051940638571977615,7.891654968261719e-05,-0.5706477165222168,-0.06935659795999527,-0.012124955654144287,-0.6419905424118042,-0.07890818268060684,0.05614817142486572,-0.3139392137527466,-0.04320894926786423,0.07459676265716553,-0.4243886470794678,-0.06253354251384735,0.08190184831619263,-0.4993531405925751,-0.0708908811211586,0.08102583885192871,-0.5690156817436218,-0.07554417103528976
0.0,0.0,0.0,-0.07512402534484863,-0.04838442802429199,-0.024936046451330185,-0.13509196043014526,-0.1480560302734375,-0.03921308368444443,-0.17059326171875,-0.24334746599197388,-0.05439569801092148,-0.19613397121429443,-0.3261697292327881,-0.0687379464507103,-0.09164655208587646,-0.3165643811225891,-0.006379703525453806,-0.12852609157562256,-0.40574371814727783,-0.033372245728969574,-0.15649867057800293,-0.45508402585983276,-0.05867825448513031,-0.18297350406646729,-0.49613091349601746,-0.07595379650592804,-0.043511033058166504,-0.35661447048187256,-0.013826272450387478,-0.0630674958229065,-0.5055926442146301,-0.03592735528945923,-0.08263009786605835,-0.5897237062454224,-0.05584675818681717,-0.10538303852081299,-0.6544237732887268,-0.0692572295665741,0.0066471099853515625,-0.35330498218536377,-0.027472134679555893,0.006495416164398193,-0.4887697696685791,-0.052251897752285004,-0.0009045004844665527,-0.570833683013916,-0.06962927430868149,-0.012679338455200195,-0.6405478119850159,-0.07936425507068634,0.05464965105056763,-0.3171197772026062,-0.04375177621841431,0.07297289371490479,-0.42774736881256104,-0.06276461482048035,0.08038139343261719,-0.5024539232254028,-0.07130871713161469,0.07906049489974976,-0.5707898139953613,-0.07628306746482849
0.0,0.0,0.0,-0.07543015480041504,-0.04684114456176758,-0.026318160817027092,-0.13627880811691284,-0.14647704362869263,-0.041398871690034866,-0.172349750995636,-0.24168705940246582,-0.05703297257423401,-0.19991731643676758,-0.32276397943496704,-0.07189267873764038,-0.09407353401184082,-0.31936895847320557,-0.009182160720229149,-0.1312924027442932,-0.40589529275894165,-0.03729800879955292,-0.15935152769088745,-0.45434463024139404,-0.06331772357225418,-0.18587428331375122,-0.49605441093444824,-0.08114777505397797,-0.0455661416053772,-0.3607487082481384,-0.016208332031965256,-0.06582778692245483,-0.5063490867614746,-0.03907168284058571,-0.08545500040054321,-0.5904889106750488,-0.059064146131277084,-0.10826724767684937,-0.6562316417694092,-0.07264366000890732,0.004682779312133789,-0.35730594396591187,-0.029439806938171387,0.0039000511169433594,-0.49132856726646423,-0.05491957068443298,-0.002894759178161621,-0.5729861259460449,-0.07210299372673035,-0.01427006721496582,-0.643343448638916,-0.08174455165863037,0.05238521099090576,-0.320293128490448,-0.045431867241859436,0.06974911689758301,-0.43018025159835815,-0.06542902439832687,0.07706522941589355,-0.5053470134735107,-0.0744018703699112,0.07618075609207153,-0.5744328498840332,-0.0796247348189354
0.0,0.0,0.0,-0.0754346251487732,-0.046491265296936035,-0.025565829128026962,-0.13607531785964966,-0.1440621018409729,-0.040569890290498734,-0.1716257929801941,-0.23768305778503418,-0.0563315711915493,-0.19771462678909302,-0.32108813524246216,-0.07129569351673126,-0.09332013130187988,-0.31761521100997925,-0.008226532489061356,-0.13038957118988037,-0.4038543701171875,-0.0362306609749794,-0.15848308801651,-0.45106178522109985,-0.062308792024850845,-0.18463069200515747,-0.49140265583992004,-0.08023516833782196,-0.04533141851425171,-0.35849153995513916,-0.015563687309622765,-0.06647694110870361,-0.5034921169281006,-0.03816967085003853,-0.08602476119995117,-0.5873854160308838,-0.05815974622964859,-0.10827499628067017,-0.6539739370346069,-0.07194648683071136,0.0048580169677734375,-0.35510849952697754,-0.02912963181734085,0.004489421844482422,-0.4899497926235199,-0.05422952026128769,-0.002086341381072998,-0.5706262588500977,-0.07096167653799057,-0.01332312822341919,-0.6408681273460388,-0.0804835632443428,0.052845895290374756,-0.31793099641799927,-0.04544483870267868,0.06982845067977905,-0.42834532260894775,-0.06528092920780182,0.07670032978057861,-0.5029482245445251,-0.07396218925714493,0.07562553882598877,-0.5722736120223999,-0.07902108877897263
0.0,0.0,0.0,-0.0757298469543457,-0.04535102844238281,-0.026516951620578766,-0.13684916496276855,-0.14234834909439087,-0.04227076843380928,-0.17192798852920532,-0.23646438121795654,-0.058529097586870193,-0.19667977094650269,-0.32190561294555664,-0.07376689463853836,-0.09421110153198242,-0.31693822145462036,-0.009268812835216522,-0.13123661279678345,-0.4046122431755066,-0.037568721920251846,-0.15922433137893677,-0.4509960412979126,-0.06376899033784866,-0.1853344440460205,-0.4899480938911438,-0.08170048892498016,-0.046339988708496094,-0.3578840494155884,-0.016166049987077713,-0.06783074140548706,-0.5046272873878479,-0.03897355869412422,-0.08763277530670166,-0.5887494087219238,-0.05894656851887703,-0.10998833179473877,-0.6556059122085571,-0.07272759079933167,0.00370103120803833,-0.3545381426811218,-0.029368270188570023,0.0030652880668640137,-0.4901639223098755,-0.05468025058507919,-0.0037707090377807617,-0.5714288353919983,-0.07157770544290543,-0.015030741691589355,-0.64247727394104,-0.08128563314676285,0.05189639329910278,-0.31757718324661255,-0.04535043612122536,0.06895589828491211,-0.42773741483688354,-0.06505931168794632,0.0758819580078125,-0.5018242597579956,-0.07362813502550125,0.07492250204086304,-0.5708776116371155,-0.0787319615483284
0.0,0.0,0.0,-0.07540804147720337,-0.04789459705352783,-0.02738788351416588,-0.13591760396957397,-0.14584630727767944,-0.043972164392471313,-0.17162060737609863,-0.24158519506454468,-0.06127021089196205,-0.1968199610710144,-0.32896602153778076,-0.0775497779250145,-0.09471595287322998,-0.32119953632354736,-0.008277777582406998,-0.13198453187942505,-0.4054720401763916,-0.03850436583161354,-0.16066664457321167,-0.44932931661605835,-0.0666251927614212,-0.1871897578239441,-0.4857513904571533,-0.08545172959566116,-0.04746246337890625,-0.36264103651046753,-0.015004154294729233,-0.06881493330001831,-0.5073754787445068,-0.03847304359078407,-0.08863955736160278,-0.5904029607772827,-0.059086937457323074,-0.11087781190872192,-0.6576183438301086,-0.07327204197645187,0.0025110244750976562,-0.35927486419677734,-0.02843954786658287,0.0015764236450195312,-0.49537795782089233,-0.054347921162843704,-0.0056493282318115234,-0.576395571231842,-0.07148848474025726,-0.017596065998077393,-0.6476860642433167,-0.08119770139455795,0.05069148540496826,-0.3222668170928955,-0.04483263939619064,0.0674598217010498,-0.4336494207382202,-0.06468544155359268,0.07436633110046387,-0.5082851648330688,-0.07332155853509903,0.07334232330322266,-0.5778480768203735,-0.0784459263086319
0.0,0.0,0.0,-0.07118058204650879,-0.04773533344268799,-0.0246895644813776,-0.12729287147521973,-0.14570266008377075,-0.04061738774180412,-0.1593647599220276,-0.24120348691940308,-0.058067306876182556,-0.17764639854431152,-0.3309931755065918,-0.07428962737321854,-0.08661907911300659,-0.31116318702697754,-0.004817182198166847,-0.12419450283050537,-0.384038507938385,-0.04040432348847389,-0.15372031927108765,-0.41260582208633423,-0.07174292951822281,-0.17954689264297485,-0.4258303642272949,-0.09019576013088226,-0.04201841354370117,-0.3501157760620117,-0.012269274331629276,-0.06356263160705566,-0.49460142850875854,-0.0381477028131485,-0.08533906936645508,-0.5781418085098267,-0.05949188396334648,-0.10893833637237549,-0.6470412015914917,-0.07300304621458054,0.0071228742599487305,-0.3468603491783142,-0.026849741116166115,0.006767988204956055,-0.4843604266643524,-0.05385560542345047,-0.001078188419342041,-0.566760241985321,-0.07028990238904953,-0.013673186302185059,-0.63877272605896,-0.07847688347101212,0.054573118686676025,-0.30940669775009155,-0.04417384788393974,0.07109993696212769,-0.4230654239654541,-0.06254789233207703,0.07718384265899658,-0.49809974431991577,-0.06904123723506927,0.07533532381057739,-0.5681397914886475,-0.07219814509153366
0.0,0.0,0.0,-0.0715172290802002,-0.04860121011734009,-0.022763993591070175,-0.12514346837997437,-0.15119153261184692,-0.037507228553295135,-0.15505129098892212,-0.24779480695724487,-0.05437938868999481,-0.1741916537284851,-0.3348420262336731,-0.07015320658683777,-0.08402347564697266,-0.3154047131538391,-0.0024921700824052095,-0.12275582551956177,-0.38755422830581665,-0.039836496114730835,-0.1534380316734314,-0.40783268213272095,-0.07265514135360718,-0.17847353219985962,-0.4115772247314453,-0.09121210128068924,-0.04037207365036011,-0.35268300771713257,-0.010709420777857304,-0.06210219860076904,-0.49853795766830444,-0.037598706781864166,-0.08568108081817627,-0.5837147831916809,-0.05904163792729378,-0.11086833477020264,-0.6501988768577576,-0.07169420272111893,0.007644534111022949,-0.348402202129364,-0.026169640943408012,0.007058084011077881,-0.4865396022796631,-0.05332137271761894,-0.0014487504959106445,-0.5714802742004395,-0.06942735612392426,-0.014165759086608887,-0.6430493593215942,-0.07649664580821991,0.053497135639190674,-0.31041908264160156,-0.0443420335650444,0.07017076015472412,-0.42511069774627686,-0.06218532472848892,0.07595467567443848,-0.502704381942749,-0.06822699308395386,0.07456272840499878,-0.5740028023719788,-0.07052334398031235
0.0,0.0,0.0,-0.07013159990310669,-0.0474780797958374,-0.0233355350792408,-0.12299621105194092,-0.1468740701675415,-0.03936385735869408,-0.15322017669677734,-0.24259251356124878,-0.05752198025584221,-0.17257273197174072,-0.33024466037750244,-0.07462888211011887,-0.08267760276794434,-0.30890899896621704,-0.004529065918177366,-0.12153136730194092,-0.38178539276123047,-0.0433664545416832,-0.15185141563415527,-0.4020899534225464,-0.07668264210224152,-0.17656785249710083,-0.4042591452598572,-0.09521206468343735,-0.0392916202545166,-0.3460767865180969,-0.012463876977562904,-0.06030774116516113,-0.49083369970321655,-0.04002922773361206,-0.08355236053466797,-0.5757877230644226,-0.06116597726941109,-0.1092376708984375,-0.6439437866210938,-0.07341061532497406,0.008958280086517334,-0.3418840169906616,-0.027662623673677444,0.008388638496398926,-0.47926682233810425,-0.05501250922679901,-6.157159805297852e-05,-0.5643944144248962,-0.07017983496189117,-0.01314246654510498,-0.6369259357452393,-0.07643382251262665,0.0548282265663147,-0.30411285161972046,-0.045634135603904724,0.07180017232894897,-0.41850578784942627,-0.06346680223941803,0.0772520899772644,-0.49623218178749084,-0.06888039410114288,0.07534772157669067,-0.5677677989006042,-0.07053163647651672
0.0,0.0,0.0,-0.06953692436218262,-0.046484947204589844,-0.022782117128372192,-0.12151038646697998,-0.14639055728912354,-0.03831613063812256,-0.15140628814697266,-0.24202722311019897,-0.05600017309188843,-0.16962730884552002,-0.3282017111778259,-0.07281145453453064,-0.08190381526947021,-0.3085235357284546,-0.003622991731390357,-0.12188971042633057,-0.38088512420654297,-0.04190901666879654,-0.1516505479812622,-0.4034246802330017,-0.07514527440071106,-0.17529892921447754,-0.40708011388778687,-0.09385989606380463,-0.03840547800064087,-0.3457399010658264,-0.011858551762998104,-0.059446632862091064,-0.4913288950920105,-0.039157845079898834,-0.08235669136047363,-0.5751916766166687,-0.06070967763662338,-0.1075553297996521,-0.6418888568878174,-0.0731910914182663,0.010070204734802246,-0.34097957611083984,-0.027205124497413635,0.009373903274536133,-0.47866809368133545,-0.05412495881319046,0.0008552074432373047,-0.5634815692901611,-0.06947502493858337,-0.01186525821685791,-0.6360338926315308,-0.07602221518754959,0.05600064992904663,-0.3021426796913147,-0.0452740378677845,0.07262629270553589,-0.4158971905708313,-0.06286124885082245,0.07824265956878662,-0.4924774765968323,-0.06817730516195297,0.07693350315093994,-0.5633927583694458,-0.06982748210430145
0.0,0.0,0.0,-0.0698469877243042,-0.04732257127761841,-0.022227782756090164,-0.1222456693649292,-0.14913231134414673,-0.037029411643743515,-0.15241557359695435,-0.24461501836776733,-0.054071567952632904,-0.17100733518600464,-0.33135247230529785,-0.07015643268823624,-0.08212816715240479,-0.313268780708313,-0.003191841533407569,-0.12225192785263062,-0.38556694984436035,-0.04156201332807541,-0.15250688791275024,-0.4064982533454895,-0.07489725947380066,-0.17651742696762085,-0.4079301953315735,-0.09355778247117996,-0.03853338956832886,-0.3498181104660034,-0.01151724997907877,-0.0599442720413208,-0.49524563550949097,-0.03905392810702324,-0.0827399492263794,-0.5796031951904297,-0.060369789600372314,-0.10754626989364624,-0.6457318067550659,-0.07264605164527893,0.009763062000274658,-0.34431034326553345,-0.027029691264033318,0.00968080759048462,-0.4833475947380066,-0.054627805948257446,0.0016266107559204102,-0.5684649348258972,-0.07018636912107468,-0.010578751564025879,-0.6411887407302856,-0.07659705728292465,0.055466413497924805,-0.3045576810836792,-0.04517955705523491,0.0725334882736206,-0.4194428324699402,-0.06350894272327423,0.07816499471664429,-0.4978894293308258,-0.06933718919754028,0.07711338996887207,-0.5706424713134766,-0.07116466760635376
0.0,0.0,0.0,-0.06941187381744385,-0.04676103591918945,-0.023620909079909325,-0.12179851531982422,-0.14669150114059448,-0.03968336805701256,-0.1525440812110901,-0.2418258786201477,-0.05779009684920311,-0.170671284198761,-0.3301721215248108,-0.07482749968767166,-0.08056586980819702,-0.3119174838066101,-0.0035777310840785503,-0.11899399757385254,-0.38394415378570557,-0.04254594445228577,-0.14848166704177856,-0.40605467557907104,-0.07636796683073044,-0.17260807752609253,-0.4092673063278198,-0.09547305852174759,-0.037345826625823975,-0.3485605716705322,-0.011422159150242805,-0.058887481689453125,-0.4915263056755066,-0.0389275848865509,-0.08139944076538086,-0.5743867754936218,-0.060599882155656815,-0.10563623905181885,-0.6428663730621338,-0.07349843531847,0.010655224323272705,-0.3434187173843384,-0.026652498170733452,0.010198533535003662,-0.4804036617279053,-0.05408486723899841,0.0015500783920288086,-0.5646587610244751,-0.06965368986129761,-0.011082828044891357,-0.6387634873390198,-0.07654809951782227,0.05626446008682251,-0.3041558861732483,-0.0446954220533371,0.07246875762939453,-0.4174807667732239,-0.06299135088920593,0.07809275388717651,-0.49433302879333496,-0.06880737096071243,0.07734674215316772,-0.5664229393005371,-0.07089359313249588
0.0,0.0,0.0,-0.06960797309875488,-0.04449617862701416,-0.023881850764155388,-0.12295281887054443,-0.14298999309539795,-0.03984065726399422,-0.15485358238220215,-0.2388899326324463,-0.057658109813928604,-0.17325663566589355,-0.32726097106933594,-0.07445807009935379,-0.08321768045425415,-0.30683088302612305,-0.004285531584173441,-0.1239553689956665,-0.38065391778945923,-0.04295571148395538,-0.15293645858764648,-0.40651392936706543,-0.07629537582397461,-0.1760568618774414,-0.4120631217956543,-0.09509599953889847,-0.03959619998931885,-0.3444174528121948,-0.011897914111614227,-0.061862051486968994,-0.4904400110244751,-0.0393831841647625,-0.08373463153839111,-0.5736629962921143,-0.060756340622901917,-0.10716933012008667,-0.6415694952011108,-0.07322137802839279,0.009056389331817627,-0.3404041528701782,-0.026789560914039612,0.008498847484588623,-0.4782920777797699,-0.054106391966342926,-0.0002079010009765625,-0.5630696415901184,-0.06936098635196686,-0.012963533401489258,-0.6373323202133179,-0.07595574110746384,0.05539894104003906,-0.3021196126937866,-0.04446093738079071,0.07102197408676147,-0.4153250455856323,-0.0623973049223423,0.07648038864135742,-0.4917011857032776,-0.06759769469499588,0.07576614618301392,-0.5635915994644165,-0.06918618828058243
0.0,0.0,0.0,-0.07046520709991455,-0.04488283395767212,-0.024233786389231682,-0.1270979642868042,-0.1453501582145691,-0.039288248866796494,-0.15815597772598267,-0.24310636520385742,-0.0556657612323761,-0.17607420682907104,-0.33226990699768066,-0.07111148536205292,-0.08452695608139038,-0.3115270733833313,-0.006966433022171259,-0.12352240085601807,-0.3925342559814453,-0.04096516594290733,-0.15301716327667236,-0.42285341024398804,-0.07027225941419601,-0.1783735752105713,-0.43376120924949646,-0.08740106970071793,-0.038245320320129395,-0.348310649394989,-0.014438629150390625,-0.05789947509765625,-0.4960685968399048,-0.03986099362373352,-0.07836747169494629,-0.5780371427536011,-0.06078868731856346,-0.10056078433990479,-0.6426823735237122,-0.0737871378660202,0.011631906032562256,-0.34193629026412964,-0.02857794798910618,0.012749254703521729,-0.4802394509315491,-0.0551527738571167,0.004429161548614502,-0.5639418959617615,-0.07193639129400253,-0.007674753665924072,-0.6367380023002625,-0.0805487111210823,0.05898255109786987,-0.3014413118362427,-0.04523709416389465,0.07525956630706787,-0.4150099754333496,-0.06417589634656906,0.08169114589691162,-0.49128007888793945,-0.07131415605545044,0.0816146731376648,-0.5627421140670776,-0.07486751675605774
0.0,0.0,0.0,-0.07500046491622925,-0.04717212915420532,-0.025569263845682144,-0.1343400478363037,-0.14815300703048706,-0.03989950940012932,-0.16687941551208496,-0.24661433696746826,-0.05519236624240875,-0.1872602105140686,-0.33831167221069336,-0.06961286067962646,-0.08796024322509766,-0.3167407512664795,-0.00562605494633317,-0.12308883666992188,-0.40459996461868286,-0.03469190374016762,-0.15221428871154785,-0.45058053731918335,-0.06161641329526901,-0.17941391468048096,-0.4874413013458252,-0.07933978736400604,-0.03942978382110596,-0.35397255420684814,-0.012558932416141033,-0.05769944190979004,-0.49769192934036255,-0.034688498824834824,-0.07713651657104492,-0.5817610025405884,-0.05431865155696869,-0.09893512725830078,-0.6492640972137451,-0.0676918625831604,0.010310947895050049,-0.3482317328453064,-0.026196202263236046,0.009996891021728516,-0.4843106269836426,-0.051198072731494904,0.002841949462890625,-0.5680142641067505,-0.06743898242712021,-0.008141040802001953,-0.6420429348945618,-0.07641681283712387,0.05699813365936279,-0.31095391511917114,-0.04263909533619881,0.07285165786743164,-0.4234538674354553,-0.06219974905252457,0.07958751916885376,-0.49961042404174805,-0.0703209787607193,0.07966721057891846,-0.5705227851867676,-0.0748259648680687
0.0,0.0,0.0,-0.07749921083450317,-0.04949033260345459,-0.026509316638112068,-0.1377125382423401,-0.1481758952140808,-0.04149160906672478,-0.17323744297027588,-0.24465304613113403,-0.05711854249238968,-0.19603008031845093,-0.33433765172958374,-0.07163239270448685,-0.09011185169219971,-0.32329338788986206,-0.005241165868937969,-0.12439507246017456,-0.41679221391677856,-0.03234967216849327,-0.15324032306671143,-0.4644503891468048,-0.05809781700372696,-0.18092381954193115,-0.5051686763763428,-0.07548122107982635,-0.04097086191177368,-0.35940730571746826,-0.011278007179498672,-0.060100674629211426,-0.5027693510055542,-0.031074775382876396,-0.07914400100708008,-0.5869807004928589,-0.04955083876848221,-0.10071921348571777,-0.6546416282653809,-0.06280013173818588,0.008740723133087158,-0.352100133895874,-0.024186478927731514,0.008315443992614746,-0.48678523302078247,-0.04696766287088394,0.0010655522346496582,-0.570642352104187,-0.06282608956098557,-0.009998202323913574,-0.6444457769393921,-0.0723445937037468,0.05522751808166504,-0.31454068422317505,-0.040089674293994904,0.07101547718048096,-0.4259876012802124,-0.0586547888815403,0.07726669311523438,-0.5017672777175903,-0.06697012484073639,0.07743692398071289,-0.5727535486221313,-0.07204487919807434
0.0,0.0,0.0,-0.07994335889816284,-0.05121016502380371,-0.02652900665998459,-0.14117968082427979,-0.1481332778930664,-0.041719745844602585,-0.17886674404144287,-0.2442522644996643,-0.05799694359302521,-0.20418834686279297,-0.3332308530807495,-0.07300765812397003,-0.0936354398727417,-0.32734185457229614,-0.0025904648937284946,-0.12811100482940674,-0.42504459619522095,-0.029479535296559334,-0.15777558088302612,-0.47510749101638794,-0.054889436811208725,-0.18643450736999512,-0.5161211490631104,-0.07171812653541565,-0.04356551170349121,-0.36326658725738525,-0.008473722264170647,-0.06349259614944458,-0.5046736598014832,-0.02597043290734291,-0.08269405364990234,-0.5893083810806274,-0.04222854971885681,-0.10475683212280273,-0.6564867496490479,-0.054116539657115936,0.0069122314453125,-0.3554622530937195,-0.021767398342490196,0.006924271583557129,-0.48926764726638794,-0.042685188353061676,-0.0005604028701782227,-0.5729036927223206,-0.05648721009492874,-0.012655019760131836,-0.6445914506912231,-0.06477827578783035,0.0535547137260437,-0.3179190158843994,-0.03838522359728813,0.06981295347213745,-0.4267420768737793,-0.05685300752520561,0.07503962516784668,-0.5034259557723999,-0.06519082933664322,0.07413440942764282,-0.5750686526298523,-0.07003147900104523
0.0,0.0,0.0,-0.08116364479064941,-0.051733970642089844,-0.02584884874522686,-0.1431702971458435,-0.14625030755996704,-0.0410638265311718,-0.18237382173538208,-0.24156397581100464,-0.05737603083252907,-0.2098892331123352,-0.3285316228866577,-0.07234501093626022,-0.09506773948669434,-0.32789337635040283,-0.0016083350637927651,-0.12939929962158203,-0.4256003499031067,-0.027226505801081657,-0.15941113233566284,-0.4739771783351898,-0.05172891169786453,-0.18885821104049683,-0.5130648612976074,-0.06802131235599518,-0.044884324073791504,-0.36544567346572876,-0.007662040647119284,-0.06553292274475098,-0.5055773258209229,-0.024098550900816917,-0.0855146050453186,-0.5887525677680969,-0.04007571190595627,-0.10853493213653564,-0.654753565788269,-0.05193899944424629,0.005541563034057617,-0.3589467406272888,-0.02094864845275879,0.005258381366729736,-0.4924226701259613,-0.040801480412483215,-0.002705395221710205,-0.5751941800117493,-0.05437794700264931,-0.015722334384918213,-0.6459126472473145,-0.06277763843536377,0.05211448669433594,-0.32188451290130615,-0.03749948367476463,0.0685918927192688,-0.4295501708984375,-0.05518588796257973,0.07362252473831177,-0.5057679414749146,-0.06326338648796082,0.07203876972198486,-0.576705276966095,-0.06798522919416428
0.0,0.0,0.0,-0.08053654432296753,-0.04992473125457764,-0.025614218786358833,-0.1429041624069214,-0.14460265636444092,-0.040863942354917526,-0.18249082565307617,-0.24018371105194092,-0.05726858228445053,-0.21027296781539917,-0.3271350860595703,-0.07236002385616302,-0.09479665756225586,-0.3277468681335449,-0.0020749946124851704,-0.12928754091262817,-0.42531710863113403,-0.027558395639061928,-0.15948247909545898,-0.4727248251438141,-0.05184120684862137,-0.1890811324119568,-0.5110615491867065,-0.06807238608598709,-0.04449230432510376,-0.36534565687179565,-0.008433179929852486,-0.06560957431793213,-0.5054547190666199,-0.024948790669441223,-0.08584004640579224,-0.5884906649589539,-0.04104576259851456,-0.10902464389801025,-0.6546151041984558,-0.05313436686992645,0.006132841110229492,-0.35879093408584595,-0.021909430623054504,0.005694687366485596,-0.4930475950241089,-0.04197558015584946,-0.0025802254676818848,-0.574806809425354,-0.05553028732538223,-0.016004204750061035,-0.6449440717697144,-0.0639992356300354,0.05301976203918457,-0.3213081359863281,-0.03860154375433922,0.06905829906463623,-0.42945122718811035,-0.05659835785627365,0.0740818977355957,-0.5058378577232361,-0.06475548446178436,0.07247084379196167,-0.5770396590232849,-0.06956698000431061
0.0,0.0,0.0,-0.0799207091331482,-0.04958951473236084,-0.024423761293292046,-0.14114326238632202,-0.14413964748382568,-0.03894127532839775,-0.1799485683441162,-0.2386205792427063,-0.05478876456618309,-0.2068392038345337,-0.3258815407752991,-0.06935472786426544,-0.09308779239654541,-0.3256262540817261,-0.0004589226155076176,-0.12740379571914673,-0.41931581497192383,-0.025740070268511772,-0.15787380933761597,-0.4631844162940979,-0.050110265612602234,-0.18792515993118286,-0.4981253743171692,-0.06637128442525864,-0.042942702770233154,-0.3637852072715759,-0.007435166276991367,-0.06424713134765625,-0.5040135383605957,-0.024456553161144257,-0.08477193117141724,-0.5865561962127686,-0.04154685512185097,-0.10774087905883789,-0.6531180143356323,-0.054195016622543335,0.007586061954498291,-0.3575098514556885,-0.021381082013249397,0.007364511489868164,-0.4920182526111603,-0.04208170995116234,-0.0008442997932434082,-0.5729929208755493,-0.05667182058095932,-0.014152824878692627,-0.6437623500823975,-0.06572428345680237,0.05454742908477783,-0.31939005851745605,-0.03829033300280571,0.07074779272079468,-0.4271243214607239,-0.056262992322444916,0.07576614618301392,-0.5031881332397461,-0.06440238654613495,0.07381278276443481,-0.5746746063232422,-0.0692882239818573
0.0,0.0,0.0,-0.07468682527542114,-0.04756349325180054,-0.024834832176566124,-0.13290804624557495,-0.14579910039901733,-0.040583860129117966,-0.16615813970565796,-0.24153554439544678,-0.05773932859301567,-0.1859855055809021,-0.3306698799133301,-0.07375539094209671,-0.08653908967971802,-0.31474941968917847,-0.006015975959599018,-0.12471866607666016,-0.3945796489715576,-0.04049750417470932,-0.15567201375961304,-0.42301011085510254,-0.07039754092693329,-0.18245810270309448,-0.43314164876937866,-0.08775148540735245,-0.03986483812332153,-0.35316216945648193,-0.01317067351192236,-0.059171974658966064,-0.49768832325935364,-0.038576461374759674,-0.08065938949584961,-0.5801069140434265,-0.05932261794805527,-0.10417670011520386,-0.6454088687896729,-0.07226549088954926,0.009611129760742188,-0.34798121452331543,-0.02735779993236065,0.011484086513519287,-0.4850800931453705,-0.054033271968364716,0.0032653212547302246,-0.5690428018569946,-0.07088644057512283,-0.009414494037628174,-0.6420207023620605,-0.0793926790356636,0.05597203969955444,-0.3080301880836487,-0.04422592371702194,0.0739474892616272,-0.42061448097229004,-0.06339851021766663,0.08014649152755737,-0.49739187955856323,-0.07106541097164154,0.07900357246398926,-0.5692611932754517,-0.07488387823104858
0.0,0.0,0.0,-0.07343935966491699,-0.04840826988220215,-0.022890876978635788,-0.1276267170906067,-0.14907771348953247,-0.03836691007018089,-0.15759217739105225,-0.24559950828552246,-0.056205689907073975,-0.17232632637023926,-0.33526158332824707,-0.07265286892652512,-0.08227294683456421,-0.31265896558761597,-0.0017174446256831288,-0.11945760250091553,-0.3887940049171448,-0.041509393602609634,-0.1485782265663147,-0.40817689895629883,-0.07562769949436188,-0.1716957688331604,-0.4075043201446533,-0.09412841498851776,-0.03787505626678467,-0.3493499755859375,-0.009229576215147972,-0.05621987581253052,-0.49113863706588745,-0.03536062315106392,-0.07815057039260864,-0.5739849805831909,-0.05478837341070175,-0.10229969024658203,-0.6418132781982422,-0.06568627804517746,0.0104331374168396,-0.34468549489974976,-0.024498140439391136,0.012231886386871338,-0.481448233127594,-0.05000870302319527,0.003939390182495117,-0.5655640363693237,-0.06255681812763214,-0.008277058601379395,-0.6375118494033813,-0.06692083179950714,0.055964529514312744,-0.30616188049316406,-0.04286697134375572,0.07403093576431274,-0.41851234436035156,-0.05961936339735985,0.07951241731643677,-0.49464064836502075,-0.06368321180343628,0.07864898443222046,-0.5653798580169678,-0.06389907002449036
0.0,0.0,0.0,-0.06953376531600952,-0.03971660137176514,-0.02342684008181095,-0.12183171510696411,-0.1351865530014038,-0.03963945806026459,-0.15297377109527588,-0.2301774024963379,-0.05774225294589996,-0.16823256015777588,-0.3188597559928894,-0.07499661296606064,-0.07998144626617432,-0.29865705966949463,-0.0050352588295936584,-0.11662513017654419,-0.37195539474487305,-0.04134953394532204,-0.14429450035095215,-0.3930712938308716,-0.0726141706109047,-0.16667920351028442,-0.3928995728492737,-0.09016723930835724,-0.03578293323516846,-0.3338521718978882,-0.012510130181908607,-0.054856956005096436,-0.4763513505458832,-0.03728003799915314,-0.07736951112747192,-0.5559676289558411,-0.0575438067317009,-0.10185259580612183,-0.6184711456298828,-0.06957975029945374,0.012437939643859863,-0.32749736309051514,-0.026944410055875778,0.0149308443069458,-0.46458616852760315,-0.052046194672584534,0.005483746528625488,-0.547776460647583,-0.06753216683864594,-0.008539736270904541,-0.6184260249137878,-0.07498602569103241,0.05687671899795532,-0.2870112657546997,-0.04401381313800812,0.07721728086471558,-0.39750581979751587,-0.06209244579076767,0.08345717191696167,-0.47224897146224976,-0.06867127120494843,0.0821685791015625,-0.54254549741745,-0.07140210270881653
0.0,0.0,0.0,-0.06742191314697266,-0.03606289625167847,-0.023679595440626144,-0.1199766993522644,-0.13158732652664185,-0.039309900254011154,-0.1502026915550232,-0.2259501814842224,-0.056202083826065063,-0.16558921337127686,-0.31394338607788086,-0.07248251140117645,-0.07798939943313599,-0.2911275625228882,-0.007395179942250252,-0.11344289779663086,-0.36080455780029297,-0.041627731174230576,-0.14119315147399902,-0.3844107389450073,-0.07172878086566925,-0.1647711992263794,-0.389321506023407,-0.08934927731752396,-0.03387540578842163,-0.3272378444671631,-0.014891104772686958,-0.05335158109664917,-0.46852344274520874,-0.040087148547172546,-0.07662415504455566,-0.5491176247596741,-0.061860401183366776,-0.10199856758117676,-0.6121338605880737,-0.07528641819953918,0.014209866523742676,-0.320959210395813,-0.028742682188749313,0.017494916915893555,-0.45819470286369324,-0.055290814489126205,0.007790505886077881,-0.5413954257965088,-0.0731266587972641,-0.007438004016876221,-0.6122208833694458,-0.08231053501367569,0.05901944637298584,-0.27999961376190186,-0.04484671726822853,0.08084559440612793,-0.39049118757247925,-0.06457127630710602,0.08699309825897217,-0.46575677394866943,-0.07269974052906036,0.08373802900314331,-0.5367085933685303,-0.07678066194057465
0.0,0.0,0.0,-0.06643670797348022,-0.03013235330581665,-0.02350636199116707,-0.1183815598487854,-0.12551653385162354,-0.03832247108221054,-0.14801430702209473,-0.21920770406723022,-0.05408940091729164,-0.16403883695602417,-0.3063820004463196,-0.06948608160018921,-0.07687926292419434,-0.2851954698562622,-0.008066684938967228,-0.11122405529022217,-0.352632999420166,-0.04058413207530975,-0.13968461751937866,-0.3740496039390564,-0.06989215314388275,-0.16406327486038208,-0.3792268633842468,-0.0876031294465065,-0.03271859884262085,-0.32012635469436646,-0.01551993191242218,-0.052041053771972656,-0.46161988377571106,-0.04087521508336067,-0.07619750499725342,-0.5435415506362915,-0.06389997899532318,-0.10268241167068481,-0.6077853441238403,-0.07851659506559372,0.014724493026733398,-0.3124083876609802,-0.028941599652171135,0.020004451274871826,-0.4515652060508728,-0.05637746676802635,0.01025623083114624,-0.5346472263336182,-0.07633882015943527,-0.005459010601043701,-0.6055631637573242,-0.08717215806245804,0.059135258197784424,-0.27033448219299316,-0.044273316860198975,0.08231133222579956,-0.38278478384017944,-0.06515661627054214,0.08890664577484131,-0.45863011479377747,-0.07491765916347504,0.08520686626434326,-0.5311211943626404,-0.08054439723491669
0.0,0.0,0.0,-0.06678915023803711,-0.03011566400527954,-0.02303999289870262,-0.11876136064529419,-0.12514805793762207,-0.03761554881930351,-0.14811378717422485,-0.21825575828552246,-0.053239837288856506,-0.16381555795669556,-0.30522048473358154,-0.0684964582324028,-0.07716751098632812,-0.28432661294937134,-0.008026429452002048,-0.11123812198638916,-0.35174524784088135,-0.040639229118824005,-0.13961172103881836,-0.3722212314605713,-0.06986182183027267,-0.16357803344726562,-0.376382052898407,-0.08748411387205124,-0.03279399871826172,-0.31915032863616943,-0.015654126182198524,-0.05165380239486694,-0.46012789011001587,-0.04119646176695824,-0.07577228546142578,-0.5412946939468384,-0.0639067068696022,-0.1021198034286499,-0.6050271987915039,-0.07827451080083847,0.014633357524871826,-0.3113676905632019,-0.029271546751260757,0.019873976707458496,-0.450161337852478,-0.056875184178352356,0.010022163391113281,-0.5331635475158691,-0.07674795389175415,-0.005796551704406738,-0.6040502190589905,-0.08752011507749557,0.05894237756729126,-0.2690948247909546,-0.0447598434984684,0.08272874355316162,-0.38116002082824707,-0.06574459373950958,0.08897393941879272,-0.45672446489334106,-0.07565242052078247,0.08467996120452881,-0.5289693474769592,-0.08140822499990463
0.0,0.0,0.0,-0.06683540344238281,-0.030820369720458984,-0.0225614532828331,-0.11899083852767944,-0.12579452991485596,-0.03665187582373619,-0.14828640222549438,-0.2188299298286438,-0.051800087094306946,-0.16379255056381226,-0.30588018894195557,-0.0665118619799614,-0.07753539085388184,-0.2839316725730896,-0.007008395157754421,-0.11179739236831665,-0.35128140449523926,-0.03906497731804848,-0.1393628716468811,-0.37226057052612305,-0.06775987893342972,-0.1626567840576172,-0.3770650625228882,-0.0850362554192543,-0.03303635120391846,-0.31943851709365845,-0.014787831343710423,-0.05202203989028931,-0.4610039293766022,-0.04007814824581146,-0.07566916942596436,-0.5417820811271667,-0.06249236688017845,-0.10146951675415039,-0.6049513816833496,-0.07647176086902618,0.014540016651153564,-0.3119192123413086,-0.028550365939736366,0.019788920879364014,-0.45047062635421753,-0.0563230887055397,0.010161101818084717,-0.5336834192276001,-0.07611671835184097,-0.00536346435546875,-0.6051057577133179,-0.08659275621175766,0.05915570259094238,-0.2693823575973511,-0.04410288855433464,0.0827949047088623,-0.38109052181243896,-0.06527035683393478,0.08884060382843018,-0.4565087556838989,-0.07503059506416321,0.08415669202804565,-0.5289158225059509,-0.08051512390375137
0.0,0.0,0.0,-0.06728190183639526,-0.030782043933868408,-0.022855913266539574,-0.11973369121551514,-0.12532609701156616,-0.03748086467385292,-0.1495029330253601,-0.21820974349975586,-0.05320581793785095,-0.16591358184814453,-0.304879367351532,-0.06856586039066315,-0.0787501335144043,-0.2845306396484375,-0.007533296011388302,-0.1137397289276123,-0.3527350425720215,-0.040097542107105255,-0.1415647268295288,-0.3734009265899658,-0.06920136511325836,-0.1648721694946289,-0.3768276572227478,-0.0866159051656723,-0.03440612554550171,-0.3200625777244568,-0.015186874195933342,-0.05424618721008301,-0.46233636140823364,-0.04045477882027626,-0.07803809642791748,-0.5429798364639282,-0.06289725750684738,-0.10389083623886108,-0.6063214540481567,-0.07694821804761887,0.013199090957641602,-0.3126705288887024,-0.028841283172369003,0.017967700958251953,-0.45151686668395996,-0.056296367198228836,0.008237898349761963,-0.5346657037734985,-0.07586465775966644,-0.00726085901260376,-0.6059041023254395,-0.08632482588291168,0.05784428119659424,-0.2705548405647278,-0.04435082525014877,0.08106625080108643,-0.3825741410255432,-0.06513722985982895,0.08732151985168457,-0.45802876353263855,-0.07459396123886108,0.0832487940788269,-0.5304725170135498,-0.07994560897350311
0.0,0.0,0.0,-0.06711441278457642,-0.03142303228378296,-0.023266056552529335,-0.12031745910644531,-0.12771886587142944,-0.0386226549744606,-0.15116143226623535,-0.22082465887069702,-0.05530092865228653,-0.16696101427078247,-0.30983972549438477,-0.07143630087375641,-0.07858628034591675,-0.2878865599632263,-0.007196621038019657,-0.1133996844291687,-0.35746651887893677,-0.04208294302225113,-0.14139974117279053,-0.37884950637817383,-0.07284507900476456,-0.1649031639099121,-0.38202965259552,-0.09073139727115631,-0.034944236278533936,-0.32372039556503296,-0.014775294810533524,-0.05434316396713257,-0.46430033445358276,-0.04007010906934738,-0.07707750797271729,-0.546434760093689,-0.06177491694688797,-0.10161900520324707,-0.612331748008728,-0.07518526911735535,0.013140857219696045,-0.31683290004730225,-0.02878880873322487,0.01661461591720581,-0.4555147886276245,-0.055741555988788605,0.0077231526374816895,-0.5391600131988525,-0.07360394299030304,-0.006583571434020996,-0.6116029024124146,-0.08273113518953323,0.05834496021270752,-0.27536964416503906,-0.04496119171380997,0.0805898904800415,-0.3874073624610901,-0.06500887870788574,0.08731180429458618,-0.46298736333847046,-0.07310233265161514,0.08462053537368774,-0.5352034568786621,-0.07718352228403091
0.0,0.0,0.0,-0.07071417570114136,-0.03765261173248291,-0.021780073642730713,-0.12421351671218872,-0.13491177558898926,-0.036466460675001144,-0.15651845932006836,-0.22984570264816284,-0.05332986265420914,-0.1714085340499878,-0.32040274143218994,-0.069538913667202,-0.0809704065322876,-0.29820823669433594,-0.001915573957376182,-0.11720907688140869,-0.3733481168746948,-0.03901095315814018,-0.145635724067688,-0.3968653082847595,-0.07179724425077438,-0.16807013750076294,-0.39967525005340576,-0.09031099826097488,-0.03716576099395752,-0.33514857292175293,-0.009827795438468456,-0.056457579135894775,-0.47649651765823364,-0.03469162806868553,-0.07800495624542236,-0.5574333667755127,-0.05521523952484131,-0.10100650787353516,-0.6217166185379028,-0.06732285767793655,0.01154184341430664,-0.33003395795822144,-0.02481326460838318,0.013514459133148193,-0.469238817691803,-0.05035797879099846,0.004475116729736328,-0.5506033301353455,-0.06513870507478714,-0.009072363376617432,-0.6203148365020752,-0.0715927705168724,0.057186126708984375,-0.28964853286743164,-0.042371779680252075,0.07703900337219238,-0.40113961696624756,-0.06066606938838959,0.08347731828689575,-0.47604900598526,-0.06659793108701706,0.08286935091018677,-0.5471968650817871,-0.06847285479307175
0.0,0.0,0.0,-0.07331222295761108,-0.034432053565979004,-0.023281648755073547,-0.12820547819137573,-0.13071739673614502,-0.03780621662735939,-0.15952527523040771,-0.22411763668060303,-0.053561512380838394,-0.17790943384170532,-0.31247949600219727,-0.06836200505495071,-0.08108025789260864,-0.2971062660217285,-0.005041899625211954,-0.11209934949874878,-0.37707579135894775,-0.03478629142045975,-0.14100861549377441,-0.40824711322784424,-0.061133917421102524,-0.16715341806411743,-0.42319443821907043,-0.07699659466743469,-0.03564399480819702,-0.3323926329612732,-0.012223772704601288,-0.05338621139526367,-0.47231537103652954,-0.03322918340563774,-0.0752420425415039,-0.5547583103179932,-0.051465049386024475,-0.09944778680801392,-0.6192734241485596,-0.06319517642259598,0.012719273567199707,-0.32568544149398804,-0.025959784165024757,0.01644819974899292,-0.46290600299835205,-0.0501507893204689,0.0062334537506103516,-0.5453881621360779,-0.06627712398767471,-0.0091325044631958,-0.6159062385559082,-0.0747571811079979,0.05795806646347046,-0.28567153215408325,-0.04203379526734352,0.07952255010604858,-0.39612841606140137,-0.06214357167482376,0.08588987588882446,-0.4721585512161255,-0.07098022848367691,0.08283829689025879,-0.544550895690918,-0.0754883885383606
0.0,0.0,0.0,-0.07553350925445557,-0.03563344478607178,-0.024659523740410805,-0.13212990760803223,-0.13112950325012207,-0.03850821033120155,-0.16430628299713135,-0.2275404930114746,-0.052933789789676666,-0.1831706166267395,-0.31791263818740845,-0.0661015510559082,-0.0824347734451294,-0.2962433695793152,-0.0054511562921106815,-0.11597156524658203,-0.3868887424468994,-0.03260388225317001,-0.14650410413742065,-0.4271421432495117,-0.05685468763113022,-0.17465782165527344,-0.4519110321998596,-0.0718647912144661,-0.03541135787963867,-0.33245980739593506,-0.011162995360791683,-0.05382406711578369,-0.4747878313064575,-0.030172469094395638,-0.07456779479980469,-0.5575615167617798,-0.04735664278268814,-0.09795641899108887,-0.6199357509613037,-0.05884750932455063,0.01294642686843872,-0.3265875577926636,-0.02339138835668564,0.014007270336151123,-0.4628714919090271,-0.04574795067310333,0.0046163201332092285,-0.544521152973175,-0.061216216534376144,-0.009708166122436523,-0.6130771636962891,-0.06974214315414429,0.05841684341430664,-0.2900281548500061,-0.03815797343850136,0.07770812511444092,-0.40119850635528564,-0.057814959436655045,0.08360111713409424,-0.47606396675109863,-0.0670003890991211,0.08042585849761963,-0.5462950468063354,-0.0718989297747612
0.0,0.0,0.0,-0.07909733057022095,-0.0395241379737854,-0.02466304413974285,-0.13717269897460938,-0.1356315016746521,-0.038359299302101135,-0.17053520679473877,-0.233784019947052,-0.052641820162534714,-0.18972575664520264,-0.323779821395874,-0.0656043142080307,-0.08602005243301392,-0.30777883529663086,-0.003672868711873889,-0.11903393268585205,-0.401877224445343,-0.02965613454580307,-0.14904987812042236,-0.44572022557258606,-0.05361202731728554,-0.17760097980499268,-0.4745301604270935,-0.0688706561923027,-0.03787970542907715,-0.3432720899581909,-0.009482941590249538,-0.05616205930709839,-0.4861559271812439,-0.02714119479060173,-0.07733076810836792,-0.5668573975563049,-0.04428974166512489,-0.10129714012145996,-0.6268093585968018,-0.05614788085222244,0.010748744010925293,-0.3370010256767273,-0.02181902900338173,0.011159420013427734,-0.47184303402900696,-0.04210905358195305,0.0011278390884399414,-0.5536454916000366,-0.05678483471274376,-0.013051271438598633,-0.623031735420227,-0.06555492430925369,0.05554342269897461,-0.29970669746398926,-0.03695913776755333,0.073336660861969,-0.40692228078842163,-0.055294156074523926,0.07943582534790039,-0.4813750386238098,-0.06404588371515274,0.07849717140197754,-0.5524423718452454,-0.06892606616020203
0.0,0.0,0.0,-0.07922053337097168,-0.04149132966995239,-0.025853896513581276,-0.13802504539489746,-0.1362924575805664,-0.0406685546040535,-0.17231738567352295,-0.233453631401062,-0.05575153976678848,-0.19281327724456787,-0.3235921263694763,-0.0695013776421547,-0.087554931640625,-0.31007176637649536,-0.006582892499864101,-0.1200329065322876,-0.4065101146697998,-0.03262730687856674,-0.14912813901901245,-0.451946496963501,-0.056234441697597504,-0.17757487297058105,-0.4827588200569153,-0.07138041406869888,-0.03884565830230713,-0.3458438515663147,-0.012204251252114773,-0.05659514665603638,-0.4898514747619629,-0.030833926051855087,-0.07729077339172363,-0.5707798004150391,-0.04847635701298714,-0.10106706619262695,-0.6314653158187866,-0.06065814569592476,0.010254919528961182,-0.3393922448158264,-0.024178747087717056,0.010213077068328857,-0.4738284647464752,-0.04499731585383415,0.0009484291076660156,-0.5563760995864868,-0.05983220785856247,-0.012471973896026611,-0.6272791624069214,-0.06877155601978302,0.055665016174316406,-0.30230963230133057,-0.038985464721918106,0.07221478223800659,-0.41081297397613525,-0.0571562834084034,0.07821774482727051,-0.48585784435272217,-0.06550993770360947,0.07729935646057129,-0.5575159192085266,-0.07019197195768356
0.0,0.0,0.0,-0.07825982570648193,-0.03980398178100586,-0.025687849149107933,-0.13562381267547607,-0.13490712642669678,-0.04035302251577377,-0.17022299766540527,-0.23144978284835815,-0.0554976612329483,-0.19171589612960815,-0.3211171627044678,-0.06927163898944855,-0.08596235513687134,-0.3088405132293701,-0.004799004178494215,-0.11814415454864502,-0.4030948281288147,-0.03112349472939968,-0.14780104160308838,-0.4471074938774109,-0.05517503246665001,-0.17600220441818237,-0.47641849517822266,-0.07051125913858414,-0.037289440631866455,-0.3448435068130493,-0.010533218272030354,-0.055389404296875,-0.4874947667121887,-0.02871978096663952,-0.07628661394119263,-0.5688897371292114,-0.0459599494934082,-0.10010641813278198,-0.6291683912277222,-0.05784431844949722,0.011758804321289062,-0.33819687366485596,-0.02289080247282982,0.012248218059539795,-0.4720636010169983,-0.04380360245704651,0.0024678707122802734,-0.5536969900131226,-0.05841679871082306,-0.01171344518661499,-0.6225552558898926,-0.06702518463134766,0.05667710304260254,-0.300748348236084,-0.03813587874174118,0.07458168268203735,-0.40805983543395996,-0.056822068989276886,0.0807725191116333,-0.4835364520549774,-0.06557952612638474,0.07975751161575317,-0.5552829504013062,-0.07042945176362991
0.0,0.0,0.0,-0.07739782333374023,-0.041030943393707275,-0.026743926107883453,-0.13596051931381226,-0.13741719722747803,-0.04246982932090759,-0.17120200395584106,-0.23365819454193115,-0.05874691903591156,-0.19117826223373413,-0.32338279485702515,-0.07375314086675644,-0.08847147226333618,-0.31325048208236694,-0.007861263118684292,-0.1210256814956665,-0.40774375200271606,-0.037381261587142944,-0.15036875009536743,-0.4527702331542969,-0.0637580081820488,-0.17861592769622803,-0.48351186513900757,-0.08017311245203018,-0.04028022289276123,-0.349476158618927,-0.013267972506582737,-0.05755656957626343,-0.4944974184036255,-0.03348279371857643,-0.07746905088424683,-0.5767688751220703,-0.05075549706816673,-0.10089975595474243,-0.639235258102417,-0.06194602698087692,0.009802281856536865,-0.3426016569137573,-0.02545657381415367,0.010382890701293945,-0.47652000188827515,-0.04734686762094498,0.0023653507232666016,-0.5595515966415405,-0.060881394892930984,-0.009754180908203125,-0.6316723227500916,-0.06801499426364899,0.05602860450744629,-0.3044127821922302,-0.040727704763412476,0.07226169109344482,-0.4132976531982422,-0.0587940476834774,0.07809358835220337,-0.48851141333580017,-0.06575248390436172,0.07775735855102539,-0.5599884986877441,-0.06888963282108307
0.0,0.0,0.0,-0.07790255546569824,-0.040887296199798584,-0.025295069441199303,-0.13639062643051147,-0.13861453533172607,-0.04014057666063309,-0.17075806856155396,-0.2372414469718933,-0.05587419494986534,-0.19097131490707397,-0.3282560110092163,-0.07055643200874329,-0.08929026126861572,-0.3128034472465515,-0.0049619548954069614,-0.12169063091278076,-0.40438127517700195,-0.03332678601145744,-0.1504446268081665,-0.44849902391433716,-0.05931062623858452,-0.17817598581314087,-0.4801371693611145,-0.07591623067855835,-0.04048442840576172,-0.3490641117095947,-0.0113056106492877,-0.05722922086715698,-0.49351751804351807,-0.03063562698662281,-0.07667791843414307,-0.5762903690338135,-0.04817955195903778,-0.09963887929916382,-0.6407309770584106,-0.06019130349159241,0.009755492210388184,-0.34225374460220337,-0.024472862482070923,0.011043667793273926,-0.4770631194114685,-0.04632892459630966,0.002667248249053955,-0.5612257122993469,-0.061147160828113556,-0.010487616062164307,-0.6348984837532043,-0.06972341239452362,0.056240081787109375,-0.3040287494659424,-0.040553007274866104,0.07338613271713257,-0.4131544828414917,-0.05891674757003784,0.07950609922409058,-0.48848602175712585,-0.06697604060173035,0.07905751466751099,-0.560501217842102,-0.0714830681681633
0.0,0.0,0.0,-0.07247805595397949,-0.036891937255859375,-0.024143794551491737,-0.12875646352767944,-0.132257878780365,-0.040056414902210236,-0.1624101996421814,-0.23034656047821045,-0.05749507620930672,-0.17816513776779175,-0.3214516043663025,-0.07387770712375641,-0.08495515584945679,-0.30004698038101196,-0.006105821114033461,-0.12016242742538452,-0.38034820556640625,-0.039464037865400314,-0.1492118239402771,-0.41050636768341064,-0.06813293695449829,-0.17449533939361572,-0.4208322763442993,-0.08461499959230423,-0.03925299644470215,-0.3370922803878784,-0.013122612610459328,-0.05633401870727539,-0.4831088185310364,-0.035541851073503494,-0.0770370364189148,-0.5648822784423828,-0.053453896194696426,-0.10122430324554443,-0.6283391714096069,-0.06417812407016754,0.010453104972839355,-0.3318057060241699,-0.026983747258782387,0.013724684715270996,-0.47023439407348633,-0.0507766492664814,0.005487263202667236,-0.5527365207672119,-0.06458257138729095,-0.008757233619689941,-0.6235582828521729,-0.07107902318239212,0.05664759874343872,-0.29175567626953125,-0.04358043521642685,0.07718652486801147,-0.40259212255477905,-0.061867307871580124,0.08420795202255249,-0.47709131240844727,-0.06820522248744965,0.0828862190246582,-0.5479733347892761,-0.07062715291976929
0.0,0.0,0.0,-0.0706833004951477,-0.03820323944091797,-0.02302093431353569,-0.12418818473815918,-0.13367748260498047,-0.03917631506919861,-0.15671229362487793,-0.2286677360534668,-0.057330936193466187,-0.17131364345550537,-0.31864702701568604,-0.07469645887613297,-0.08127784729003906,-0.2969382405281067,-0.005635917652398348,-0.11881303787231445,-0.3718716502189636,-0.04384801536798477,-0.14697301387786865,-0.39339303970336914,-0.07667580991983414,-0.16930484771728516,-0.3927633762359619,-0.09503746032714844,-0.03715693950653076,-0.3331151008605957,-0.013442464172840118,-0.05489295721054077,-0.4776613116264343,-0.03980370983481407,-0.07677268981933594,-0.5582979321479797,-0.060759466141462326,-0.10166478157043457,-0.6197372674942017,-0.07301067560911179,0.011420786380767822,-0.32746291160583496,-0.028248045593500137,0.014867186546325684,-0.4659784436225891,-0.05400167405605316,0.005971670150756836,-0.5485039949417114,-0.06925957649946213,-0.008648872375488281,-0.618316113948822,-0.07638983428478241,0.05626106262207031,-0.28719717264175415,-0.0457289032638073,0.07757306098937988,-0.3973918557167053,-0.0639445036649704,0.08393579721450806,-0.47209402918815613,-0.07037507742643356,0.08239138126373291,-0.5429375171661377,-0.07291752845048904
0.0,0.0,0.0,-0.06895190477371216,-0.03773200511932373,-0.022781603038311005,-0.12345230579376221,-0.13359224796295166,-0.03870196267962456,-0.1551557183265686,-0.22796368598937988,-0.05662992224097252,-0.16896295547485352,-0.3175020217895508,-0.0737595334649086,-0.07925701141357422,-0.2960776686668396,-0.006334110163152218,-0.11691588163375854,-0.3694800138473511,-0.04258869215846062,-0.14594602584838867,-0.3905819058418274,-0.07365287840366364,-0.16904592514038086,-0.391104519367218,-0.0910881757736206,-0.03549528121948242,-0.3305084705352783,-0.014066091738641262,-0.053625285625457764,-0.4753609895706177,-0.03965795040130615,-0.07666879892349243,-0.5569056868553162,-0.0601266585290432,-0.10208815336227417,-0.6180055141448975,-0.0720529705286026,0.012004256248474121,-0.32424259185791016,-0.02844906412065029,0.015518784523010254,-0.46128374338150024,-0.05390128120779991,0.005851089954376221,-0.5459039807319641,-0.06915883719921112,-0.008845388889312744,-0.6164215207099915,-0.07613399624824524,0.05592221021652222,-0.2852689027786255,-0.045357052236795425,0.07599157094955444,-0.3968623876571655,-0.06315296143293381,0.08151602745056152,-0.47306251525878906,-0.06935112178325653,0.07907730340957642,-0.5442405939102173,-0.07170159369707108
0.0,0.0,0.0,-0.0683014988899231,-0.038068175315856934,-0.023124128580093384,-0.12201595306396484,-0.1334388256072998,-0.03929126635193825,-0.15342950820922852,-0.22763454914093018,-0.05742258578538895,-0.16915470361709595,-0.31679409742355347,-0.07483582943677902,-0.07837623357772827,-0.29473716020584106,-0.006645431742072105,-0.11554205417633057,-0.3665006756782532,-0.0424354262650013,-0.1447162628173828,-0.38889551162719727,-0.07301481813192368,-0.1682121753692627,-0.39136677980422974,-0.090296670794487,-0.03419417142868042,-0.3295523524284363,-0.014576145447790623,-0.052417755126953125,-0.4735117554664612,-0.040348391979932785,-0.0754440426826477,-0.5556721091270447,-0.061078645288944244,-0.10069936513900757,-0.617767333984375,-0.07330386340618134,0.013618409633636475,-0.32329821586608887,-0.029128484427928925,0.017204701900482178,-0.46005213260650635,-0.055232517421245575,0.0070767998695373535,-0.5451080799102783,-0.07094521075487137,-0.008217573165893555,-0.6157357692718506,-0.07826491445302963,0.057608842849731445,-0.28417259454727173,-0.04615674167871475,0.07737398147583008,-0.3954457640647888,-0.064667247235775,0.08265888690948486,-0.47266143560409546,-0.07133480906486511,0.07978767156600952,-0.5443101525306702,-0.07407020777463913
0.0,0.0,0.0,-0.06786584854125977,-0.03585702180862427,-0.02273225225508213,-0.1211857795715332,-0.130854070186615,-0.03799103945493698,-0.15117275714874268,-0.2245640754699707,-0.05495866388082504,-0.165563702583313,-0.3126797080039978,-0.07116738706827164,-0.07859224081039429,-0.2903290390968323,-0.007533530704677105,-0.11456763744354248,-0.36438989639282227,-0.041918911039829254,-0.14344042539596558,-0.38496851921081543,-0.07130971550941467,-0.166620135307312,-0.3849772810935974,-0.08806205540895462,-0.034283339977264404,-0.3250586986541748,-0.015034681186079979,-0.052680253982543945,-0.4691866338253021,-0.040241025388240814,-0.07576429843902588,-0.5522768497467041,-0.06095237657427788,-0.10085892677307129,-0.615829586982727,-0.0734494999051094,0.013396501541137695,-0.31876152753829956,-0.028798088431358337,0.017888307571411133,-0.45560699701309204,-0.054650429636240005,0.007996797561645508,-0.5392971634864807,-0.07064129412174225,-0.007151603698730469,-0.6089855432510376,-0.07824567705392838,0.05762296915054321,-0.27999526262283325,-0.04481731355190277,0.07718265056610107,-0.39203524589538574,-0.06313864886760712,0.08234775066375732,-0.46874237060546875,-0.06979788839817047,0.07914745807647705,-0.5403714776039124,-0.07263478636741638
0.0,0.0,0.0,-0.07000410556793213,-0.04532235860824585,-0.021708538755774498,-0.12376224994659424,-0.14860409498214722,-0.03617345914244652,-0.15383481979370117,-0.2466399073600769,-0.05338560789823532,-0.16900771856307983,-0.3352705240249634,-0.06963352859020233,-0.0802382230758667,-0.30932319164276123,-0.002590182702988386,-0.11802494525909424,-0.38829368352890015,-0.04120906442403793,-0.14702701568603516,-0.40796780586242676,-0.0736178457736969,-0.1696121096611023,-0.4056265354156494,-0.09087172895669937,-0.035790979862213135,-0.34607672691345215,-0.010623050853610039,-0.0519566535949707,-0.4897213578224182,-0.03586748242378235,-0.07324600219726562,-0.5765076875686646,-0.05445427447557449,-0.0973130464553833,-0.6449811458587646,-0.06478461623191833,0.012432634830474854,-0.3410426378250122,-0.026081660762429237,0.014792323112487793,-0.4758133292198181,-0.051007434725761414,0.005841434001922607,-0.5630574822425842,-0.06392932683229446,-0.007981538772583008,-0.6357588768005371,-0.06868232786655426,0.056945860385894775,-0.30416619777679443,-0.04446439445018768,0.07525283098220825,-0.4162366986274719,-0.061352748423814774,0.08048450946807861,-0.49394524097442627,-0.06615594774484634,0.07865762710571289,-0.5652124881744385,-0.06696000695228577
0.0,0.0,0.0,-0.06798243522644043,-0.03848642110824585,-0.02212599851191044,-0.12194550037384033,-0.13443440198898315,-0.03728426247835159,-0.15342587232589722,-0.22916418313980103,-0.05446704849600792,-0.16759878396987915,-0.3181801438331604,-0.07085839658975601,-0.07873779535293579,-0.2959498167037964,-0.005637881811708212,-0.11606109142303467,-0.36849480867385864,-0.04101955518126488,-0.1446952223777771,-0.3902069330215454,-0.07117047160863876,-0.1675928235054016,-0.3915172219276428,-0.08811626583337784,-0.034919679164886475,-0.33127349615097046,-0.013578572310507298,-0.05345636606216431,-0.4749985337257385,-0.03884980082511902,-0.0761178731918335,-0.5579662322998047,-0.059116166085004807,-0.10044926404953003,-0.6214824914932251,-0.07099325954914093,0.012976288795471191,-0.3251070976257324,-0.028054721653461456,0.015842556953430176,-0.46191951632499695,-0.0538388267159462,0.005689799785614014,-0.5459465384483337,-0.06913507729768753,-0.00886237621307373,-0.6160860657691956,-0.07600710541009903,0.057423532009124756,-0.28587859869003296,-0.04491564631462097,0.07645875215530396,-0.39687711000442505,-0.06301732361316681,0.08189260959625244,-0.47347432374954224,-0.06929648667573929,0.0798637866973877,-0.545129120349884,-0.07164013385772705
0.0,0.0,0.0,-0.06772047281265259,-0.036103129386901855,-0.022123320028185844,-0.12166023254394531,-0.12949293851852417,-0.03694647550582886,-0.15300577878952026,-0.22340989112854004,-0.05359926447272301,-0.16624611616134644,-0.31294548511505127,-0.06934788823127747,-0.07773995399475098,-0.2882601022720337,-0.004644401837140322,-0.11399692296981812,-0.35935133695602417,-0.040000349283218384,-0.14276760816574097,-0.38180434703826904,-0.07063940912485123,-0.1657705307006836,-0.3840738534927368,-0.08780594915151596,-0.034728944301605225,-0.3237994909286499,-0.01221090741455555,-0.05276143550872803,-0.4665524363517761,-0.03719691187143326,-0.07552486658096313,-0.5501583814620972,-0.057667866349220276,-0.09995472431182861,-0.6144025921821594,-0.0696319192647934,0.012598991394042969,-0.3184155225753784,-0.026333458721637726,0.016253769397735596,-0.4544304311275482,-0.05210668221116066,0.006254971027374268,-0.5386967658996582,-0.06742583215236664,-0.008337199687957764,-0.6095067262649536,-0.07407058775424957,0.056816697120666504,-0.2809041738510132,-0.04277966916561127,0.07642996311187744,-0.3916868567466736,-0.06067413464188576,0.08152693510055542,-0.46783941984176636,-0.06651442497968674,0.07848912477493286,-0.5389920473098755,-0.06836384534835815
0.0,0.0,0.0,-0.06835198402404785,-0.036086201667785645,-0.022228185087442398,-0.12150830030441284,-0.12928849458694458,-0.037665192037820816,-0.15258634090423584,-0.2223217487335205,-0.05510888248682022,-0.16712701320648193,-0.3123360872268677,-0.07180795073509216,-0.07749384641647339,-0.2877006530761719,-0.004887750372290611,-0.11303091049194336,-0.35986679792404175,-0.04000764340162277,-0.14233487844467163,-0.3816189169883728,-0.07056010514497757,-0.1658264398574829,-0.3834734559059143,-0.08784739673137665,-0.03391575813293457,-0.3225024342536926,-0.012937705032527447,-0.052871108055114746,-0.465907484292984,-0.037920769304037094,-0.07635682821273804,-0.5502974987030029,-0.05883936211466789,-0.10102641582489014,-0.6161668300628662,-0.0714164525270462,0.013687431812286377,-0.31617552042007446,-0.027506906539201736,0.017322838306427002,-0.45282211899757385,-0.05347117409110069,0.007010340690612793,-0.536805272102356,-0.0690830871462822,-0.007795512676239014,-0.6076146364212036,-0.07618696242570877,0.05793964862823486,-0.2779957056045532,-0.04435187205672264,0.07665055990219116,-0.38964200019836426,-0.06225312128663063,0.08141428232192993,-0.466022253036499,-0.0679980218410492,0.07805699110031128,-0.5375710725784302,-0.07006821781396866
0.0,0.0,0.0,-0.07691657543182373,-0.04380232095718384,-0.024839717894792557,-0.13571864366531372,-0.14042037725448608,-0.040544163435697556,-0.17171478271484375,-0.23752766847610474,-0.057813432067632675,-0.19129222631454468,-0.32802534103393555,-0.07366907596588135,-0.0881395936012268,-0.31241488456726074,-0.003996412269771099,-0.12512874603271484,-0.399328351020813,-0.036755453795194626,-0.15511715412139893,-0.43262943625450134,-0.0648951604962349,-0.18075251579284668,-0.446087121963501,-0.08091571182012558,-0.04139620065689087,-0.3504633903503418,-0.010639820247888565,-0.05863577127456665,-0.4957348108291626,-0.033692631870508194,-0.07952988147735596,-0.5770130753517151,-0.052070118486881256,-0.10292255878448486,-0.6377936601638794,-0.06273354589939117,0.00821685791015625,-0.34587758779525757,-0.024394681677222252,0.009484648704528809,-0.4803902804851532,-0.0481593981385231,0.00022965669631958008,-0.5633043050765991,-0.062025364488363266,-0.012926578521728516,-0.6332550048828125,-0.06811032444238663,0.05432021617889404,-0.30755770206451416,-0.041080888360738754,0.07075875997543335,-0.41819876432418823,-0.05840768292546272,0.07589811086654663,-0.49452584981918335,-0.06435279548168182,0.07459497451782227,-0.5644650459289551,-0.0662296712398529
0.0,0.0,0.0,-0.08051878213882446,-0.047998905181884766,-0.024803757667541504,-0.14368104934692383,-0.14589864015579224,-0.039055000990629196,-0.18064278364181519,-0.2417222261428833,-0.05452590063214302,-0.20561754703521729,-0.32948607206344604,-0.06853155046701431,-0.09289717674255371,-0.32501399517059326,-0.0017471774481236935,-0.1252608299255371,-0.41997283697128296,-0.027655823156237602,-0.15516817569732666,-0.4604620635509491,-0.05192110314965248,-0.1851850152015686,-0.4888981580734253,-0.06732463091611862,-0.04401719570159912,-0.36137664318084717,-0.008200321346521378,-0.06056743860244751,-0.4999065399169922,-0.026100492104887962,-0.08102631568908691,-0.5830143690109253,-0.04347137361764908,-0.10530680418014526,-0.646876335144043,-0.05568994581699371,0.004772841930389404,-0.35578685998916626,-0.021651864051818848,0.0051947832107543945,-0.4886026680469513,-0.042290594428777695,-0.0044512152671813965,-0.5714078545570374,-0.05741169676184654,-0.01865565776824951,-0.6408994197845459,-0.06640909612178802,0.05004298686981201,-0.31998974084854126,-0.03809651359915733,0.06612277030944824,-0.42895394563674927,-0.055457085371017456,0.07202279567718506,-0.5044909715652466,-0.063857302069664,0.07146310806274414,-0.5732382535934448,-0.06870078295469284
0.0,0.0,0.0,-0.08131927251815796,-0.049640953540802,-0.02603142149746418,-0.14680927991867065,-0.14551621675491333,-0.04071620851755142,-0.18514180183410645,-0.24019718170166016,-0.05624810978770256,-0.21111565828323364,-0.32748717069625854,-0.07032592594623566,-0.09519195556640625,-0.3286791443824768,-0.002771528670564294,-0.12818479537963867,-0.42624562978744507,-0.02791210077702999,-0.15738463401794434,-0.47111326456069946,-0.051968853920698166,-0.1866360902786255,-0.5060018301010132,-0.06777863949537277,-0.04576784372329712,-0.3651009798049927,-0.008673922158777714,-0.06387656927108765,-0.5063170194625854,-0.02693990059196949,-0.08456259965896606,-0.5907557606697083,-0.044742945581674576,-0.10862058401107788,-0.6544160842895508,-0.05747884884476662,0.0032100677490234375,-0.35891884565353394,-0.021554699167609215,0.003344595432281494,-0.4927491843700409,-0.0426449216902256,-0.00666886568069458,-0.5758677124977112,-0.0579264834523201,-0.021121859550476074,-0.6447628736495972,-0.06719941645860672,0.04859036207199097,-0.322701632976532,-0.03752783685922623,0.06418901681900024,-0.43178266286849976,-0.05527665466070175,0.06927120685577393,-0.5085607171058655,-0.06398665904998779,0.06826978921890259,-0.5785074830055237,-0.06921745091676712
0.0,0.0,0.0,-0.08066296577453613,-0.048276662826538086,-0.026146622374653816,-0.14578640460968018,-0.1426476240158081,-0.040984418243169785,-0.18507170677185059,-0.23601418733596802,-0.05653155967593193,-0.21192270517349243,-0.3217464089393616,-0.07081843167543411,-0.09462863206863403,-0.32478493452072144,-0.004463664256036282,-0.12786483764648438,-0.42112696170806885,-0.029560236260294914,-0.1569688320159912,-0.46686482429504395,-0.053588803857564926,-0.18595874309539795,-0.5037482380867004,-0.06965724378824234,-0.04533696174621582,-0.3620643615722656,-0.010214746929705143,-0.063895583152771,-0.5023278594017029,-0.029142210260033607,-0.08448809385299683,-0.5870269536972046,-0.047757361084222794,-0.10801178216934204,-0.6524285078048706,-0.06124309450387955,0.0035968422889709473,-0.3567555546760559,-0.022660154849290848,0.0031189322471618652,-0.4892204999923706,-0.044310301542282104,-0.006653785705566406,-0.5718843936920166,-0.0605342872440815,-0.02065378427505493,-0.641692042350769,-0.07056520134210587,0.048850834369659424,-0.3212852478027344,-0.0380769781768322,0.06477725505828857,-0.42999267578125,-0.055956222116947174,0.0701761245727539,-0.5061719417572021,-0.0650324895977974,0.06938856840133667,-0.5762359499931335,-0.07070067524909973
0.0,0.0,0.0,-0.08113598823547363,-0.04828453063964844,-0.02533290535211563,-0.1440032720565796,-0.14240264892578125,-0.04038703441619873,-0.18221157789230347,-0.23653441667556763,-0.05648169293999672,-0.20912671089172363,-0.3235078454017639,-0.07129409164190292,-0.0934058427810669,-0.3255605697631836,-0.0037731968332082033,-0.12708580493927002,-0.4241636395454407,-0.029811004176735878,-0.15795719623565674,-0.4689056873321533,-0.05412634462118149,-0.18893402814865112,-0.5032734870910645,-0.06989900767803192,-0.04288053512573242,-0.36253708600997925,-0.010041170753538609,-0.061132073402404785,-0.5021222233772278,-0.028218915686011314,-0.08245772123336792,-0.5862000584602356,-0.04584924504160881,-0.10773372650146484,-0.6514341831207275,-0.05847855657339096,0.006921350955963135,-0.3561728596687317,-0.023102963343262672,0.007515251636505127,-0.48976844549179077,-0.04418320581316948,-0.002521991729736328,-0.5714142322540283,-0.058994218707084656,-0.018183887004852295,-0.6398935317993164,-0.06786040216684341,0.05251365900039673,-0.31905484199523926,-0.03912610933184624,0.0683218240737915,-0.42680948972702026,-0.05726297199726105,0.07325458526611328,-0.5026212334632874,-0.06577152013778687,0.07117056846618652,-0.5717382431030273,-0.07057163864374161
0.0,0.0,0.0,-0.0803680419921875,-0.04481595754623413,-0.023946715518832207,-0.1413840651512146,-0.1385447382926941,-0.03817221522331238,-0.17957639694213867,-0.23232191801071167,-0.05369431897997856,-0.20515906810760498,-0.3189665675163269,-0.06812823563814163,-0.09175562858581543,-0.31698358058929443,-0.0016439564060419798,-0.1270950436592102,-0.40754419565200806,-0.027960948646068573,-0.1584433913230896,-0.4499281048774719,-0.05309221148490906,-0.18883901834487915,-0.48208120465278625,-0.06947587430477142,-0.04201442003250122,-0.35605573654174805,-0.00861890334635973,-0.060633718967437744,-0.4965575337409973,-0.027367211878299713,-0.08213376998901367,-0.5790025591850281,-0.04589918255805969,-0.10700458288192749,-0.6427973508834839,-0.05875227600336075,0.00777202844619751,-0.35147690773010254,-0.022213969379663467,0.008928000926971436,-0.48543137311935425,-0.043405380100011826,-0.0005756020545959473,-0.5659604072570801,-0.05849160626530647,-0.015577614307403564,-0.6349040269851685,-0.06727831065654755,0.05338084697723389,-0.31393492221832275,-0.03862873092293739,0.07020890712738037,-0.42102402448654175,-0.056082140654325485,0.07551276683807373,-0.49625641107559204,-0.06381595879793167,0.07353264093399048,-0.5664089918136597,-0.06804138422012329
0.0,0.0,0.0,-0.07488375902175903,-0.04345715045928955,-0.026855256408452988,-0.13384127616882324,-0.13844633102416992,-0.04291311651468277,-0.16802221536636353,-0.23459023237228394,-0.059846971184015274,-0.18658387660980225,-0.3239169120788574,-0.07544717937707901,-0.08986145257949829,-0.3054546117782593,-0.008571029640734196,-0.1274944543838501,-0.38444238901138306,-0.04189642518758774,-0.15662997961044312,-0.4142299294471741,-0.07001065462827682,-0.18147605657577515,-0.4269527196884155,-0.08617784827947617,-0.042069196701049805,-0.3447332978248596,-0.014512360095977783,-0.058239877223968506,-0.4901428818702698,-0.03928937762975693,-0.07860183715820312,-0.5742099285125732,-0.058794520795345306,-0.10197383165359497,-0.639349102973938,-0.07056780904531479,0.008200407028198242,-0.3410850763320923,-0.027432214468717575,0.011314988136291504,-0.474780410528183,-0.05336567759513855,0.0035897493362426758,-0.5586035251617432,-0.06917198747396469,-0.009377837181091309,-0.6291203498840332,-0.07651598006486893,0.05508345365524292,-0.30350959300994873,-0.04318752884864807,0.07242393493652344,-0.41558200120925903,-0.06178763881325722,0.07779717445373535,-0.4924527406692505,-0.06871374696493149,0.07540231943130493,-0.5628246665000916,-0.07161599397659302
0.0,0.0,0.0,-0.07217395305633545,-0.040382444858551025,-0.022278951480984688,-0.1259438395500183,-0.13449007272720337,-0.03697973117232323,-0.1577630639076233,-0.22758996486663818,-0.053604405373334885,-0.17215168476104736,-0.31542134284973145,-0.0691499337553978,-0.08165031671524048,-0.29611873626708984,-0.004967214073985815,-0.1206740140914917,-0.3697435259819031,-0.03997328504920006,-0.1493396759033203,-0.3890156149864197,-0.06944601237773895,-0.17205184698104858,-0.38489919900894165,-0.08550485223531723,-0.03602933883666992,-0.33199530839920044,-0.012392810545861721,-0.05352926254272461,-0.4751150608062744,-0.037182439118623734,-0.07461386919021606,-0.5562065243721008,-0.056654296815395355,-0.09938502311706543,-0.6162418127059937,-0.06757138669490814,0.012699484825134277,-0.3274990916252136,-0.02645926922559738,0.015871644020080566,-0.4635314345359802,-0.05089862272143364,0.006861388683319092,-0.545750081539154,-0.06480816006660461,-0.007891535758972168,-0.6131237745285034,-0.07058846950531006,0.057557642459869385,-0.2890612483024597,-0.0430772565305233,0.07632672786712646,-0.3999713659286499,-0.06044020876288414,0.08125019073486328,-0.47586169838905334,-0.06577939540147781,0.07844507694244385,-0.5461857318878174,-0.06698612123727798
0.0,0.0,0.0,-0.07095295190811157,-0.03797346353530884,-0.02225356176495552,-0.12458950281143188,-0.13117212057113647,-0.03680187836289406,-0.15675318241119385,-0.22586709260940552,-0.0531838983297348,-0.17094802856445312,-0.3142617344856262,-0.06856966018676758,-0.08138608932495117,-0.2915967106819153,-0.0046445284970104694,-0.11975765228271484,-0.3664371371269226,-0.03956636041402817,-0.14754390716552734,-0.38702619075775146,-0.0690651535987854,-0.1694406270980835,-0.38333696126937866,-0.08521632850170135,-0.03627169132232666,-0.32809537649154663,-0.011973745189607143,-0.05366235971450806,-0.47225743532180786,-0.03732971474528313,-0.07526993751525879,-0.5537514090538025,-0.05729435384273529,-0.10032236576080322,-0.6139621138572693,-0.06847695261240005,0.012207388877868652,-0.32420265674591064,-0.02594604343175888,0.016136348247528076,-0.460590124130249,-0.05089795961976051,0.0067937374114990234,-0.5425270795822144,-0.06552186608314514,-0.008213639259338379,-0.6100231409072876,-0.07171149551868439,0.05679112672805786,-0.28641873598098755,-0.04239438474178314,0.07581067085266113,-0.39711272716522217,-0.05986529588699341,0.08073896169662476,-0.47253382205963135,-0.06566054373979568,0.07786673307418823,-0.5426758527755737,-0.06733030825853348
0.0,0.0,0.0,-0.07118481397628784,-0.03856372833251953,-0.021797945722937584,-0.12483370304107666,-0.132940411567688,-0.03601545840501785,-0.15630662441253662,-0.2268986701965332,-0.05213097855448723,-0.1698879599571228,-0.3146446943283081,-0.06718985736370087,-0.08194321393966675,-0.2931351065635681,-0.004113415721803904,-0.12023907899856567,-0.3673397898674011,-0.03776196017861366,-0.14791733026504517,-0.38820189237594604,-0.06626278907060623,-0.16993463039398193,-0.38603270053863525,-0.08180534839630127,-0.03670579195022583,-0.32836127281188965,-0.011312688700854778,-0.05411231517791748,-0.4726260304450989,-0.03483721613883972,-0.07574975490570068,-0.5538263320922852,-0.05329930782318115,-0.10096108913421631,-0.6141619682312012,-0.0635346919298172,0.01153862476348877,-0.32375746965408325,-0.02506750449538231,0.015607237815856934,-0.4605939984321594,-0.048733022063970566,0.006371617317199707,-0.5445008873939514,-0.06229724735021591,-0.008153796195983887,-0.6132721900939941,-0.06779230386018753,0.0561213493347168,-0.28612953424453735,-0.04128313437104225,0.07390505075454712,-0.3984748125076294,-0.05807271599769592,0.07839268445968628,-0.4745279550552368,-0.06308458745479584,0.07541388273239136,-0.5447055101394653,-0.06409140676259995
0.0,0.0,0.0,-0.07109397649765015,-0.03654444217681885,-0.023244354873895645,-0.12531888484954834,-0.13032621145248413,-0.03832253813743591,-0.1581968069076538,-0.22433507442474365,-0.055169861763715744,-0.1712334156036377,-0.3131040334701538,-0.07088587433099747,-0.08355569839477539,-0.29250627756118774,-0.005134427919983864,-0.1219903826713562,-0.3673940896987915,-0.039895638823509216,-0.14936232566833496,-0.3877032399177551,-0.06896449625492096,-0.17045754194259644,-0.38280612230300903,-0.08469535410404205,-0.03805667161941528,-0.32853221893310547,-0.011902769096195698,-0.055161118507385254,-0.4713917672634125,-0.036195866763591766,-0.07712739706039429,-0.5518534183502197,-0.054789915680885315,-0.10274165868759155,-0.6097744703292847,-0.0649154931306839,0.010660409927368164,-0.3240656852722168,-0.025538256391882896,0.014221429824829102,-0.4601285457611084,-0.04970341920852661,0.004535675048828125,-0.5433093309402466,-0.06332031637430191,-0.010689496994018555,-0.6109780073165894,-0.06883750855922699,0.055212974548339844,-0.2863430976867676,-0.04182719811797142,0.07331991195678711,-0.3968770503997803,-0.059430208057165146,0.07781535387039185,-0.47247910499572754,-0.0651339441537857,0.07453250885009766,-0.5420923829078674,-0.06656612455844879
0.0,0.0,0.0,-0.07154619693756104,-0.033599019050598145,-0.023042643442749977,-0.12582319974899292,-0.12892216444015503,-0.03761252388358116,-0.15822136402130127,-0.22324788570404053,-0.05376346781849861,-0.17263591289520264,-0.3113979697227478,-0.0690118595957756,-0.08454686403274536,-0.28942036628723145,-0.005274944938719273,-0.12154054641723633,-0.3628042936325073,-0.03853396698832512,-0.1484060287475586,-0.38426023721694946,-0.06688128411769867,-0.1700044870376587,-0.3822064995765686,-0.08272256702184677,-0.03919541835784912,-0.3256964087486267,-0.012481531128287315,-0.05659019947052002,-0.47029054164886475,-0.036926038563251495,-0.07901620864868164,-0.5512334108352661,-0.05682596564292908,-0.10476601123809814,-0.6096022129058838,-0.06818046420812607,0.009285449981689453,-0.3213847279548645,-0.026240063831210136,0.013271808624267578,-0.45922917127609253,-0.05115010589361191,0.003287196159362793,-0.5427467823028564,-0.06676138192415237,-0.012345194816589355,-0.6106337308883667,-0.07391873747110367,0.05405300855636597,-0.2835083603858948,-0.04238773137331009,0.07250499725341797,-0.39630138874053955,-0.06056778132915497,0.07713502645492554,-0.4719662070274353,-0.06722498685121536,0.07317197322845459,-0.5413533449172974,-0.06978751718997955
0.0,0.0,0.0,-0.07094967365264893,-0.03241318464279175,-0.024124693125486374,-0.1260583996772766,-0.12588703632354736,-0.03968324512243271,-0.15903371572494507,-0.2190113067626953,-0.05671744793653488,-0.17223340272903442,-0.30833369493484497,-0.07283119857311249,-0.08427989482879639,-0.2879258990287781,-0.006762657780200243,-0.12133896350860596,-0.35955411195755005,-0.041348788887262344,-0.1482294797897339,-0.3815596103668213,-0.07069286704063416,-0.16973817348480225,-0.3810330033302307,-0.08709786087274551,-0.03921550512313843,-0.3248524069786072,-0.013734854757785797,-0.056701719760894775,-0.4684419333934784,-0.03913098946213722,-0.07911235094070435,-0.549392580986023,-0.059506673365831375,-0.10442191362380981,-0.6084250211715698,-0.07111316174268723,0.009837865829467773,-0.3206629753112793,-0.027386803179979324,0.013236522674560547,-0.45757126808166504,-0.05324031785130501,0.0034325122833251953,-0.5403764843940735,-0.06919542700052261,-0.011886298656463623,-0.6083021759986877,-0.07640037685632706,0.05526387691497803,-0.2825673818588257,-0.043511588126420975,0.07343840599060059,-0.39457112550735474,-0.06225666031241417,0.0781775712966919,-0.46982330083847046,-0.0690770298242569,0.07448345422744751,-0.5391428470611572,-0.07164206355810165
0.0,0.0,0.0,-0.07218188047409058,-0.03362250328063965,-0.023213008418679237,-0.12689387798309326,-0.1284838318824768,-0.03861846402287483,-0.16032534837722778,-0.22303152084350586,-0.05578995868563652,-0.1751689910888672,-0.31273216009140015,-0.07210127264261246,-0.08548575639724731,-0.29117923974990845,-0.005469942931085825,-0.12256139516830444,-0.3649788498878479,-0.04084645211696625,-0.1499980092048645,-0.3860514163970947,-0.07060312479734421,-0.17171812057495117,-0.3834598660469055,-0.08703754097223282,-0.04080110788345337,-0.32809263467788696,-0.012698371894657612,-0.05849301815032959,-0.47167879343032837,-0.038285065442323685,-0.08099716901779175,-0.5519789457321167,-0.05812729150056839,-0.10619848966598511,-0.611530065536499,-0.06921254098415375,0.008277475833892822,-0.3239485025405884,-0.026735730469226837,0.011478900909423828,-0.46216291189193726,-0.05251992866396904,0.0020151138305664062,-0.5445257425308228,-0.067659892141819,-0.012632310390472412,-0.6126099824905396,-0.07425624132156372,0.05390644073486328,-0.2856712341308594,-0.04325883090496063,0.0724635124206543,-0.39724546670913696,-0.06184608116745949,0.07739019393920898,-0.4720447063446045,-0.0683012455701828,0.07457888126373291,-0.5417224168777466,-0.07052995264530182
0.0,0.0,0.0,-0.0738905668258667,-0.03132498264312744,-0.022772373631596565,-0.1294381022453308,-0.12484931945800781,-0.03741655498743057,-0.16171163320541382,-0.2181376814842224,-0.053617365658283234,-0.1782403588294983,-0.3076450228691101,-0.06899916380643845,-0.08548307418823242,-0.2870060205459595,-0.005192525684833527,-0.12011885643005371,-0.36079198122024536,-0.03790813311934471,-0.14797836542129517,-0.38151103258132935,-0.06635472178459167,-0.17158442735671997,-0.3819516897201538,-0.08243422955274582,-0.04079562425613403,-0.32290422916412354,-0.012620534747838974,-0.058616578578948975,-0.4660898745059967,-0.03618147596716881,-0.08104854822158813,-0.5489456653594971,-0.05603236332535744,-0.10588288307189941,-0.6130099892616272,-0.06786118447780609,0.007906138896942139,-0.31750422716140747,-0.026581106707453728,0.011846661567687988,-0.4558814764022827,-0.05175718292593956,0.002857804298400879,-0.5388322472572327,-0.06806077808141708,-0.011694550514221191,-0.608581006526947,-0.07582418620586395,0.05383533239364624,-0.2786082625389099,-0.04277665168046951,0.07370603084564209,-0.39180994033813477,-0.06136777624487877,0.07890897989273071,-0.46625420451164246,-0.06819792836904526,0.07495099306106567,-0.5359217524528503,-0.07101749628782272
0.0,0.0,0.0,-0.08270871639251709,-0.04380977153778076,-0.022894442081451416,-0.14252561330795288,-0.13666832447052002,-0.03855134919285774,-0.18022865056991577,-0.2285047173500061,-0.056447047740221024,-0.20196479558944702,-0.31870561838150024,-0.07300756871700287,-0.08983641862869263,-0.3138406276702881,-0.0025075124576687813,-0.12383008003234863,-0.40535372495651245,-0.03693348169326782,-0.15561127662658691,-0.4312025308609009,-0.06649269163608551,-0.1843375563621521,-0.434540331363678,-0.08270341157913208,-0.0420648455619812,-0.3511768579483032,-0.010045148432254791,-0.05917370319366455,-0.49139171838760376,-0.03335181623697281,-0.08129304647445679,-0.5749437808990479,-0.052177008241415024,-0.10659658908843994,-0.6386787295341492,-0.06346245110034943,0.007150590419769287,-0.3461951017379761,-0.024903835728764534,0.007987439632415771,-0.4835231900215149,-0.0482046902179718,-0.002401888370513916,-0.567664623260498,-0.06185711547732353,-0.017369389533996582,-0.6392912864685059,-0.06825851649045944,0.052074432373046875,-0.3072059154510498,-0.042647834867239,0.06762194633483887,-0.41635459661483765,-0.06026583909988403,0.07150715589523315,-0.4937378466129303,-0.06662992388010025,0.07000386714935303,-0.5648237466812134,-0.06875388324260712
0.0,0.0,0.0,-0.08440834283828735,-0.04592633247375488,-0.023568488657474518,-0.1498510241508484,-0.138186514377594,-0.037952158600091934,-0.18878746032714844,-0.22869598865509033,-0.05366135761141777,-0.21395909786224365,-0.3150480389595032,-0.0684155747294426,-0.0974653959274292,-0.32423919439315796,-0.004264514427632093,-0.13170760869979858,-0.42330503463745117,-0.03188592940568924,-0.16254287958145142,-0.4646870195865631,-0.05757474526762962,-0.1919550895690918,-0.4926133155822754,-0.07368455082178116,-0.0483134388923645,-0.3621390461921692,-0.011408798396587372,-0.06674987077713013,-0.5065752267837524,-0.031907495111227036,-0.08831346035003662,-0.5926417708396912,-0.0509667843580246,-0.11244750022888184,-0.6565930843353271,-0.06392490863800049,0.0003457069396972656,-0.3567590117454529,-0.02511543780565262,0.0011268258094787598,-0.49508726596832275,-0.0470547117292881,-0.008854031562805176,-0.579275906085968,-0.0625443309545517,-0.02293020486831665,-0.649399995803833,-0.07148829102516174,0.0450596809387207,-0.31891489028930664,-0.04158809036016464,0.06070232391357422,-0.4306759238243103,-0.059270501136779785,0.06561100482940674,-0.5093032121658325,-0.06732521951198578,0.06537282466888428,-0.5810309648513794,-0.07169510424137115
0.0,0.0,0.0,-0.08502137660980225,-0.04729408025741577,-0.02472519874572754,-0.1505744457244873,-0.1370624303817749,-0.039596471935510635,-0.192324697971344,-0.2255401611328125,-0.05564005300402641,-0.22156548500061035,-0.3078122138977051,-0.07076898962259293,-0.09973931312561035,-0.3296049237251282,-0.004216667264699936,-0.13333719968795776,-0.43249958753585815,-0.02898639440536499,-0.16285890340805054,-0.4799667298793793,-0.05288949981331825,-0.19169163703918457,-0.5173880457878113,-0.06894273310899734,-0.049873948097229004,-0.36674225330352783,-0.011071746237576008,-0.06916052103042603,-0.5112144947052002,-0.02889047935605049,-0.09074586629867554,-0.5965412855148315,-0.04645873233675957,-0.11565828323364258,-0.6591616272926331,-0.05929530784487724,-0.0007682442665100098,-0.35931867361068726,-0.024575574323534966,0.0019474029541015625,-0.49768197536468506,-0.04489050805568695,-0.00800710916519165,-0.5790406465530396,-0.0596000999212265,-0.022939085960388184,-0.6456296443939209,-0.06881896406412125,0.043756306171417236,-0.3200490474700928,-0.04110599681735039,0.06079888343811035,-0.42900240421295166,-0.059404242783784866,0.06531745195388794,-0.5065735578536987,-0.06848083436489105,0.06444168090820312,-0.5773800611495972,-0.07386909425258636
0.0,0.0,0.0,-0.08345979452133179,-0.046814918518066406,-0.025577640160918236,-0.14861583709716797,-0.13642191886901855,-0.0409449003636837,-0.19019824266433716,-0.22541052103042603,-0.05727876350283623,-0.21949803829193115,-0.3053486943244934,-0.07282689213752747,-0.09902924299240112,-0.3311939239501953,-0.006677498109638691,-0.13280773162841797,-0.4341157078742981,-0.03281765803694725,-0.162530779838562,-0.48572641611099243,-0.05748477205634117,-0.19164198637008667,-0.5272794365882874,-0.07390051335096359,-0.048969149589538574,-0.3673709034919739,-0.013112177141010761,-0.06693071126937866,-0.5129601955413818,-0.03172193467617035,-0.08784210681915283,-0.5997781753540039,-0.04882001876831055,-0.1124991774559021,-0.6641817092895508,-0.06107957661151886,0.0006264448165893555,-0.35913902521133423,-0.026263270527124405,0.0025957226753234863,-0.49588704109191895,-0.04714959114789963,-0.007522642612457275,-0.5787042379379272,-0.06177142634987831,-0.02220761775970459,-0.6475194096565247,-0.07062032073736191,0.045447349548339844,-0.32054299116134644,-0.042550280690193176,0.06293606758117676,-0.43080776929855347,-0.06107906624674797,0.06804347038269043,-0.5088833570480347,-0.07023035734891891,0.06770902872085571,-0.5804820656776428,-0.07550501823425293
0.0,0.0,0.0,-0.08363878726959229,-0.04450535774230957,-0.024272218346595764,-0.1483740210533142,-0.13585209846496582,-0.03908149152994156,-0.18925631046295166,-0.22540909051895142,-0.05488578602671623,-0.21955078840255737,-0.30645716190338135,-0.07012385129928589,-0.09795349836349487,-0.3300178647041321,-0.006799604743719101,-0.1320667862892151,-0.4321320652961731,-0.03161139786243439,-0.16108185052871704,-0.48370999097824097,-0.05520939826965332,-0.18998605012893677,-0.5255088806152344,-0.07134121656417847,-0.04690486192703247,-0.3659887909889221,-0.01395881362259388,-0.06463837623596191,-0.5109235048294067,-0.03246626630425453,-0.08524751663208008,-0.5961980819702148,-0.05008126050233841,-0.11046653985977173,-0.6590925455093384,-0.06279141455888748,0.002960681915283203,-0.35735613107681274,-0.02735971473157406,0.005486011505126953,-0.49442213773727417,-0.04820339381694794,-0.003819406032562256,-0.5766574740409851,-0.06342120468616486,-0.01894742250442505,-0.6446631550788879,-0.07294554263353348,0.047770917415618896,-0.3178287744522095,-0.043605972081422806,0.06475412845611572,-0.4266085624694824,-0.062337055802345276,0.069577157497406,-0.5038527250289917,-0.07188509404659271,0.06798070669174194,-0.5749033689498901,-0.07760658860206604
0.0,0.0,0.0,-0.08230280876159668,-0.04407709836959839,-0.02539176493883133,-0.1448824405670166,-0.13703322410583496,-0.041006121784448624,-0.18405842781066895,-0.22929251194000244,-0.05760199949145317,-0.21255290508270264,-0.31348395347595215,-0.07343127578496933,-0.09686702489852905,-0.3299315571784973,-0.007300518453121185,-0.1320568323135376,-0.43029606342315674,-0.034717824310064316,-0.1633470058441162,-0.4801642894744873,-0.06000125780701637,-0.19418829679489136,-0.5181646347045898,-0.07662572711706161,-0.045783936977386475,-0.3658737540245056,-0.014007656835019588,-0.06367188692092896,-0.5097656846046448,-0.033338263630867004,-0.08413273096084595,-0.595238208770752,-0.051205236464738846,-0.10887861251831055,-0.6601258516311646,-0.06401956081390381,0.004662692546844482,-0.35690999031066895,-0.02731766737997532,0.007718026638031006,-0.49364328384399414,-0.04886463284492493,-0.0010353922843933105,-0.5747748613357544,-0.06398440152406693,-0.015919029712677002,-0.6431419849395752,-0.07324368506669998,0.049941182136535645,-0.31616610288619995,-0.04360257834196091,0.06716525554656982,-0.42500901222229004,-0.06284283846616745,0.07201206684112549,-0.5020135641098022,-0.07222224771976471,0.07019549608230591,-0.5734869837760925,-0.07765047997236252
0.0,0.0,0.0,-0.078823983669281,-0.04053699970245361,-0.025151925161480904,-0.1372888684272766,-0.13556522130966187,-0.04047742486000061,-0.17165106534957886,-0.22960418462753296,-0.05692189931869507,-0.19497722387313843,-0.31691569089889526,-0.07250715047121048,-0.0927424430847168,-0.31789183616638184,-0.007303803693503141,-0.12910807132720947,-0.40580976009368896,-0.038522928953170776,-0.15924394130706787,-0.44957640767097473,-0.06636992841959,-0.1871151328086853,-0.4808441400527954,-0.0837131068110466,-0.04348784685134888,-0.3557339906692505,-0.01427399180829525,-0.059031784534454346,-0.500313937664032,-0.03635505214333534,-0.07833647727966309,-0.5859867930412292,-0.05466639995574951,-0.10151201486587524,-0.6529903411865234,-0.0664684921503067,0.0069727301597595215,-0.348486065864563,-0.02801770344376564,0.010543644428253174,-0.4851931631565094,-0.05189099162817001,0.002978503704071045,-0.5678383708000183,-0.06659913063049316,-0.010218679904937744,-0.6399937868118286,-0.07414351403713226,0.05257147550582886,-0.30800026655197144,-0.044620998203754425,0.07041609287261963,-0.41827356815338135,-0.06361328065395355,0.07666265964508057,-0.49403852224349976,-0.07098755985498428,0.0764496922492981,-0.5648038983345032,-0.07434108853340149
0.0,0.0,0.0,-0.06913191080093384,-0.028858661651611328,-0.024689190089702606,-0.12428402900695801,-0.11741244792938232,-0.041709158569574356,-0.15693581104278564,-0.2066706418991089,-0.05947691574692726,-0.1741267442703247,-0.2942774295806885,-0.07642430067062378,-0.07921254634857178,-0.290375292301178,-0.013752804137766361,-0.11712658405303955,-0.3616481423377991,-0.047926001250743866,-0.14644861221313477,-0.3785243034362793,-0.07692495733499527,-0.1707656979560852,-0.3765043616294861,-0.09380677342414856,-0.03389883041381836,-0.32611870765686035,-0.021383987739682198,-0.05215853452682495,-0.47391098737716675,-0.04933647811412811,-0.07496976852416992,-0.5569511651992798,-0.07241269201040268,-0.10054898262023926,-0.6220157146453857,-0.08651750534772873,0.014091551303863525,-0.31779253482818604,-0.034835562109947205,0.02002495527267456,-0.45794677734375,-0.06361115723848343,0.013166368007659912,-0.540000319480896,-0.08310455828905106,0.00048279762268066406,-0.6100466251373291,-0.0931541696190834,0.05900377035140991,-0.2734062671661377,-0.05018894746899605,0.0824354887008667,-0.3888937830924988,-0.0711422860622406,0.09071457386016846,-0.4642479419708252,-0.07988690584897995,0.08995133638381958,-0.5362719893455505,-0.08437138050794601
0.0,0.0,0.0,-0.0685548186302185,-0.029412031173706055,-0.025655580684542656,-0.12273788452148438,-0.11709749698638916,-0.04382406547665596,-0.15686780214309692,-0.20668518543243408,-0.06282935291528702,-0.17280066013336182,-0.295162558555603,-0.08091837912797928,-0.078574538230896,-0.28967392444610596,-0.013546070083975792,-0.11787813901901245,-0.362562894821167,-0.05030962824821472,-0.14795821905136108,-0.37250614166259766,-0.08204560726881027,-0.17117667198181152,-0.36101895570755005,-0.10020852833986282,-0.033423006534576416,-0.32449281215667725,-0.019728397950530052,-0.05280667543411255,-0.4706546366214752,-0.04749857634305954,-0.07649636268615723,-0.552239179611206,-0.07002609968185425,-0.102924644947052,-0.616388201713562,-0.08369944989681244,0.014076471328735352,-0.31466883420944214,-0.03213189169764519,0.021020829677581787,-0.45544901490211487,-0.0594056062400341,0.014609217643737793,-0.5384117364883423,-0.07660961896181107,0.002681136131286621,-0.6092467308044434,-0.08526155352592468,0.057953476905822754,-0.26994621753692627,-0.046774186193943024,0.08109486103057861,-0.3844676613807678,-0.06653463840484619,0.08848565816879272,-0.46057477593421936,-0.07372501492500305,0.08797615766525269,-0.5343166589736938,-0.07699168473482132
0.0,0.0,0.0,-0.06834185123443604,-0.028401613235473633,-0.026455288752913475,-0.12298160791397095,-0.11805248260498047,-0.04483786225318909,-0.15742063522338867,-0.207394540309906,-0.06403499096632004,-0.17471963167190552,-0.29522842168807983,-0.08233945816755295,-0.07974690198898315,-0.2892690896987915,-0.012678845785558224,-0.1183043122291565,-0.3598496913909912,-0.050028201192617416,-0.1474553346633911,-0.37537431716918945,-0.08194886147975922,-0.17139297723770142,-0.3702867031097412,-0.10023782402276993,-0.03554129600524902,-0.32481855154037476,-0.019065970554947853,-0.05510944128036499,-0.468681275844574,-0.04840558394789696,-0.0785149335861206,-0.5501077771186829,-0.07198154926300049,-0.1048433780670166,-0.6145105361938477,-0.08600704371929169,0.012049078941345215,-0.31651920080184937,-0.03190000727772713,0.017967581748962402,-0.4553523659706116,-0.061084114015102386,0.011194467544555664,-0.5372649431228638,-0.07931878417730331,-0.0015153288841247559,-0.6077574491500854,-0.08817283064126968,0.056222617626190186,-0.27243924140930176,-0.04699747636914253,0.07829934358596802,-0.38566339015960693,-0.06786578893661499,0.08586901426315308,-0.46114036440849304,-0.07567157596349716,0.08519899845123291,-0.5342526435852051,-0.07919720560312271
0.0,0.0,0.0,-0.0674278736114502,-0.027876555919647217,-0.026616644114255905,-0.12211310863494873,-0.11816596984863281,-0.04563947394490242,-0.15588539838790894,-0.20776647329330444,-0.06550721824169159,-0.17256367206573486,-0.29552024602890015,-0.0846557468175888,-0.07975345849990845,-0.29118818044662476,-0.015303971245884895,-0.11951935291290283,-0.3622235059738159,-0.05299215763807297,-0.14906078577041626,-0.3754308223724365,-0.08508825302124023,-0.1721985936164856,-0.3669976592063904,-0.10359694063663483,-0.03470921516418457,-0.3253830075263977,-0.02219070866703987,-0.053790509700775146,-0.4719562828540802,-0.05169492959976196,-0.07763069868087769,-0.5524874925613403,-0.07551649957895279,-0.10479575395584106,-0.614192008972168,-0.08981399983167648,0.013273417949676514,-0.31581783294677734,-0.03534471243619919,0.019347667694091797,-0.4558260440826416,-0.06436646729707718,0.011713922023773193,-0.5385198593139648,-0.08320102095603943,-0.00235748291015625,-0.6084368824958801,-0.0928817093372345,0.05734962224960327,-0.27082228660583496,-0.05076030641794205,0.08058518171310425,-0.3848683834075928,-0.07208103686571121,0.08835315704345703,-0.46146059036254883,-0.08084353804588318,0.087044358253479,-0.5352519750595093,-0.08530157804489136
0.0,0.0,0.0,-0.0686485767364502,-0.028305768966674805,-0.024916287511587143,-0.12181419134140015,-0.12065201997756958,-0.04221426323056221,-0.15368860960006714,-0.2114993929862976,-0.06062174588441849,-0.1711607575416565,-0.29907363653182983,-0.07837211340665817,-0.07982093095779419,-0.2883090376853943,-0.012273099273443222,-0.11685842275619507,-0.3602450489997864,-0.04808538407087326,-0.1464555263519287,-0.3717274069786072,-0.0793268159031868,-0.17033350467681885,-0.36253058910369873,-0.09733927249908447,-0.03439515829086304,-0.3210904002189636,-0.01946241222321987,-0.052288711071014404,-0.46709805727005005,-0.04597087576985359,-0.07632249593734741,-0.5503295063972473,-0.06846170127391815,-0.10382336378097534,-0.6140010356903076,-0.0823923870921135,0.013064980506896973,-0.3107442259788513,-0.032866016030311584,0.01993083953857422,-0.45147788524627686,-0.05988220125436783,0.011585533618927002,-0.5367188453674316,-0.07829026877880096,-0.0031238794326782227,-0.6079721450805664,-0.08807291835546494,0.05674546957015991,-0.2667967677116394,-0.04844655096530914,0.08119809627532959,-0.38064420223236084,-0.06854135543107986,0.08846253156661987,-0.45722734928131104,-0.07685620337724686,0.08625966310501099,-0.5296764373779297,-0.08125890046358109
0.0,0.0,0.0,-0.06834357976913452,-0.023939669132232666,-0.027137350291013718,-0.12219834327697754,-0.11309999227523804,-0.04570287466049194,-0.15412825345993042,-0.20273160934448242,-0.06460405886173248,-0.1708698868751526,-0.28987836837768555,-0.08288856595754623,-0.08052951097488403,-0.2812544107437134,-0.017128942534327507,-0.1168053150177002,-0.3507893681526184,-0.0539972186088562,-0.1471647024154663,-0.36280709505081177,-0.08586577326059341,-0.17151302099227905,-0.3550451397895813,-0.1043749451637268,-0.03499758243560791,-0.3145267367362976,-0.02298174425959587,-0.052799344062805176,-0.4581824243068695,-0.050141457468271255,-0.0763140320777893,-0.5404176115989685,-0.07278357446193695,-0.10279428958892822,-0.605582594871521,-0.08705051243305206,0.012420833110809326,-0.30411577224731445,-0.03494720906019211,0.019683659076690674,-0.44697272777557373,-0.06299633532762527,0.011956334114074707,-0.5316072106361389,-0.08187289535999298,-0.0018545985221862793,-0.6030803918838501,-0.09206272661685944,0.05624896287918091,-0.25902825593948364,-0.04905898496508598,0.08077782392501831,-0.37256669998168945,-0.07073274999856949,0.08825457096099854,-0.44933319091796875,-0.07990673929452896,0.08657252788543701,-0.5223803520202637,-0.08484955877065659
0.0,0.0,0.0,-0.06690704822540283,-0.027619242668151855,-0.02463659830391407,-0.12072187662124634,-0.11907827854156494,-0.04210788384079933,-0.15373748540878296,-0.20879507064819336,-0.060725387185811996,-0.17074424028396606,-0.2960019111633301,-0.07872742414474487,-0.07864511013031006,-0.2895547151565552,-0.013617981225252151,-0.11734473705291748,-0.3610309362411499,-0.05002984032034874,-0.14745062589645386,-0.372175395488739,-0.08157722651958466,-0.17133253812789917,-0.36360228061676025,-0.09983186423778534,-0.03420853614807129,-0.3225656747817993,-0.020844409242272377,-0.05343228578567505,-0.4667755365371704,-0.047891613095998764,-0.07717669010162354,-0.5487416982650757,-0.07057204842567444,-0.10390448570251465,-0.6129102110862732,-0.08468996733427048,0.012938857078552246,-0.31199049949645996,-0.03414648026227951,0.019421160221099854,-0.4520106911659241,-0.06154238432645798,0.011072218418121338,-0.5356518030166626,-0.07992088049650192,-0.003530442714691162,-0.606177568435669,-0.08967163413763046,0.05627089738845825,-0.2672043442726135,-0.049551013857126236,0.08028990030288696,-0.38076984882354736,-0.07013702392578125,0.08758175373077393,-0.4569593071937561,-0.07860065251588821,0.08588188886642456,-0.5298585891723633,-0.08295462280511856
0.0,0.0,0.0,-0.06854254007339478,-0.028757691383361816,-0.025656426325440407,-0.12418776750564575,-0.1222802996635437,-0.04224113002419472,-0.15693914890289307,-0.21609079837799072,-0.05949780344963074,-0.17281198501586914,-0.3065950274467468,-0.07599517703056335,-0.08083939552307129,-0.29306942224502563,-0.01171044073998928,-0.11672103404998779,-0.3688405156135559,-0.04543038457632065,-0.1456434726715088,-0.3914995789527893,-0.0743693932890892,-0.17003118991851807,-0.3946680426597595,-0.0912846252322197,-0.03532356023788452,-0.3267560601234436,-0.01820557564496994,-0.05310165882110596,-0.47097712755203247,-0.0441756471991539,-0.07466834783554077,-0.5540435314178467,-0.06590064615011215,-0.09920841455459595,-0.6197779178619385,-0.07930667698383331,0.01305478811264038,-0.3170260190963745,-0.03101804293692112,0.01878809928894043,-0.4554663598537445,-0.059108465909957886,0.011435389518737793,-0.538490355014801,-0.07794942706823349,-0.0017586946487426758,-0.6099169254302979,-0.08758940547704697,0.058052897453308105,-0.2726963758468628,-0.04593007266521454,0.08097445964813232,-0.38685929775238037,-0.06777416914701462,0.08921957015991211,-0.46268072724342346,-0.07733595371246338,0.08839350938796997,-0.5354253053665161,-0.08225131779909134
0.0,0.0,0.0,-0.07580041885375977,-0.03377753496170044,-0.027399281039834023,-0.1326332688331604,-0.12816190719604492,-0.04443217068910599,-0.16445326805114746,-0.22444510459899902,-0.06178239360451698,-0.18186217546463013,-0.3166985511779785,-0.07797053456306458,-0.08439648151397705,-0.30398261547088623,-0.01212339848279953,-0.11697185039520264,-0.3919142484664917,-0.04375346377491951,-0.1472967267036438,-0.4288356304168701,-0.07095886021852493,-0.1753597855567932,-0.4474751353263855,-0.08729947358369827,-0.03676605224609375,-0.3388102054595947,-0.017463112249970436,-0.05240672826766968,-0.48389899730682373,-0.04104362055659294,-0.07308071851730347,-0.5666515827178955,-0.06048944965004921,-0.09732258319854736,-0.6298444271087646,-0.07270839065313339,0.012669384479522705,-0.33069294691085815,-0.029289240017533302,0.017064332962036133,-0.4683612585067749,-0.0549817755818367,0.00868213176727295,-0.550857663154602,-0.07124035805463791,-0.005035758018493652,-0.6207786798477173,-0.07948721200227737,0.05837148427963257,-0.2892712354660034,-0.043702732771635056,0.07990425825119019,-0.40137237310409546,-0.06456993520259857,0.08775526285171509,-0.47694021463394165,-0.07329177856445312,0.08694219589233398,-0.5479428768157959,-0.07741484045982361
0.0,0.0,0.0,-0.07806020975112915,-0.03824722766876221,-0.027553310617804527,-0.1359233856201172,-0.1332513689994812,-0.04327702149748802,-0.16931504011154175,-0.23253870010375977,-0.0591648705303669,-0.189380943775177,-0.3252968192100525,-0.07355909049510956,-0.08717101812362671,-0.31359773874282837,-0.00725162448361516,-0.1189073920249939,-0.41402769088745117,-0.035866186022758484,-0.14946800470352173,-0.4584081768989563,-0.06200879067182541,-0.17888224124908447,-0.48713183403015137,-0.07830017805099487,-0.037282466888427734,-0.3494848608970642,-0.011763392947614193,-0.0531657338142395,-0.49272996187210083,-0.03142542764544487,-0.07263761758804321,-0.5757766366004944,-0.050003282725811005,-0.09618198871612549,-0.6379875540733337,-0.06265463680028915,0.01195979118347168,-0.34091126918792725,-0.02304716221988201,0.015695631504058838,-0.4748428165912628,-0.045534003525972366,0.009434819221496582,-0.5560758113861084,-0.06109616532921791,-0.0026755332946777344,-0.6238341331481934,-0.06973324716091156,0.05730360746383667,-0.30214643478393555,-0.037211574614048004,0.07718020677566528,-0.4115016460418701,-0.05689894035458565,0.08464080095291138,-0.4879017472267151,-0.06621374934911728,0.08425956964492798,-0.5588304400444031,-0.07107634842395782
0.0,0.0,0.0,-0.07809025049209595,-0.03670996427536011,-0.028343673795461655,-0.13800430297851562,-0.12923091650009155,-0.04445609450340271,-0.1710326075553894,-0.2279464602470398,-0.060049869120121,-0.1917438507080078,-0.3196621537208557,-0.07414640486240387,-0.086700439453125,-0.31504619121551514,-0.010645478032529354,-0.11773437261581421,-0.4195191264152527,-0.037989985197782516,-0.14653843641281128,-0.46982383728027344,-0.0630834624171257,-0.1753021478652954,-0.505119264125824,-0.07932871580123901,-0.03591883182525635,-0.34935617446899414,-0.015014559030532837,-0.052491068840026855,-0.49281245470046997,-0.035245709121227264,-0.07163310050964355,-0.5758390426635742,-0.054649680852890015,-0.09422612190246582,-0.6381776332855225,-0.06807754188776016,0.013301074504852295,-0.33928418159484863,-0.0257259514182806,0.01656663417816162,-0.4739450216293335,-0.04886961355805397,0.01022559404373169,-0.5553606152534485,-0.06581094861030579,-0.0013508200645446777,-0.6245446801185608,-0.0757371261715889,0.058706462383270264,-0.29923659563064575,-0.03920552134513855,0.07813400030136108,-0.4075971841812134,-0.05977792292833328,0.08529376983642578,-0.48339635133743286,-0.07037442922592163,0.08553844690322876,-0.5556095242500305,-0.07639682292938232
0.0,0.0,0.0,-0.07843589782714844,-0.034862637519836426,-0.0292549766600132,-0.13751524686813354,-0.12390303611755371,-0.04627680405974388,-0.17069965600967407,-0.22063791751861572,-0.06202779337763786,-0.19278258085250854,-0.3111633062362671,-0.076548270881176,-0.08538621664047241,-0.31079697608947754,-0.01527799665927887,-0.11731624603271484,-0.41617047786712646,-0.04156043007969856,-0.14600986242294312,-0.47144415974617004,-0.06531677395105362,-0.17364448308944702,-0.5137407183647156,-0.08139151334762573,-0.03465402126312256,-0.34672319889068604,-0.019088933244347572,-0.052020132541656494,-0.4901766777038574,-0.04044453427195549,-0.07081395387649536,-0.575767993927002,-0.05958995223045349,-0.0924718976020813,-0.6420150995254517,-0.07282999157905579,0.013708353042602539,-0.3354857563972473,-0.02873384580016136,0.019254028797149658,-0.4690631330013275,-0.053209442645311356,0.013466596603393555,-0.5530018210411072,-0.07039548456668854,0.0025721192359924316,-0.6259274482727051,-0.08046618849039078,0.05747336149215698,-0.2937675714492798,-0.040911074727773666,0.07795631885528564,-0.4009164571762085,-0.0626567155122757,0.08534115552902222,-0.47739142179489136,-0.07363635301589966,0.08605647087097168,-0.5512332320213318,-0.07991545647382736
0.0,0.0,0.0,-0.07779031991958618,-0.035964369773864746,-0.03033207729458809,-0.13776445388793945,-0.12685412168502808,-0.04792678728699684,-0.1721925139427185,-0.22415941953659058,-0.06445921957492828,-0.1947181224822998,-0.3158171772956848,-0.07956546545028687,-0.08670240640640259,-0.3149155378341675,-0.01485071238130331,-0.11923760175704956,-0.41807323694229126,-0.04171079397201538,-0.14823198318481445,-0.46829652786254883,-0.06591979414224625,-0.17657041549682617,-0.5055493116378784,-0.08193850517272949,-0.03581970930099487,-0.3500286936759949,-0.018495043739676476,-0.05287271738052368,-0.492794394493103,-0.03921995684504509,-0.0711054801940918,-0.5773422122001648,-0.0584503673017025,-0.09254282712936401,-0.6428743600845337,-0.07201775908470154,0.01320582628250122,-0.3391536474227905,-0.02833264321088791,0.017537415027618408,-0.4722963869571686,-0.0526207834482193,0.011983513832092285,-0.5556676983833313,-0.07032277435064316,0.0007722973823547363,-0.6279377341270447,-0.08089493215084076,0.05812174081802368,-0.2984381914138794,-0.04087124019861221,0.07874119281768799,-0.4064129590988159,-0.06262239068746567,0.08669626712799072,-0.48244965076446533,-0.07390540093183517,0.08717644214630127,-0.5554022789001465,-0.08050453662872314
0.0,0.0,0.0,-0.07603371143341064,-0.034612834453582764,-0.03054208867251873,-0.13510489463806152,-0.1262093186378479,-0.04854033514857292,-0.16955775022506714,-0.22394216060638428,-0.06571885943412781,-0.18995511531829834,-0.3165733814239502,-0.08139245212078094,-0.08694601058959961,-0.3117417097091675,-0.01594357006251812,-0.12109917402267456,-0.4116241931915283,-0.04491783678531647,-0.15269529819488525,-0.45816779136657715,-0.06979246437549591,-0.18254131078720093,-0.4893321394920349,-0.08532002568244934,-0.036538898944854736,-0.34750789403915405,-0.019230995327234268,-0.053174734115600586,-0.49137642979621887,-0.040200840681791306,-0.0719977617263794,-0.576442539691925,-0.057762209326028824,-0.09448784589767456,-0.6423522233963013,-0.069603830575943,0.013071238994598389,-0.3374566435813904,-0.028979303315281868,0.01880401372909546,-0.47125741839408875,-0.05340464413166046,0.013767421245574951,-0.5542727112770081,-0.06924554705619812,0.002109706401824951,-0.6251243352890015,-0.07784681022167206,0.058365046977996826,-0.2972981929779053,-0.041525665670633316,0.07930916547775269,-0.40716642141342163,-0.06315331161022186,0.08762115240097046,-0.48376017808914185,-0.07306832075119019,0.08766883611679077,-0.5562757253646851,-0.07813353836536407
0.0,0.0,0.0,-0.07042080163955688,-0.03314840793609619,-0.02700169011950493,-0.12721341848373413,-0.12620538473129272,-0.043951261788606644,-0.15966057777404785,-0.22253143787384033,-0.06089504808187485,-0.17615872621536255,-0.3147275447845459,-0.07672736048698425,-0.08228075504302979,-0.2973683476448059,-0.014300842769443989,-0.11768627166748047,-0.38143855333328247,-0.045344870537519455,-0.14752447605133057,-0.4128877520561218,-0.0710856169462204,-0.17432504892349243,-0.4286395311355591,-0.08661344647407532,-0.035295963287353516,-0.3334750533103943,-0.020099490880966187,-0.052075862884521484,-0.4790642559528351,-0.04489697143435478,-0.072559654712677,-0.5633982419967651,-0.06493093818426132,-0.09626764059066772,-0.6315449476242065,-0.07744888961315155,0.013755083084106445,-0.32490307092666626,-0.03193611279129982,0.021109938621520996,-0.4621165990829468,-0.0596623457968235,0.01529008150100708,-0.5458592772483826,-0.07760895043611526,0.0030829906463623047,-0.6193610429763794,-0.08670136332511902,0.05946779251098633,-0.2819286584854126,-0.045882344245910645,0.08299297094345093,-0.39398491382598877,-0.06796226650476456,0.0920860767364502,-0.4695053994655609,-0.07725655287504196,0.09165036678314209,-0.541938066482544,-0.08179835975170135
0.0,0.0,0.0,-0.0648542046546936,-0.031081974506378174,-0.025142494589090347,-0.11746186017990112,-0.12783575057983398,-0.04158376157283783,-0.14817088842391968,-0.222370445728302,-0.05870441719889641,-0.16372603178024292,-0.3113895058631897,-0.07489704340696335,-0.07430845499038696,-0.29493987560272217,-0.011496050283312798,-0.10934406518936157,-0.3674270510673523,-0.045081090182065964,-0.1391414999961853,-0.38710665702819824,-0.0738220140337944,-0.16599297523498535,-0.3901371955871582,-0.09078734368085861,-0.03013521432876587,-0.328296959400177,-0.018392661586403847,-0.04761296510696411,-0.47138163447380066,-0.04544297605752945,-0.0697622299194336,-0.5537652373313904,-0.06777363270521164,-0.09555810689926147,-0.6206008195877075,-0.0814681425690651,0.01728498935699463,-0.31787049770355225,-0.0314042791724205,0.024988770484924316,-0.45593613386154175,-0.06017259508371353,0.01915895938873291,-0.5390679240226746,-0.07909033447504044,0.006520628929138184,-0.6106691360473633,-0.08872397243976593,0.06205856800079346,-0.2730848789215088,-0.04644591733813286,0.08737391233444214,-0.38520610332489014,-0.06803689152002335,0.09727776050567627,-0.46078112721443176,-0.07732370495796204,0.09764063358306885,-0.5335791707038879,-0.08220969885587692
0.0,0.0,0.0,-0.06501656770706177,-0.03242290019989014,-0.023285595700144768,-0.11692571640014648,-0.131067156791687,-0.038515422493219376,-0.14754563570022583,-0.22619932889938354,-0.05499865487217903,-0.16325080394744873,-0.3135734796524048,-0.07054019719362259,-0.07457399368286133,-0.29346877336502075,-0.008350750431418419,-0.10915297269821167,-0.36702752113342285,-0.042787522077560425,-0.13837766647338867,-0.38801223039627075,-0.07183057069778442,-0.16440337896347046,-0.3909722566604614,-0.08832032233476639,-0.03106003999710083,-0.3269219398498535,-0.015639863908290863,-0.04781621694564819,-0.4694317579269409,-0.0412619449198246,-0.06929028034210205,-0.5511278510093689,-0.06131057068705559,-0.09450984001159668,-0.6171741485595703,-0.07295612245798111,0.016645967960357666,-0.3171764612197876,-0.029365284368395805,0.023494482040405273,-0.4544887840747833,-0.05667300894856453,0.016720950603485107,-0.539272665977478,-0.07328828424215317,0.003200531005859375,-0.6127009987831116,-0.08100724965333939,0.06165248155593872,-0.27365440130233765,-0.045255910605192184,0.08759832382202148,-0.38396620750427246,-0.06559417396783829,0.09756231307983398,-0.45846426486968994,-0.07343645393848419,0.09805530309677124,-0.5298321843147278,-0.07685111463069916
0.0,0.0,0.0,-0.06565201282501221,-0.0328899621963501,-0.02321663685142994,-0.11904561519622803,-0.13147950172424316,-0.038346707820892334,-0.14978289604187012,-0.2265251874923706,-0.05464743822813034,-0.16475152969360352,-0.3142874836921692,-0.0701209008693695,-0.07596242427825928,-0.2953619956970215,-0.00814779195934534,-0.11096268892288208,-0.3665373921394348,-0.04188710078597069,-0.139143705368042,-0.38954949378967285,-0.07121667265892029,-0.1645105481147766,-0.39399850368499756,-0.08831004798412323,-0.032537996768951416,-0.32846319675445557,-0.015695277601480484,-0.048674166202545166,-0.4712681174278259,-0.041841886937618256,-0.07039940357208252,-0.5519444942474365,-0.06322360038757324,-0.09619837999343872,-0.6132915019989014,-0.07595345377922058,0.014925360679626465,-0.31853795051574707,-0.029553672298789024,0.022041738033294678,-0.4557099938392639,-0.057049352675676346,0.015164315700531006,-0.5404108762741089,-0.07516849786043167,0.001316368579864502,-0.6115173101425171,-0.08422867953777313,0.059598445892333984,-0.2749263048171997,-0.04551391303539276,0.08630526065826416,-0.3859272599220276,-0.06590108573436737,0.09628665447235107,-0.46131956577301025,-0.07475515455007553,0.09604877233505249,-0.5330468416213989,-0.07931122183799744
0.0,0.0,0.0,-0.06709945201873779,-0.036879539489746094,-0.02253316156566143,-0.11974596977233887,-0.13579410314559937,-0.03758310526609421,-0.15076428651809692,-0.2306409478187561,-0.05421679466962814,-0.164831280708313,-0.31946855783462524,-0.06997127830982208,-0.07622992992401123,-0.30068767070770264,-0.005617140326648951,-0.11096853017807007,-0.372197687625885,-0.03972483053803444,-0.13873636722564697,-0.3962968587875366,-0.06953111290931702,-0.16323059797286987,-0.40230292081832886,-0.0867936834692955,-0.03231096267700195,-0.3348434567451477,-0.013479518704116344,-0.04880398511886597,-0.4775742292404175,-0.03870023041963577,-0.0702739953994751,-0.5585546493530273,-0.059234004467725754,-0.09562557935714722,-0.621295154094696,-0.07141072303056717,0.015793919563293457,-0.32586532831192017,-0.027940047904849052,0.021058857440948486,-0.4622071385383606,-0.05485381931066513,0.012644708156585693,-0.5461989641189575,-0.07211070507764816,-0.0025655627250671387,-0.617059588432312,-0.080400250852108,0.060677409172058105,-0.2828192114830017,-0.04463327303528786,0.08726173639297485,-0.3930922746658325,-0.06439847499132156,0.09625422954559326,-0.4681088924407959,-0.0727323591709137,0.09465432167053223,-0.5390836000442505,-0.07676517963409424
0.0,0.0,0.0,-0.06528306007385254,-0.030006825923919678,-0.0243916604667902,-0.11989098787307739,-0.12463587522506714,-0.04025696963071823,-0.15153729915618896,-0.21827411651611328,-0.056671880185604095,-0.1650281548500061,-0.30759429931640625,-0.07225241512060165,-0.07704538106918335,-0.2892966866493225,-0.01165008544921875,-0.11308866739273071,-0.3585258722305298,-0.04505252093076706,-0.14024990797042847,-0.38174521923065186,-0.07380269467830658,-0.16414779424667358,-0.38702303171157837,-0.09085746854543686,-0.03284347057342529,-0.3238791823387146,-0.01872759684920311,-0.05004662275314331,-0.4675491452217102,-0.0458371639251709,-0.07241278886795044,-0.5467044115066528,-0.06775259971618652,-0.09831315279006958,-0.6056783199310303,-0.08082468807697296,0.01494288444519043,-0.3142969608306885,-0.03175433352589607,0.02193605899810791,-0.45022913813591003,-0.06015002727508545,0.014099180698394775,-0.532590389251709,-0.07879697531461716,-0.0005906224250793457,-0.6019020080566406,-0.08821577578783035,0.05977153778076172,-0.26966434717178345,-0.046753037720918655,0.085843026638031,-0.37852364778518677,-0.06777607649564743,0.09445410966873169,-0.4523739814758301,-0.07676587998867035,0.09246581792831421,-0.5226462483406067,-0.08143186569213867
0.0,0.0,0.0,-0.06731539964675903,-0.03052377700805664,-0.024426201358437538,-0.12145406007766724,-0.12403595447540283,-0.04011685773730278,-0.15285998582839966,-0.21715277433395386,-0.05657648295164108,-0.16658693552017212,-0.3058179020881653,-0.07201844453811646,-0.0781322717666626,-0.28893667459487915,-0.00950335618108511,-0.11418807506561279,-0.3604434132575989,-0.043116386979818344,-0.14196717739105225,-0.38310736417770386,-0.07210435718297958,-0.16624373197555542,-0.38643473386764526,-0.08902332931756973,-0.03436756134033203,-0.32424765825271606,-0.015994412824511528,-0.05288976430892944,-0.4655139446258545,-0.04186408594250679,-0.0752297043800354,-0.5445930361747742,-0.06299086660146713,-0.10048645734786987,-0.6055219173431396,-0.07575695216655731,0.012974023818969727,-0.31593936681747437,-0.028756391257047653,0.018920302391052246,-0.4506610035896301,-0.05606252700090408,0.011105179786682129,-0.5323173999786377,-0.0737445279955864,-0.0029335618019104004,-0.6016143560409546,-0.08264975249767303,0.05799400806427002,-0.2722938656806946,-0.04368414729833603,0.08350300788879395,-0.3797397017478943,-0.063982754945755,0.09184247255325317,-0.45258522033691406,-0.07246274501085281,0.09005165100097656,-0.5222635269165039,-0.07674693316221237
0.0,0.0,0.0,-0.06732845306396484,-0.032297611236572266,-0.024267496541142464,-0.12144720554351807,-0.1287003755569458,-0.03961813822388649,-0.15318816900253296,-0.2238181233406067,-0.05602016672492027,-0.1665189266204834,-0.31466031074523926,-0.07145965844392776,-0.07748860120773315,-0.2928224205970764,-0.007919853553175926,-0.11287009716033936,-0.36582332849502563,-0.041938528418540955,-0.14090710878372192,-0.3894122838973999,-0.0713367685675621,-0.16539615392684937,-0.3931007981300354,-0.08831263333559036,-0.03364384174346924,-0.32761889696121216,-0.014604727737605572,-0.05090540647506714,-0.47039204835891724,-0.04023124277591705,-0.07265883684158325,-0.5504820346832275,-0.06095978617668152,-0.09760195016860962,-0.6123285293579102,-0.07321756333112717,0.014234542846679688,-0.3188821077346802,-0.027819128707051277,0.019593119621276855,-0.4564892649650574,-0.054745882749557495,0.011910617351531982,-0.5389040112495422,-0.07147829979658127,-0.0017186403274536133,-0.6090922951698303,-0.07944724708795547,0.05938524007797241,-0.2755354046821594,-0.04335350915789604,0.08387845754623413,-0.3864516615867615,-0.06323029845952988,0.0927085280418396,-0.4607142210006714,-0.07105764001607895,0.0923575758934021,-0.5316579341888428,-0.07463467866182327
0.0,0.0,0.0,-0.06906658411026001,-0.03200066089630127,-0.026118993759155273,-0.12437611818313599,-0.12696558237075806,-0.04142477735877037,-0.1522255539894104,-0.2251979112625122,-0.056545428931713104,-0.1633394956588745,-0.3190363049507141,-0.07054176926612854,-0.07803720235824585,-0.2938293218612671,-0.012474607676267624,-0.11006462574005127,-0.3743249177932739,-0.042659319937229156,-0.1387268304824829,-0.4069099426269531,-0.06860681623220444,-0.1648714542388916,-0.42609935998916626,-0.08476848900318146,-0.03181570768356323,-0.32857847213745117,-0.018377305939793587,-0.04897201061248779,-0.47276294231414795,-0.04295457527041435,-0.06973159313201904,-0.5535329580307007,-0.06351344287395477,-0.0932428240776062,-0.6153533458709717,-0.07643131911754608,0.01676231622695923,-0.31875133514404297,-0.03023630753159523,0.02238011360168457,-0.45554405450820923,-0.05791151151061058,0.014595210552215576,-0.5374331474304199,-0.07595759630203247,0.0015398859977722168,-0.607374370098114,-0.08519532531499863,0.06266582012176514,-0.2744367718696594,-0.04417482390999794,0.08616441488265991,-0.38503777980804443,-0.066707544028759,0.09522628784179688,-0.458717942237854,-0.07664773613214493,0.09513801336288452,-0.5287306308746338,-0.08168604969978333
0.0,0.0,0.0,-0.07457220554351807,-0.03582501411437988,-0.024748045951128006,-0.1298220157623291,-0.13059252500534058,-0.03847241401672363,-0.15711307525634766,-0.22995853424072266,-0.05237138643860817,-0.17011594772338867,-0.32190120220184326,-0.06509977579116821,-0.0797392725944519,-0.3003843426704407,-0.0074426862411201,-0.11236131191253662,-0.38864660263061523,-0.03563205152750015,-0.14136308431625366,-0.42997413873672485,-0.06057735159993172,-0.16907250881195068,-0.4559641480445862,-0.07601192593574524,-0.03114110231399536,-0.3357558250427246,-0.013383622281253338,-0.04710805416107178,-0.4811229109764099,-0.034924086183309555,-0.06690025329589844,-0.5622624158859253,-0.05407222360372543,-0.09049332141876221,-0.6221475601196289,-0.06617594510316849,0.01832449436187744,-0.32653236389160156,-0.02543092705309391,0.024069905281066895,-0.46028435230255127,-0.04982134327292442,0.016531944274902344,-0.5429692268371582,-0.06620853394269943,0.003662288188934326,-0.612326979637146,-0.07466641068458557,0.06462287902832031,-0.28432536125183105,-0.03979209437966347,0.08761459589004517,-0.3929545283317566,-0.06013425812125206,0.09596776962280273,-0.4667139947414398,-0.06899628788232803,0.09520959854125977,-0.536492645740509,-0.07322368025779724
0.0,0.0,0.0,-0.07718014717102051,-0.03580331802368164,-0.02862904779613018,-0.13344526290893555,-0.13100504875183105,-0.04496429115533829,-0.16104239225387573,-0.2323121428489685,-0.06056411191821098,-0.17861801385879517,-0.32482361793518066,-0.07482321560382843,-0.08073967695236206,-0.3031388521194458,-0.013120844960212708,-0.11294466257095337,-0.39979082345962524,-0.041326217353343964,-0.142037034034729,-0.4450545012950897,-0.06634986400604248,-0.1700260043144226,-0.4748079776763916,-0.0823034718632698,-0.030572175979614258,-0.33715343475341797,-0.01751631870865822,-0.046096622943878174,-0.48238345980644226,-0.03882250934839249,-0.0660216212272644,-0.5654537677764893,-0.05841057747602463,-0.09000682830810547,-0.6280808448791504,-0.07176732271909714,0.018597066402435303,-0.3265228271484375,-0.028083419427275658,0.02391904592514038,-0.4596913456916809,-0.05230865254998207,0.016200482845306396,-0.5435715317726135,-0.07000789046287537,0.0033088326454162598,-0.6148304343223572,-0.08036931604146957,0.06425827741622925,-0.28462308645248413,-0.041219159960746765,0.08693534135818481,-0.39286547899246216,-0.06231008097529411,0.095234215259552,-0.46701779961586,-0.07291729748249054,0.09449517726898193,-0.5378618836402893,-0.07905804365873337
0.0,0.0,0.0,-0.07730937004089355,-0.036888957023620605,-0.02863696590065956,-0.13471460342407227,-0.12722814083099365,-0.045573458075523376,-0.16502177715301514,-0.22621440887451172,-0.061711620539426804,-0.18460166454315186,-0.31848907470703125,-0.07655569165945053,-0.08036309480667114,-0.3033772110939026,-0.013834917917847633,-0.11304730176925659,-0.40551209449768066,-0.04199208319187164,-0.1433078646659851,-0.4560885727405548,-0.06696810573339462,-0.17201358079910278,-0.4906527101993561,-0.08312811702489853,-0.030160725116729736,-0.3386792540550232,-0.018315419554710388,-0.046729445457458496,-0.4843716025352478,-0.039392828941345215,-0.06627273559570312,-0.5695406198501587,-0.058626167476177216,-0.08947557210922241,-0.6341196298599243,-0.07199746370315552,0.018043935298919678,-0.32824939489364624,-0.028965981677174568,0.024357736110687256,-0.4615713953971863,-0.053246889263391495,0.018393516540527344,-0.5441043376922607,-0.0706968754529953,0.0064193010330200195,-0.6133856773376465,-0.08103302866220474,0.06250327825546265,-0.28696584701538086,-0.04221510514616966,0.08621954917907715,-0.39336884021759033,-0.0639452412724495,0.09506058692932129,-0.4686543345451355,-0.07524895668029785,0.0947490930557251,-0.5404623746871948,-0.08184865117073059
0.0,0.0,0.0,-0.07863318920135498,-0.037608206272125244,-0.027649015188217163,-0.13712245225906372,-0.1289793848991394,-0.04318435490131378,-0.16924327611923218,-0.2270917296409607,-0.058446723967790604,-0.18909978866577148,-0.31953543424606323,-0.07226691395044327,-0.08225548267364502,-0.3093680143356323,-0.008237799629569054,-0.1147463321685791,-0.4127354025840759,-0.0340697281062603,-0.1448441743850708,-0.4662591814994812,-0.05785804241895676,-0.1731783151626587,-0.5027682185173035,-0.07338844239711761,-0.03207796812057495,-0.3444904088973999,-0.012602059170603752,-0.04883080720901489,-0.48816946148872375,-0.030507732182741165,-0.06795209646224976,-0.5732721090316772,-0.04802921041846275,-0.09052234888076782,-0.6361980438232422,-0.06043650582432747,0.016954898834228516,-0.3346800208091736,-0.023527054116129875,0.021480858325958252,-0.4678591787815094,-0.045085545629262924,0.015539407730102539,-0.5498858690261841,-0.061545901000499725,0.004114508628845215,-0.619360089302063,-0.07153021544218063,0.062304675579071045,-0.29446589946746826,-0.037307001650333405,0.08610063791275024,-0.39907753467559814,-0.057416822761297226,0.09455305337905884,-0.47348448634147644,-0.06853591650724411,0.09484905004501343,-0.5445191264152527,-0.0751190185546875
0.0,0.0,0.0,-0.0786392092704773,-0.03937584161758423,-0.027905410155653954,-0.13688087463378906,-0.13067889213562012,-0.04472140967845917,-0.1692853569984436,-0.22800010442733765,-0.061410292983055115,-0.1898808479309082,-0.3201429843902588,-0.07675276696681976,-0.0820239782333374,-0.31173044443130493,-0.010453509166836739,-0.11542361974716187,-0.41502612829208374,-0.03877084702253342,-0.14607805013656616,-0.46713700890541077,-0.0643034428358078,-0.17530781030654907,-0.5020838379859924,-0.08047110587358475,-0.03168344497680664,-0.3464237451553345,-0.015139564871788025,-0.04861569404602051,-0.49195966124534607,-0.03474099934101105,-0.06827187538146973,-0.5763788819313049,-0.05282030254602432,-0.09172886610031128,-0.638260006904602,-0.06520424038171768,0.0178605318069458,-0.33615583181381226,-0.02634747326374054,0.02114468812942505,-0.4691593050956726,-0.04836028441786766,0.014711916446685791,-0.5500776171684265,-0.0637529268860817,0.0029398202896118164,-0.6181586980819702,-0.07267948985099792,0.06347912549972534,-0.29589831829071045,-0.0405266247689724,0.08574151992797852,-0.40326517820358276,-0.05993163585662842,0.09385186433792114,-0.47786569595336914,-0.0695052295923233,0.093894362449646,-0.5486665368080139,-0.07476801425218582
0.0,0.0,0.0,-0.07826638221740723,-0.038414955139160156,-0.02913743443787098,-0.13685745000839233,-0.1307770013809204,-0.04691215977072716,-0.16943764686584473,-0.2295818328857422,-0.06444083899259567,-0.19084227085113525,-0.32079654932022095,-0.08090230077505112,-0.08349722623825073,-0.3057152032852173,-0.013953235000371933,-0.11779677867889404,-0.40187424421310425,-0.043195199221372604,-0.14797770977020264,-0.4491935968399048,-0.06923464685678482,-0.1766664981842041,-0.4832659661769867,-0.08600815385580063,-0.03351384401321411,-0.3422631025314331,-0.018633658066391945,-0.04972875118255615,-0.48717954754829407,-0.03948109224438667,-0.06944072246551514,-0.5700305700302124,-0.05817427486181259,-0.09292721748352051,-0.6332191824913025,-0.07114113122224808,0.016130566596984863,-0.33334410190582275,-0.02967042662203312,0.01958775520324707,-0.4667885899543762,-0.05290495231747627,0.011950850486755371,-0.5463855266571045,-0.06881102174520493,-0.0010339617729187012,-0.6153918504714966,-0.07817090302705765,0.06188470125198364,-0.2929537892341614,-0.04366337135434151,0.08499163389205933,-0.39962321519851685,-0.06391961127519608,0.09353965520858765,-0.4721909165382385,-0.07352042943239212,0.09309452772140503,-0.5424102544784546,-0.07896609604358673
0.0,0.0,0.0,-0.07325488328933716,-0.03784435987472534,-0.025016512721776962,-0.12816071510314941,-0.13163822889328003,-0.04047194868326187,-0.15765619277954102,-0.22976607084274292,-0.05662238225340843,-0.17453444004058838,-0.3202819228172302,-0.07215814292430878,-0.08040088415145874,-0.29952383041381836,-0.010168110951781273,-0.11562299728393555,-0.3849089741706848,-0.04057956114411354,-0.14478570222854614,-0.4257514774799347,-0.06752282381057739,-0.17103517055511475,-0.4545128643512726,-0.08449464291334152,-0.03221714496612549,-0.3364853262901306,-0.017101924866437912,-0.04725313186645508,-0.4833810329437256,-0.0401814766228199,-0.0671086311340332,-0.5664059519767761,-0.060361262410879135,-0.09050673246383667,-0.6294785737991333,-0.07337553799152374,0.01756751537322998,-0.32857364416122437,-0.030015256255865097,0.023292183876037598,-0.46293914318084717,-0.0555088073015213,0.015841186046600342,-0.5429863929748535,-0.07238440215587616,0.002547323703765869,-0.6113282442092896,-0.08121331036090851,0.06364774703979492,-0.28701335191726685,-0.04531972482800484,0.0880889892578125,-0.394878625869751,-0.06571979820728302,0.09712707996368408,-0.468097984790802,-0.07431425154209137,0.09680140018463135,-0.5372068881988525,-0.07853179425001144
0.0,0.0,0.0,-0.06526285409927368,-0.03213036060333252,-0.023134781047701836,-0.11863106489181519,-0.1276037096977234,-0.03769764304161072,-0.14823246002197266,-0.2221599817276001,-0.05324604734778404,-0.16176211833953857,-0.31092017889022827,-0.0681740939617157,-0.07352268695831299,-0.28651100397109985,-0.008791739121079445,-0.10992258787155151,-0.35840827226638794,-0.04163910821080208,-0.1375405192375183,-0.3854708671569824,-0.06996259093284607,-0.16177356243133545,-0.3964868187904358,-0.08685582876205444,-0.029657602310180664,-0.3220873475074768,-0.016257314011454582,-0.04787224531173706,-0.46619969606399536,-0.04240083321928978,-0.06840652227401733,-0.5481672883033752,-0.06399330496788025,-0.09229850769042969,-0.612133264541626,-0.07700314372777939,0.018475711345672607,-0.31477224826812744,-0.029765469953417778,0.024484217166900635,-0.4508408308029175,-0.057963889092206955,0.01865983009338379,-0.5318546295166016,-0.076527900993824,0.0056768059730529785,-0.6014562845230103,-0.08562010526657104,0.06486469507217407,-0.2729615569114685,-0.045233506709337234,0.08999896049499512,-0.38201457262039185,-0.0665467157959938,0.0987480878829956,-0.45523303747177124,-0.07564855366945267,0.0969269871711731,-0.5253011584281921,-0.08008350431919098
0.0,0.0,0.0,-0.06687486171722412,-0.025639593601226807,-0.02514217607676983,-0.12063354253768921,-0.12039816379547119,-0.04027990624308586,-0.14843875169754028,-0.21664518117904663,-0.05519857630133629,-0.15891802310943604,-0.30635225772857666,-0.06931424140930176,-0.07388341426849365,-0.27687007188796997,-0.014714919961988926,-0.10877561569213867,-0.3523080348968506,-0.046523869037628174,-0.13691794872283936,-0.373898983001709,-0.07307000458240509,-0.16150492429733276,-0.3800429105758667,-0.08877091854810715,-0.02931588888168335,-0.31279057264328003,-0.02048143371939659,-0.04697608947753906,-0.4575120508670807,-0.04676996171474457,-0.06958824396133423,-0.5384590029716492,-0.06787722557783127,-0.09491407871246338,-0.6034325361251831,-0.08051317185163498,0.017466843128204346,-0.30423998832702637,-0.031810272485017776,0.026376664638519287,-0.4397796094417572,-0.06086967512965202,0.018865108489990234,-0.5223021507263184,-0.0798707902431488,0.0049817562103271484,-0.5937972068786621,-0.0891425609588623,0.06228029727935791,-0.2626025676727295,-0.044778577983379364,0.0871075987815857,-0.37237101793289185,-0.06722722947597504,0.09515702724456787,-0.44627755880355835,-0.07668867707252502,0.09293276071548462,-0.5165924429893494,-0.08126208931207657
0.0,0.0,0.0,-0.06552886962890625,-0.026139914989471436,-0.02511003240942955,-0.11959964036941528,-0.12033230066299438,-0.04051348939538002,-0.14886444807052612,-0.21646714210510254,-0.055775608867406845,-0.1598292589187622,-0.30560076236724854,-0.07027148455381393,-0.07427144050598145,-0.27757686376571655,-0.014692354016005993,-0.11015939712524414,-0.3514229655265808,-0.04770655930042267,-0.13821619749069214,-0.3741123676300049,-0.0754561647772789,-0.16198551654815674,-0.38066303730010986,-0.09191006422042847,-0.030406534671783447,-0.3126605153083801,-0.02047308348119259,-0.04830878973007202,-0.4571801722049713,-0.04851555451750755,-0.07113271951675415,-0.5382386445999146,-0.07100860029459,-0.09649443626403809,-0.6020843982696533,-0.0842367559671402,0.016348659992218018,-0.3044564723968506,-0.03177594020962715,0.024100303649902344,-0.44055476784706116,-0.061616018414497375,0.01699662208557129,-0.5221388936042786,-0.08092926442623138,0.003973603248596191,-0.5925905704498291,-0.0901387557387352,0.06123238801956177,-0.2630268931388855,-0.04474600404500961,0.08555245399475098,-0.3721221089363098,-0.06699535995721817,0.09382718801498413,-0.44509804248809814,-0.07631389051675797,0.09261637926101685,-0.515347957611084,-0.08076350390911102
0.0,0.0,0.0,-0.06559234857559204,-0.028174400329589844,-0.026376890018582344,-0.11954140663146973,-0.12049609422683716,-0.04286293685436249,-0.14808309078216553,-0.21656781435012817,-0.059009991586208344,-0.15706372261047363,-0.30741894245147705,-0.07436566799879074,-0.07246100902557373,-0.2784464359283447,-0.016618529334664345,-0.10756886005401611,-0.3516535758972168,-0.05102540925145149,-0.1355881690979004,-0.3736121654510498,-0.07994983345270157,-0.15967172384262085,-0.38001662492752075,-0.09697370231151581,-0.028482794761657715,-0.31298738718032837,-0.022200368344783783,-0.04532349109649658,-0.4563325047492981,-0.051267076283693314,-0.0682944655418396,-0.5374115705490112,-0.07474149763584137,-0.09406828880310059,-0.6006248593330383,-0.08846326917409897,0.018073976039886475,-0.30358582735061646,-0.033360112458467484,0.025445163249969482,-0.4395257532596588,-0.06372645497322083,0.01797086000442505,-0.5210652947425842,-0.08349382132291794,0.0048484206199646,-0.5907783508300781,-0.09284556657075882,0.062381744384765625,-0.2605968117713928,-0.04629049450159073,0.08668845891952515,-0.3704833984375,-0.0690278708934784,0.09536045789718628,-0.44390228390693665,-0.07860975712537766,0.09492349624633789,-0.5140340328216553,-0.08300414681434631
0.0,0.0,0.0,-0.06659269332885742,-0.02967238426208496,-0.023333774879574776,-0.11957752704620361,-0.12442052364349365,-0.03796147555112839,-0.14903134107589722,-0.2199932336807251,-0.05350716784596443,-0.16016888618469238,-0.3088906407356262,-0.06840899586677551,-0.074809730052948,-0.2823207378387451,-0.008937068283557892,-0.11018824577331543,-0.3565635681152344,-0.04408293217420578,-0.13782232999801636,-0.3807517886161804,-0.07444076985120773,-0.1610010862350464,-0.3863571882247925,-0.09207068383693695,-0.031162500381469727,-0.3171495795249939,-0.01598709635436535,-0.047595977783203125,-0.4609532356262207,-0.043983299285173416,-0.07014530897140503,-0.543310284614563,-0.06699802726507187,-0.09602385759353638,-0.6062842607498169,-0.08037113398313522,0.015757381916046143,-0.3098044991493225,-0.02917550876736641,0.022414088249206543,-0.4447287917137146,-0.057980019599199295,0.01554805040359497,-0.5253792405128479,-0.07687496393918991,0.002703428268432617,-0.5940317511558533,-0.08574655652046204,0.06044214963912964,-0.2691553831100464,-0.04433757811784744,0.08570992946624756,-0.37674880027770996,-0.06529048830270767,0.09508299827575684,-0.4496730864048004,-0.07427939772605896,0.09512585401535034,-0.5200106501579285,-0.0785047709941864
0.0,0.0,0.0,-0.06723862886428833,-0.02807372808456421,-0.024878771975636482,-0.12111878395080566,-0.12270492315292358,-0.04031934216618538,-0.1496419906616211,-0.21962511539459229,-0.05604294314980507,-0.15956443548202515,-0.3103499412536621,-0.07099183648824692,-0.07465904951095581,-0.28085482120513916,-0.012323487550020218,-0.11051851511001587,-0.3581419587135315,-0.04666876420378685,-0.1382649540901184,-0.37984395027160645,-0.0758029967546463,-0.1611669659614563,-0.38210242986679077,-0.09267563372850418,-0.030617594718933105,-0.31512904167175293,-0.018294593319296837,-0.04714471101760864,-0.4602087438106537,-0.04635976627469063,-0.07078486680984497,-0.5433797836303711,-0.06927555799484253,-0.09723126888275146,-0.6070178747177124,-0.08265160024166107,0.016068220138549805,-0.3072051405906677,-0.030173378065228462,0.022926926612854004,-0.44345757365226746,-0.05909091234207153,0.015183985233306885,-0.5252779722213745,-0.0781395435333252,0.002122163772583008,-0.5936487913131714,-0.0871874988079071,0.0610274076461792,-0.2668358087539673,-0.043984342366456985,0.08471173048019409,-0.3768882751464844,-0.06529057770967484,0.09293091297149658,-0.4508056044578552,-0.07448473572731018,0.09216755628585815,-0.5210971832275391,-0.0788549855351448
0.0,0.0,0.0,-0.0667121410369873,-0.030677437782287598,-0.024538639932870865,-0.11985677480697632,-0.12398737668991089,-0.040072545409202576,-0.14803117513656616,-0.21919310092926025,-0.05619363486766815,-0.15869951248168945,-0.31033241748809814,-0.07154101878404617,-0.07322537899017334,-0.2820308208465576,-0.011332651600241661,-0.10782498121261597,-0.35745328664779663,-0.04724329337477684,-0.13649165630340576,-0.3799900412559509,-0.07768924534320831,-0.16083645820617676,-0.38531559705734253,-0.09523547440767288,-0.02931976318359375,-0.3161918520927429,-0.017865708097815514,-0.04550576210021973,-0.4584992527961731,-0.04668750613927841,-0.06789225339889526,-0.5413673520088196,-0.06992533057928085,-0.09315866231918335,-0.6067439317703247,-0.08345946669578552,0.017436444759368896,-0.3082371950149536,-0.03056786209344864,0.02433234453201294,-0.44253599643707275,-0.060561634600162506,0.01751422882080078,-0.5235776305198669,-0.07967454195022583,0.004868626594543457,-0.5929295420646667,-0.0884433388710022,0.062377095222473145,-0.2672886848449707,-0.045228905975818634,0.08726763725280762,-0.375299870967865,-0.06718114763498306,0.09619009494781494,-0.4488995373249054,-0.07647000253200531,0.09564840793609619,-0.5195547342300415,-0.08068831264972687
0.0,0.0,0.0,-0.06771904230117798,-0.03220182657241821,-0.02229313552379608,-0.12134748697280884,-0.12857770919799805,-0.03612939268350601,-0.14946407079696655,-0.2242172360420227,-0.051103152334690094,-0.15935075283050537,-0.31363582611083984,-0.06537763774394989,-0.07520633935928345,-0.2878090739250183,-0.00766686862334609,-0.11073774099349976,-0.363686740398407,-0.04280100017786026,-0.1391734480857849,-0.3878042697906494,-0.07301685959100723,-0.1632673740386963,-0.3935856819152832,-0.09045957773923874,-0.030758559703826904,-0.32263922691345215,-0.015066852793097496,-0.046904921531677246,-0.46424418687820435,-0.0422835499048233,-0.06826084852218628,-0.5466882586479187,-0.064517542719841,-0.09318482875823975,-0.6104422807693481,-0.0775531455874443,0.016482234001159668,-0.31515568494796753,-0.02875298447906971,0.02287137508392334,-0.4489295482635498,-0.0574776753783226,0.016512572765350342,-0.5298798084259033,-0.07625123113393784,0.003541111946105957,-0.598932147026062,-0.08504697680473328,0.06150537729263306,-0.27380669116973877,-0.044389765709638596,0.08722031116485596,-0.3802996277809143,-0.06600737571716309,0.0961768627166748,-0.4531693458557129,-0.07554358243942261,0.09501808881759644,-0.5230737328529358,-0.079985611140728
0.0,0.0,0.0,-0.06981551647186279,-0.03315317630767822,-0.02254864200949669,-0.12417477369308472,-0.12942928075790405,-0.036654457449913025,-0.1532871127128601,-0.22659552097320557,-0.052108440548181534,-0.16371113061904907,-0.3179115653038025,-0.06670771539211273,-0.07755047082901001,-0.28921353816986084,-0.006681105121970177,-0.11361634731292725,-0.36801064014434814,-0.04279794171452522,-0.14242416620254517,-0.3918989300727844,-0.07340550422668457,-0.16623908281326294,-0.3953840732574463,-0.090647391974926,-0.032975614070892334,-0.32437777519226074,-0.0138264000415802,-0.04993396997451782,-0.46746155619621277,-0.0405237153172493,-0.0708000659942627,-0.5504593253135681,-0.061855997890233994,-0.09473288059234619,-0.6148760318756104,-0.0742390975356102,0.015064477920532227,-0.31732767820358276,-0.027596913278102875,0.019725024700164795,-0.45142850279808044,-0.05584833025932312,0.0133436918258667,-0.532028317451477,-0.07352321594953537,0.000796973705291748,-0.6008817553520203,-0.08149795234203339,0.061074256896972656,-0.27703291177749634,-0.04349230229854584,0.08600890636444092,-0.3835587501525879,-0.06465260684490204,0.09493082761764526,-0.45598798990249634,-0.07349982112646103,0.09435564279556274,-0.5255634784698486,-0.0773194283246994
0.0,0.0,0.0,-0.0741625428199768,-0.042239606380462646,-0.02149350196123123,-0.12857377529144287,-0.1428346037864685,-0.03432801738381386,-0.15688598155975342,-0.24292075634002686,-0.04877527058124542,-0.17186272144317627,-0.33308762311935425,-0.06270778179168701,-0.08031702041625977,-0.3059648275375366,-0.002619523322209716,-0.11334174871444702,-0.38917964696884155,-0.032274141907691956,-0.14174187183380127,-0.4256460666656494,-0.05949411913752556,-0.1674986481666565,-0.44982874393463135,-0.07665663957595825,-0.03302192687988281,-0.3413785696029663,-0.010884665884077549,-0.04948145151138306,-0.48465853929519653,-0.03250958397984505,-0.06955856084823608,-0.5670123100280762,-0.05285215377807617,-0.092274010181427,-0.6332705020904541,-0.06648533046245575,0.01665520668029785,-0.33327585458755493,-0.025439975783228874,0.021244585514068604,-0.46847090125083923,-0.050426237285137177,0.013856709003448486,-0.5486622452735901,-0.06822600215673447,0.0005358457565307617,-0.6186865568161011,-0.07808832824230194,0.06302660703659058,-0.2912212014198303,-0.042194049805402756,0.0875365138053894,-0.3974524736404419,-0.06257423758506775,0.09663701057434082,-0.4698325991630554,-0.07217484712600708,0.09631216526031494,-0.5399233102798462,-0.07758422940969467
0.0,0.0,0.0,-0.08023577928543091,-0.04184222221374512,-0.0260285846889019,-0.1405860185623169,-0.13775306940078735,-0.04048211872577667,-0.17153841257095337,-0.24118155241012573,-0.05508875101804733,-0.18794119358062744,-0.33480358123779297,-0.06872744858264923,-0.08706462383270264,-0.30711036920547485,-0.007871080189943314,-0.1214984655380249,-0.403268039226532,-0.03537201136350632,-0.15084171295166016,-0.44984716176986694,-0.06073755398392677,-0.17782306671142578,-0.4850451350212097,-0.07747160643339157,-0.037397563457489014,-0.34275442361831665,-0.013423057273030281,-0.05472588539123535,-0.4905250668525696,-0.03320261463522911,-0.07351845502853394,-0.5746822953224182,-0.05225193873047829,-0.09497880935668945,-0.6422750949859619,-0.06593411415815353,0.013218164443969727,-0.3341749310493469,-0.025355011224746704,0.016442298889160156,-0.4686831831932068,-0.048416923731565475,0.010114014148712158,-0.5483732223510742,-0.06602116674184799,-0.0010799169540405273,-0.6203017234802246,-0.07677825540304184,0.0616266131401062,-0.29263371229171753,-0.039903827011585236,0.08421516418457031,-0.3996683955192566,-0.06015574932098389,0.09276354312896729,-0.4700438976287842,-0.07046753913164139,0.09285461902618408,-0.5395944118499756,-0.07680075615644455
0.0,0.0,0.0,-0.08253145217895508,-0.04266154766082764,-0.028068160638213158,-0.14578860998153687,-0.1365479826927185,-0.04398902505636215,-0.1781761646270752,-0.23933708667755127,-0.05958281457424164,-0.19623225927352905,-0.33338576555252075,-0.07423650473356247,-0.09047973155975342,-0.3137768507003784,-0.011841697618365288,-0.1254342794418335,-0.41315358877182007,-0.038487523794174194,-0.15409070253372192,-0.46340513229370117,-0.06313865631818771,-0.18116849660873413,-0.503921627998352,-0.08000866323709488,-0.03959017992019653,-0.3496703505516052,-0.017025567591190338,-0.05669057369232178,-0.49794480204582214,-0.037253525108098984,-0.07589167356491089,-0.5824362635612488,-0.05726063996553421,-0.09789156913757324,-0.6500020027160645,-0.07205840945243835,0.010773241519927979,-0.34088194370269775,-0.028368311002850533,0.013942241668701172,-0.4751766622066498,-0.051959726959466934,0.006492674350738525,-0.5548351407051086,-0.07093409448862076,-0.005565822124481201,-0.6265609264373779,-0.08311876654624939,0.0584489107131958,-0.299488365650177,-0.04237803444266319,0.08174264430999756,-0.4068237543106079,-0.06321202963590622,0.0908653736114502,-0.47809839248657227,-0.07478377968072891,0.09182149171829224,-0.5491856336593628,-0.0823902040719986
0.0,0.0,0.0,-0.0813567042350769,-0.04279804229736328,-0.028175488114356995,-0.14522773027420044,-0.13787859678268433,-0.04472090303897858,-0.17954415082931519,-0.23988789319992065,-0.06111643463373184,-0.2000882625579834,-0.33271855115890503,-0.07632812857627869,-0.09318453073501587,-0.3204832077026367,-0.012612810358405113,-0.12610208988189697,-0.4186047911643982,-0.04009977728128433,-0.1535409688949585,-0.46971145272254944,-0.06508151441812515,-0.18014675378799438,-0.5121674537658691,-0.08219806849956512,-0.04172968864440918,-0.35629284381866455,-0.01779668778181076,-0.05883556604385376,-0.5021435618400574,-0.03840373083949089,-0.07668805122375488,-0.5866056680679321,-0.05700980871915817,-0.09795969724655151,-0.6548721790313721,-0.07079662382602692,0.009931087493896484,-0.347730815410614,-0.029398275539278984,0.0123634934425354,-0.47819557785987854,-0.05314745754003525,0.006565451622009277,-0.557472825050354,-0.07091463357210159,-0.00457000732421875,-0.6301817893981934,-0.08222705125808716,0.05873221158981323,-0.30759143829345703,-0.0438721738755703,0.082061767578125,-0.4126132130622864,-0.0645265057682991,0.09107375144958496,-0.48410916328430176,-0.07579942792654037,0.09146320819854736,-0.5545413494110107,-0.08323336392641068
0.0,0.0,0.0,-0.0795016884803772,-0.04300403594970703,-0.027723051607608795,-0.14402294158935547,-0.13765990734100342,-0.04421904683113098,-0.17807096242904663,-0.23777270317077637,-0.06068713963031769,-0.20000773668289185,-0.3293631076812744,-0.0759856104850769,-0.09162062406539917,-0.3204793334007263,-0.012595603242516518,-0.12399899959564209,-0.4186685085296631,-0.039514731615781784,-0.15096157789230347,-0.46967512369155884,-0.06389650702476501,-0.1772790551185608,-0.5105738043785095,-0.08056371659040451,-0.04034954309463501,-0.3554030656814575,-0.01797635294497013,-0.05657839775085449,-0.5019838809967041,-0.03868298605084419,-0.07430177927017212,-0.5871471762657166,-0.05718603730201721,-0.09541243314743042,-0.6553788781166077,-0.07080373913049698,0.01113593578338623,-0.34664857387542725,-0.029699169099330902,0.01368415355682373,-0.478047251701355,-0.05330178886651993,0.00850898027420044,-0.5582598447799683,-0.07108968496322632,-0.001957118511199951,-0.6308102011680603,-0.08246476948261261,0.060101330280303955,-0.30670392513275146,-0.044235214591026306,0.08377671241760254,-0.4119846224784851,-0.06433937698602676,0.09293287992477417,-0.48349976539611816,-0.07543686777353287,0.0931706428527832,-0.553321123123169,-0.08287609368562698
0.0,0.0,0.0,-0.07913559675216675,-0.04235804080963135,-0.030551113188266754,-0.14281320571899414,-0.13425183296203613,-0.04918486252427101,-0.17649579048156738,-0.23508363962173462,-0.06713316589593887,-0.19707703590393066,-0.3292528986930847,-0.08387979865074158,-0.08952641487121582,-0.3168954849243164,-0.01743924245238304,-0.12326276302337646,-0.41508185863494873,-0.046103641390800476,-0.15101230144500732,-0.46592578291893005,-0.07127103954553604,-0.17795884609222412,-0.5050610899925232,-0.08826322853565216,-0.038478851318359375,-0.3524850010871887,-0.02199823595583439,-0.05443292856216431,-0.5014853477478027,-0.044988349080085754,-0.07268553972244263,-0.586036205291748,-0.06526403874158859,-0.09432327747344971,-0.6543433666229248,-0.07980091124773026,0.012478768825531006,-0.3432232141494751,-0.032768141478300095,0.015430986881256104,-0.4756662845611572,-0.058298222720623016,0.009836256504058838,-0.5559610724449158,-0.07743533700704575,-0.0007717609405517578,-0.6295393705368042,-0.08944141119718552,0.06082022190093994,-0.30144840478897095,-0.046335719525814056,0.08474487066268921,-0.408549427986145,-0.06781952828168869,0.0947713851928711,-0.48076051473617554,-0.07957448810338974,0.09574878215789795,-0.5523418188095093,-0.08728808164596558
0.0,0.0,0.0,-0.0786239504814148,-0.04095590114593506,-0.029524507001042366,-0.13990426063537598,-0.1343439817428589,-0.047197889536619186,-0.17166346311569214,-0.23582255840301514,-0.06412320584058762,-0.18978089094161987,-0.32970738410949707,-0.07979711145162582,-0.08821922540664673,-0.3098754286766052,-0.015928808599710464,-0.12064677476882935,-0.4048547148704529,-0.04403598979115486,-0.1483284831047058,-0.4510362148284912,-0.06858082860708237,-0.1747930645942688,-0.4851706624031067,-0.08489026874303818,-0.037599802017211914,-0.3464321494102478,-0.020742790773510933,-0.05326581001281738,-0.49679815769195557,-0.04222942516207695,-0.07120943069458008,-0.5805681347846985,-0.061526477336883545,-0.0925905704498291,-0.6483786106109619,-0.07533123344182968,0.013136088848114014,-0.33768510818481445,-0.03164041042327881,0.016802668571472168,-0.4717947840690613,-0.05609379708766937,0.010343432426452637,-0.5519311428070068,-0.07445795834064484,-0.001783907413482666,-0.6245392560958862,-0.08592798560857773,0.06165468692779541,-0.295443058013916,-0.04519907385110855,0.0858229398727417,-0.40239453315734863,-0.06613272428512573,0.09531247615814209,-0.4730759859085083,-0.07700652629137039,0.09496349096298218,-0.5429040193557739,-0.08397001773118973
0.0,0.0,0.0,-0.07230263948440552,-0.04561722278594971,-0.02217346616089344,-0.12655633687973022,-0.14285904169082642,-0.03699854388833046,-0.15494173765182495,-0.23954683542251587,-0.053671929985284805,-0.16051548719406128,-0.3296999931335449,-0.06878924369812012,-0.08122020959854126,-0.3138340711593628,-0.006526102311909199,-0.11901611089706421,-0.3967829942703247,-0.04311350733041763,-0.14733684062957764,-0.41955482959747314,-0.07259989529848099,-0.16974443197250366,-0.41678327322006226,-0.08855424076318741,-0.034141480922698975,-0.34880131483078003,-0.013939905911684036,-0.05220234394073486,-0.49310100078582764,-0.03851838782429695,-0.07121622562408447,-0.5767198204994202,-0.05653020739555359,-0.09314674139022827,-0.6434583067893982,-0.0672413557767868,0.01630580425262451,-0.34040147066116333,-0.02840897999703884,0.01957094669342041,-0.4737932085990906,-0.05424750596284866,0.01347339153289795,-0.5564528703689575,-0.06927843391895294,0.0010075569152832031,-0.6297743320465088,-0.07645384967327118,0.063132643699646,-0.2974480390548706,-0.045411910861730576,0.08835363388061523,-0.4037489891052246,-0.06526421755552292,0.09730774164199829,-0.47580137848854065,-0.0731956735253334,0.09689551591873169,-0.5464237928390503,-0.07670150697231293
0.0,0.0,0.0,-0.06742572784423828,-0.029356002807617188,-0.025321360677480698,-0.1203339695930481,-0.12149035930633545,-0.04151315242052078,-0.14653265476226807,-0.2163107991218567,-0.057997677475214005,-0.15430974960327148,-0.3065568804740906,-0.07342023402452469,-0.07561254501342773,-0.2871394157409668,-0.0133738424628973,-0.10785365104675293,-0.36275458335876465,-0.048530079424381256,-0.13295823335647583,-0.38417279720306396,-0.07798797637224197,-0.15512162446975708,-0.3873862624168396,-0.0948881283402443,-0.031100094318389893,-0.32220345735549927,-0.01972893811762333,-0.04794049263000488,-0.46668410301208496,-0.046458613127470016,-0.06936979293823242,-0.5500752925872803,-0.06810512393712997,-0.09423267841339111,-0.6162703633308411,-0.0810677707195282,0.016075849533081055,-0.3126257061958313,-0.03225407004356384,0.023008286952972412,-0.4473281800746918,-0.060944799333810806,0.016667664051055908,-0.5296188592910767,-0.07997146248817444,0.0042400360107421875,-0.600965142250061,-0.08935295790433884,0.0614277720451355,-0.2682305574417114,-0.04681430011987686,0.0893101692199707,-0.37640005350112915,-0.06891287863254547,0.09942233562469482,-0.4488787055015564,-0.07864774018526077,0.0993497371673584,-0.5191470980644226,-0.08343574404716492
0.0,0.0,0.0,-0.06608694791793823,-0.02783524990081787,-0.02788098342716694,-0.12068939208984375,-0.11831152439117432,-0.045614682137966156,-0.14883822202682495,-0.21186542510986328,-0.06282409280538559,-0.15543967485427856,-0.3032544255256653,-0.078975610435009,-0.0755048394203186,-0.285305380821228,-0.01821509748697281,-0.10934734344482422,-0.3614237308502197,-0.05395567789673805,-0.13477981090545654,-0.3811160922050476,-0.08374308794736862,-0.15695226192474365,-0.38392364978790283,-0.10103192925453186,-0.030808210372924805,-0.3196491003036499,-0.02345752716064453,-0.047402024269104004,-0.46266698837280273,-0.05165486037731171,-0.06862229108810425,-0.5436570644378662,-0.07457010447978973,-0.09268486499786377,-0.6081268787384033,-0.08849781006574631,0.016463160514831543,-0.30877870321273804,-0.03469829261302948,0.024114906787872314,-0.44372326135635376,-0.06486151367425919,0.017885327339172363,-0.5257163643836975,-0.08522489666938782,0.005862593650817871,-0.5975167751312256,-0.09554710984230042,0.062109172344207764,-0.26367413997650146,-0.0478869266808033,0.08846259117126465,-0.3723931312561035,-0.07138660550117493,0.09832209348678589,-0.4450424313545227,-0.08195698261260986,0.09828490018844604,-0.5157673358917236,-0.08728323876857758
0.0,0.0,0.0,-0.066886305809021,-0.029861509799957275,-0.026971004903316498,-0.1209949254989624,-0.12254291772842407,-0.044111769646406174,-0.14938640594482422,-0.21808785200119019,-0.061255596578121185,-0.15731346607208252,-0.31013184785842896,-0.07713739573955536,-0.0779690146446228,-0.2863423824310303,-0.015164044685661793,-0.11067783832550049,-0.36477696895599365,-0.052157673984766006,-0.13594317436218262,-0.3848962187767029,-0.08252277225255966,-0.15809106826782227,-0.38510990142822266,-0.09957382827997208,-0.032897353172302246,-0.3206966519355774,-0.0205314289778471,-0.04945671558380127,-0.4644422233104706,-0.04801025241613388,-0.06981343030929565,-0.5460076332092285,-0.069672130048275,-0.09358495473861694,-0.6112252473831177,-0.08261875808238983,0.014979362487792969,-0.3114238381385803,-0.032366689294576645,0.021057963371276855,-0.4468557834625244,-0.06173895671963692,0.015102624893188477,-0.5281844139099121,-0.08038336783647537,0.0028708577156066895,-0.5990176200866699,-0.08937562257051468,0.061178505420684814,-0.26861435174942017,-0.04636150225996971,0.08676791191101074,-0.37754058837890625,-0.06900884211063385,0.09668862819671631,-0.4495666027069092,-0.07871063798666,0.09678727388381958,-0.5198389291763306,-0.08329401910305023
0.0,0.0,0.0,-0.06618624925613403,-0.02904874086380005,-0.027917666360735893,-0.12096506357192993,-0.12001019716262817,-0.04586860164999962,-0.14894258975982666,-0.21525722742080688,-0.06321991980075836,-0.15508794784545898,-0.30781906843185425,-0.07935956865549088,-0.07527637481689453,-0.2858448624610901,-0.018438776955008507,-0.10680806636810303,-0.36482226848602295,-0.05500253662467003,-0.13260900974273682,-0.38309627771377563,-0.08533745259046555,-0.155548095703125,-0.384222149848938,-0.10283631831407547,-0.029985129833221436,-0.31929945945739746,-0.02355050854384899,-0.045540034770965576,-0.4630182087421417,-0.052527058869600296,-0.06709027290344238,-0.5442490577697754,-0.07604498416185379,-0.09164643287658691,-0.609994113445282,-0.09030920267105103,0.017149507999420166,-0.3087370991706848,-0.034650787711143494,0.024540603160858154,-0.4431743621826172,-0.06512580066919327,0.018094420433044434,-0.5253084301948547,-0.08532069623470306,0.0059098005294799805,-0.5971912145614624,-0.09547724574804306,0.06290984153747559,-0.2647101879119873,-0.04771293327212334,0.08864724636077881,-0.3732866644859314,-0.07091111689805984,0.09857380390167236,-0.4458734393119812,-0.08112280070781708,0.09874492883682251,-0.5163891911506653,-0.08623645454645157
0.0,0.0,0.0,-0.06637585163116455,-0.029523789882659912,-0.028205247595906258,-0.12049633264541626,-0.12052661180496216,-0.04615790769457817,-0.1484287977218628,-0.21557271480560303,-0.06349196285009384,-0.1551305651664734,-0.3073658347129822,-0.07971523702144623,-0.07495284080505371,-0.28584057092666626,-0.018112370744347572,-0.10611611604690552,-0.3636130094528198,-0.05490295961499214,-0.1318088173866272,-0.3826911449432373,-0.08590974658727646,-0.1548730731010437,-0.3852829337120056,-0.10399175435304642,-0.029602527618408203,-0.3194621801376343,-0.023197133094072342,-0.04461514949798584,-0.4632564187049866,-0.05235820636153221,-0.06619477272033691,-0.5439037084579468,-0.07637498527765274,-0.09108352661132812,-0.607995331287384,-0.09106385707855225,0.01733952760696411,-0.3083459734916687,-0.03432530537247658,0.025647103786468506,-0.4426723122596741,-0.06488407403230667,0.019464433193206787,-0.5244231224060059,-0.08535441756248474,0.007422387599945068,-0.5949287414550781,-0.09573343396186829,0.06284236907958984,-0.2633867859840393,-0.04747907817363739,0.0892454981803894,-0.3718797564506531,-0.07093527913093567,0.09926366806030273,-0.4446335732936859,-0.08146320283412933,0.0991736650466919,-0.5148909091949463,-0.08683528751134872
0.0,0.0,0.0,-0.06678736209869385,-0.03117513656616211,-0.026421621441841125,-0.12076044082641602,-0.12370473146438599,-0.04331407696008682,-0.14896494150161743,-0.21877074241638184,-0.0603584460914135,-0.15599435567855835,-0.3111833333969116,-0.07614695280790329,-0.07567918300628662,-0.2894873023033142,-0.014015013352036476,-0.10848629474639893,-0.3665834665298462,-0.05086608603596687,-0.1341876983642578,-0.3854352831840515,-0.08159258216619492,-0.1564541459083557,-0.3851778507232666,-0.09898754954338074,-0.030801892280578613,-0.3231114149093628,-0.019626250490546227,-0.04718947410583496,-0.4650978147983551,-0.04705829173326492,-0.0679742693901062,-0.5467748641967773,-0.06909500062465668,-0.09201759099960327,-0.6113258600234985,-0.08243972808122635,0.016628026962280273,-0.31303292512893677,-0.03170205280184746,0.023448526859283447,-0.44749587774276733,-0.06079445034265518,0.01689291000366211,-0.528796911239624,-0.07953448593616486,0.004291415214538574,-0.5988855361938477,-0.08871246129274368,0.06232953071594238,-0.2690238356590271,-0.04595883935689926,0.08880460262298584,-0.37729406356811523,-0.06835459172725677,0.0986553430557251,-0.4499313235282898,-0.07815980166196823,0.09859853982925415,-0.5204756855964661,-0.08291027694940567
0.0,0.0,0.0,-0.06798499822616577,-0.03576231002807617,-0.024663513526320457,-0.12142795324325562,-0.13170909881591797,-0.04067464917898178,-0.15077698230743408,-0.22716212272644043,-0.05770139396190643,-0.15577632188796997,-0.31725013256073,-0.07319117337465286,-0.07663553953170776,-0.30102288722991943,-0.007753368001431227,-0.10791164636611938,-0.3802391290664673,-0.045913927257061005,-0.13385868072509766,-0.40031784772872925,-0.07806840538978577,-0.1569199562072754,-0.39679062366485596,-0.09583687037229538,-0.03126627206802368,-0.33492034673690796,-0.013745562173426151,-0.047567009925842285,-0.47447600960731506,-0.04047020897269249,-0.06789958477020264,-0.5541548728942871,-0.061563581228256226,-0.09235501289367676,-0.6169196367263794,-0.07392986118793488,0.017072618007659912,-0.3264898657798767,-0.02682015672326088,0.020961403846740723,-0.45941752195358276,-0.05410884693264961,0.013821899890899658,-0.5408341884613037,-0.07067215442657471,0.00038939714431762695,-0.6121429800987244,-0.07832400500774384,0.06338995695114136,-0.2840479016304016,-0.04244622215628624,0.0879010558128357,-0.3917664885520935,-0.06280825287103653,0.09717351198196411,-0.4629681706428528,-0.07110387086868286,0.0973246693611145,-0.5326394438743591,-0.07461711764335632
0.0,0.0,0.0,-0.06904768943786621,-0.036595821380615234,-0.02503228187561035,-0.121895432472229,-0.13002729415893555,-0.041012004017829895,-0.14951395988464355,-0.2248913049697876,-0.05782432481646538,-0.15657007694244385,-0.31825965642929077,-0.0730714201927185,-0.075813889503479,-0.2983745336532593,-0.008590929210186005,-0.10660642385482788,-0.37692147493362427,-0.04481865465641022,-0.1338866949081421,-0.39482516050338745,-0.0748850628733635,-0.1581680178642273,-0.3916279077529907,-0.09151158481836319,-0.02985072135925293,-0.33212393522262573,-0.014594696462154388,-0.04670590162277222,-0.4704076647758484,-0.03995624557137489,-0.06743490695953369,-0.5514709949493408,-0.06012220308184624,-0.09148037433624268,-0.6171523332595825,-0.07238525152206421,0.018309414386749268,-0.3238927721977234,-0.027616113424301147,0.02254462242126465,-0.4564379155635834,-0.055330611765384674,0.014756321907043457,-0.5387911200523376,-0.0724581852555275,0.0005050301551818848,-0.6106168031692505,-0.08073499798774719,0.06446003913879395,-0.28210878372192383,-0.04302269220352173,0.08953714370727539,-0.3890230059623718,-0.0644664615392685,0.09902238845825195,-0.460946261882782,-0.07362819463014603,0.0988229513168335,-0.530714213848114,-0.07790063321590424
0.0,0.0,0.0,-0.07146984338760376,-0.029155969619750977,-0.028237948194146156,-0.12691450119018555,-0.11816638708114624,-0.04509219899773598,-0.15350300073623657,-0.214127779006958,-0.06088973209261894,-0.1620696783065796,-0.3051799535751343,-0.07547560334205627,-0.07674771547317505,-0.2890549302101135,-0.017786940559744835,-0.10699981451034546,-0.37358593940734863,-0.04796456918120384,-0.13432860374450684,-0.4055059552192688,-0.07369004189968109,-0.160078763961792,-0.4239717125892639,-0.09015147387981415,-0.029203712940216064,-0.32332849502563477,-0.022853640839457512,-0.04610240459442139,-0.46844249963760376,-0.04738433286547661,-0.06697249412536621,-0.5492388606071472,-0.06895295530557632,-0.09136813879013062,-0.6145600080490112,-0.08352884650230408,0.018615126609802246,-0.31354624032974243,-0.03363456949591637,0.025142252445220947,-0.4485144317150116,-0.06130022555589676,0.018190503120422363,-0.5295331478118896,-0.08131291717290878,0.005797624588012695,-0.601180911064148,-0.09301599860191345,0.06526321172714233,-0.26907724142074585,-0.04651263356208801,0.09146946668624878,-0.37789076566696167,-0.0705258920788765,0.10159820318222046,-0.4501035511493683,-0.08270235359668732,0.10131937265396118,-0.5216352343559265,-0.09000760316848755
0.0,0.0,0.0,-0.0782703161239624,-0.0350382924079895,-0.028043413534760475,-0.1362922191619873,-0.12598389387130737,-0.04371781647205353,-0.1649930477142334,-0.2244899868965149,-0.05897463113069534,-0.17552423477172852,-0.31868070363998413,-0.07281102240085602,-0.0835350751876831,-0.30451279878616333,-0.01148657314479351,-0.11620861291885376,-0.3982306718826294,-0.040184423327445984,-0.14622581005096436,-0.4400564432144165,-0.06553851068019867,-0.17430543899536133,-0.4678769111633301,-0.08161861449480057,-0.03357166051864624,-0.3395270109176636,-0.01592434197664261,-0.05039107799530029,-0.4831969738006592,-0.03608238697052002,-0.07126766443252563,-0.5671833157539368,-0.054662033915519714,-0.09566009044647217,-0.6316689848899841,-0.06771434098482132,0.01627659797668457,-0.330463707447052,-0.026882821694016457,0.020302295684814453,-0.4642336964607239,-0.05018800497055054,0.011901617050170898,-0.545916736125946,-0.0670030415058136,-0.0013579726219177246,-0.6164988279342651,-0.0770585834980011,0.0632670521736145,-0.2887492775917053,-0.04060962051153183,0.0871087908744812,-0.39580655097961426,-0.06189851835370064,0.0958905816078186,-0.4678308069705963,-0.07262571901082993,0.09597313404083252,-0.538659930229187,-0.07882946729660034
0.0,0.0,0.0,-0.07871556282043457,-0.033601462841033936,-0.030050095170736313,-0.1374099850654602,-0.1235695481300354,-0.04730819910764694,-0.1674519181251526,-0.22224003076553345,-0.06364966928958893,-0.18133306503295898,-0.3158329725265503,-0.07872729003429413,-0.08587360382080078,-0.3044400215148926,-0.015761183574795723,-0.11817121505737305,-0.40282875299453735,-0.04476986452937126,-0.14720571041107178,-0.4499107599258423,-0.07037246972322464,-0.17437529563903809,-0.48319026827812195,-0.08710505813360214,-0.03488737344741821,-0.3404104709625244,-0.01966032385826111,-0.05240011215209961,-0.4857821464538574,-0.04026039317250252,-0.07303160429000854,-0.5697072744369507,-0.05949034541845322,-0.09661537408828735,-0.635086178779602,-0.07338607311248779,0.015675246715545654,-0.3311575651168823,-0.029896117746829987,0.018978357315063477,-0.46461910009384155,-0.05326973274350166,0.011022329330444336,-0.5451979041099548,-0.07061202079057693,-0.001440286636352539,-0.6154579520225525,-0.08161136507987976,0.0636129379272461,-0.289797306060791,-0.04301619902253151,0.08701217174530029,-0.39473676681518555,-0.06452875584363937,0.09610247611999512,-0.46646416187286377,-0.0759722962975502,0.09668302536010742,-0.5377800464630127,-0.08306672424077988
0.0,0.0,0.0,-0.07710063457489014,-0.036070168018341064,-0.030798224732279778,-0.1364140510559082,-0.12518280744552612,-0.04893352463841438,-0.16678333282470703,-0.224287748336792,-0.06623152643442154,-0.18195754289627075,-0.3185163140296936,-0.08233138918876648,-0.08357864618301392,-0.3078470826148987,-0.01698397845029831,-0.11553806066513062,-0.4110146164894104,-0.04665704444050789,-0.14505505561828613,-0.46258240938186646,-0.07269351929426193,-0.17308151721954346,-0.49876314401626587,-0.08962219208478928,-0.03208643198013306,-0.3429376482963562,-0.02075684443116188,-0.048864543437957764,-0.48861515522003174,-0.04188920557498932,-0.06829303503036499,-0.57256019115448,-0.061423152685165405,-0.09074372053146362,-0.6371903419494629,-0.07546762377023697,0.01901477575302124,-0.3326200246810913,-0.030943384394049644,0.02175825834274292,-0.46473872661590576,-0.05482584610581398,0.015311956405639648,-0.5447713136672974,-0.07229594886302948,0.004020869731903076,-0.6144741773605347,-0.08327576518058777,0.06698769330978394,-0.2914440631866455,-0.044098351150751114,0.0903095006942749,-0.3958442807197571,-0.0658375695347786,0.09971094131469727,-0.46780985593795776,-0.07742290198802948,0.10103350877761841,-0.5381168723106384,-0.08451354503631592
0.0,0.0,0.0,-0.07771182060241699,-0.034047722816467285,-0.03278033435344696,-0.13687258958816528,-0.12209516763687134,-0.052089858800172806,-0.16658443212509155,-0.22118133306503296,-0.06999833881855011,-0.1820257306098938,-0.3151629567146301,-0.0866512879729271,-0.08516126871109009,-0.30403435230255127,-0.020866170525550842,-0.11830192804336548,-0.40881937742233276,-0.05117488652467728,-0.1479172706604004,-0.4634197950363159,-0.07710011303424835,-0.17582154273986816,-0.500703752040863,-0.09382133185863495,-0.034059107303619385,-0.33934468030929565,-0.023679032921791077,-0.050101399421691895,-0.487359881401062,-0.046153075993061066,-0.06995993852615356,-0.5732197761535645,-0.06598537415266037,-0.09310775995254517,-0.6391753554344177,-0.07988167554140091,0.016413450241088867,-0.32914113998413086,-0.03281475976109505,0.02098977565765381,-0.4617740511894226,-0.05746791884303093,0.014703989028930664,-0.5435793399810791,-0.0755067989230156,0.0035483241081237793,-0.6135961413383484,-0.08666018396615982,0.06439512968063354,-0.28821802139282227,-0.044954460114240646,0.08887022733688354,-0.39429324865341187,-0.06690540909767151,0.09887367486953735,-0.4666523337364197,-0.07867744565010071,0.10028398036956787,-0.5369213819503784,-0.08587497472763062
0.0,0.0,0.0,-0.07643568515777588,-0.0339658260345459,-0.0328584648668766,-0.13635265827178955,-0.12145930528640747,-0.05229317769408226,-0.1658625602722168,-0.2201804518699646,-0.07007433474063873,-0.18034356832504272,-0.3134623169898987,-0.08641969412565231,-0.08452767133712769,-0.3022913932800293,-0.02207523211836815,-0.11800277233123779,-0.4057605266571045,-0.051997847855091095,-0.14826959371566772,-0.45661789178848267,-0.077093705534935,-0.17693835496902466,-0.4914470911026001,-0.09318925440311432,-0.03396153450012207,-0.33769065141677856,-0.024783536791801453,-0.05127120018005371,-0.4850999712944031,-0.04726291820406914,-0.07066422700881958,-0.5710456371307373,-0.06663352996110916,-0.09316015243530273,-0.6391571164131165,-0.08022751659154892,0.015582501888275146,-0.3275773525238037,-0.03374925255775452,0.02014249563217163,-0.45844393968582153,-0.05937815085053444,0.014263808727264404,-0.5403821468353271,-0.07798229902982712,0.0029935240745544434,-0.6120693683624268,-0.08931304514408112,0.06285214424133301,-0.2872050404548645,-0.04553065076470375,0.08802199363708496,-0.39199578762054443,-0.0686655044555664,0.09855824708938599,-0.4641386866569519,-0.08123644441366196,0.10008800029754639,-0.5350625514984131,-0.08886954188346863
0.0,0.0,0.0,-0.07482868432998657,-0.03880143165588379,-0.028404857963323593,-0.13231974840164185,-0.13262832164764404,-0.04527593404054642,-0.16062605381011963,-0.23256665468215942,-0.06168008968234062,-0.1749996542930603,-0.3258565664291382,-0.07708987593650818,-0.08565884828567505,-0.30567359924316406,-0.016138259321451187,-0.11739683151245117,-0.3967224359512329,-0.04623084515333176,-0.1448194980621338,-0.4394737482070923,-0.07222653180360794,-0.1712806224822998,-0.4706149399280548,-0.088925302028656,-0.03563791513442993,-0.34155625104904175,-0.02150406315922737,-0.049533188343048096,-0.4897458255290985,-0.04458117112517357,-0.06816083192825317,-0.573474109172821,-0.06490926444530487,-0.09057271480560303,-0.6402762532234192,-0.07884088903665543,0.015348196029663086,-0.33179283142089844,-0.0328623428940773,0.0210302472114563,-0.46517708897590637,-0.05868514999747276,0.015131354331970215,-0.5450242757797241,-0.07742750644683838,0.0030464529991149902,-0.6168093681335449,-0.08849097788333893,0.06314706802368164,-0.28851866722106934,-0.04668724909424782,0.08864384889602661,-0.39436841011047363,-0.06824875622987747,0.09940934181213379,-0.4642142653465271,-0.07889080792665482,0.10031038522720337,-0.5326685905456543,-0.08526703715324402
0.0,0.0,0.0,-0.06697142124176025,-0.02870309352874756,-0.026322223246097565,-0.11912667751312256,-0.12468874454498291,-0.04156521335244179,-0.1440255045890808,-0.22347933053970337,-0.05658562853932381,-0.1508360505104065,-0.31525754928588867,-0.07033325731754303,-0.07457369565963745,-0.28556185960769653,-0.013625593855977058,-0.10525631904602051,-0.36373090744018555,-0.0466453917324543,-0.1322912573814392,-0.38493621349334717,-0.07394009828567505,-0.15657931566238403,-0.38846367597579956,-0.08972901105880737,-0.028440773487091064,-0.3181198835372925,-0.018904931843280792,-0.043809354305267334,-0.4624907970428467,-0.04536743089556694,-0.06453758478164673,-0.5455493927001953,-0.06673714518547058,-0.08918684720993042,-0.6109188795089722,-0.07949156314134598,0.019680440425872803,-0.3069791793823242,-0.03026673011481762,0.027677416801452637,-0.4415254294872284,-0.05925655737519264,0.022513151168823242,-0.5243210196495056,-0.07860834151506424,0.011021733283996582,-0.5953512191772461,-0.088093101978302,0.06589728593826294,-0.26215648651123047,-0.04356912523508072,0.09331327676773071,-0.3715822100639343,-0.0663205161690712,0.10385340452194214,-0.44527876377105713,-0.07666625082492828,0.10443264245986938,-0.5154634714126587,-0.0817989781498909
0.0,0.0,0.0,-0.066142737865448,-0.026080548763275146,-0.027369581162929535,-0.11834931373596191,-0.12041729688644409,-0.04307921230792999,-0.14201146364212036,-0.21708983182907104,-0.057548560202121735,-0.1486903429031372,-0.3080819845199585,-0.07108146697282791,-0.07402735948562622,-0.279640793800354,-0.019225623458623886,-0.10397666692733765,-0.3564656972885132,-0.05009802430868149,-0.13001388311386108,-0.37915748357772827,-0.07600719481706619,-0.15346795320510864,-0.38831502199172974,-0.09199996292591095,-0.02778857946395874,-0.31224095821380615,-0.023912224918603897,-0.0427212119102478,-0.4542134702205658,-0.05100973695516586,-0.06446540355682373,-0.5357586145401001,-0.07389234006404877,-0.08856922388076782,-0.6007941365242004,-0.08835433423519135,0.0193822979927063,-0.29950445890426636,-0.03380509465932846,0.029298603534698486,-0.4329012632369995,-0.06413467228412628,0.023381829261779785,-0.5157089233398438,-0.08558433502912521,0.011885464191436768,-0.5868827104568481,-0.0970010980963707,0.06486445665359497,-0.2539063096046448,-0.04518822953104973,0.09235763549804688,-0.36167973279953003,-0.06971041113138199,0.10243088006973267,-0.43504467606544495,-0.08134463429450989,0.10205227136611938,-0.504780113697052,-0.08780719339847565
0.0,0.0,0.0,-0.06782561540603638,-0.031282782554626465,-0.025729503482580185,-0.11943459510803223,-0.12955540418624878,-0.04083101078867912,-0.14645981788635254,-0.2269974946975708,-0.056001726537942886,-0.1557607650756836,-0.3191758394241333,-0.06996329128742218,-0.07609039545059204,-0.2920185923576355,-0.01132966484874487,-0.10747015476226807,-0.37189990282058716,-0.04547582566738129,-0.1339254379272461,-0.3944094181060791,-0.07437697798013687,-0.15755969285964966,-0.3983733057975769,-0.09105922281742096,-0.030820369720458984,-0.3243896961212158,-0.016801821067929268,-0.047079503536224365,-0.4674311876296997,-0.042886294424533844,-0.06775444746017456,-0.5494117140769958,-0.06446854025125504,-0.0918196439743042,-0.6141614317893982,-0.07752764225006104,0.016775012016296387,-0.3133816719055176,-0.028598608449101448,0.022976338863372803,-0.44718483090400696,-0.05691470578312874,0.017488479614257812,-0.5286683440208435,-0.0754394456744194,0.005923628807067871,-0.5988819599151611,-0.08451641350984573,0.06265860795974731,-0.27002400159835815,-0.04246770590543747,0.08798408508300781,-0.37797605991363525,-0.06435572355985641,0.09780901670455933,-0.45056816935539246,-0.07386007159948349,0.09799790382385254,-0.5202834606170654,-0.07847986370325089
0.0,0.0,0.0,-0.0687761902809143,-0.03289300203323364,-0.025343555957078934,-0.11897754669189453,-0.13138717412948608,-0.03988122567534447,-0.1449393630027771,-0.22973942756652832,-0.05480000376701355,-0.15479832887649536,-0.3224276304244995,-0.06829574704170227,-0.0752832293510437,-0.2950292229652405,-0.008659036830067635,-0.10610121488571167,-0.3768928050994873,-0.04299110546708107,-0.1333826184272766,-0.39781880378723145,-0.07185617089271545,-0.15749472379684448,-0.3988248109817505,-0.08805818855762482,-0.0293198823928833,-0.3266070485115051,-0.01382225938141346,-0.044746339321136475,-0.46881935000419617,-0.039241399616003036,-0.06556493043899536,-0.550568699836731,-0.05980214849114418,-0.09010642766952515,-0.614151656627655,-0.07186522334814072,0.018329143524169922,-0.31568318605422974,-0.025648418813943863,0.024554550647735596,-0.4480084776878357,-0.0533415786921978,0.01842212677001953,-0.5295164585113525,-0.0707479938864708,0.0062100887298583984,-0.5986831188201904,-0.07875850051641464,0.0639997124671936,-0.2727844715118408,-0.039695993065834045,0.08989512920379639,-0.37858283519744873,-0.06106596067547798,0.09953707456588745,-0.45114970207214355,-0.07023900002241135,0.09940952062606812,-0.520517110824585,-0.07434601336717606
0.0,0.0,0.0,-0.06990700960159302,-0.03374546766281128,-0.025735899806022644,-0.1209220290184021,-0.13216263055801392,-0.04065493494272232,-0.14739620685577393,-0.23162537813186646,-0.056046012789011,-0.15664035081863403,-0.32592952251434326,-0.06992511451244354,-0.07534259557723999,-0.29767119884490967,-0.008180942386388779,-0.10670799016952515,-0.37910789251327515,-0.0434747040271759,-0.1346244215965271,-0.3986392617225647,-0.0733063668012619,-0.15888142585754395,-0.39778876304626465,-0.08990699797868729,-0.029026567935943604,-0.32875293493270874,-0.01315796747803688,-0.0448760986328125,-0.4700618386268616,-0.03854188323020935,-0.06639528274536133,-0.551710844039917,-0.05914481356739998,-0.09136956930160522,-0.6146020889282227,-0.07125268131494522,0.018897414207458496,-0.3173409104347229,-0.025007175281643867,0.02400362491607666,-0.44956719875335693,-0.052174609154462814,0.016731619834899902,-0.5305911898612976,-0.06904231756925583,0.003827989101409912,-0.5987598896026611,-0.0767660066485405,0.06438487768173218,-0.2737067937850952,-0.03926800936460495,0.08984071016311646,-0.3793415427207947,-0.060194600373506546,0.09929841756820679,-0.451934278011322,-0.06920898705720901,0.09962499141693115,-0.5215448141098022,-0.07316973805427551
0.0,0.0,0.0,-0.06912940740585327,-0.03267109394073486,-0.026791732758283615,-0.12185293436050415,-0.12817364931106567,-0.0427946038544178,-0.14841622114181519,-0.2266923189163208,-0.058937422931194305,-0.15590542554855347,-0.32174456119537354,-0.07362424582242966,-0.07536202669143677,-0.29345548152923584,-0.01145377941429615,-0.10572510957717896,-0.37498146295547485,-0.047530949115753174,-0.13324987888336182,-0.3950861096382141,-0.07765554636716843,-0.15818607807159424,-0.39591503143310547,-0.09455606341362,-0.02965337038040161,-0.3255218267440796,-0.016402438282966614,-0.04477035999298096,-0.46760812401771545,-0.043173667043447495,-0.06573295593261719,-0.5488311648368835,-0.06457531452178955,-0.09042578935623169,-0.6132451295852661,-0.07722664624452591,0.017596185207366943,-0.3147848844528198,-0.028110597282648087,0.0242043137550354,-0.4465772807598114,-0.05676394701004028,0.017689168453216553,-0.5280122756958008,-0.07462166249752045,0.005049526691436768,-0.5976661443710327,-0.08291374146938324,0.06326562166213989,-0.2717265486717224,-0.04215753450989723,0.08946740627288818,-0.37859851121902466,-0.06435328722000122,0.09936153888702393,-0.4515562653541565,-0.074054054915905,0.09951025247573853,-0.521953284740448,-0.07847649604082108
0.0,0.0,0.0,-0.06941205263137817,-0.03240668773651123,-0.026554808020591736,-0.12092989683151245,-0.1288996934890747,-0.04183446988463402,-0.14617043733596802,-0.22784453630447388,-0.05720401182770729,-0.15474599599838257,-0.32223451137542725,-0.0710311010479927,-0.07487130165100098,-0.2955503463745117,-0.01032519992440939,-0.1051398515701294,-0.3764646649360657,-0.045618753880262375,-0.13280081748962402,-0.3977017402648926,-0.07524490356445312,-0.15726810693740845,-0.40017449855804443,-0.09188898652791977,-0.028589487075805664,-0.3283678889274597,-0.015149326995015144,-0.044023096561431885,-0.46938684582710266,-0.0410894937813282,-0.06523025035858154,-0.5517164468765259,-0.0619930699467659,-0.08986854553222656,-0.6160132884979248,-0.07434560358524323,0.018997013568878174,-0.3179149627685547,-0.026759354397654533,0.025463640689849854,-0.4482458233833313,-0.054818883538246155,0.018286049365997314,-0.5290149450302124,-0.07232723385095596,0.005088090896606445,-0.597600519657135,-0.08035010099411011,0.0644487738609314,-0.27450287342071533,-0.04073226824402809,0.0909300446510315,-0.37935924530029297,-0.06264182925224304,0.10023802518844604,-0.4519684612751007,-0.07229093462228775,0.09946566820144653,-0.5213403701782227,-0.07656428217887878
