0.0,0.0,0.0,-0.07243657112121582,0.019551753997802734,-0.06480719894170761,-0.1436762809753418,0.023081541061401367,-0.11585710942745209,-0.13887691497802734,0.07260894775390625,-0.16158096492290497,-0.08758288621902466,0.10030311346054077,-0.1991935819387436,-0.12192296981811523,-0.21250957250595093,-0.11063873767852783,-0.146775484085083,-0.24333912134170532,-0.17881377041339874,-0.13697445392608643,-0.248823881149292,-0.20649124681949615,-0.1171225905418396,-0.25830376148223877,-0.22043462097644806,-0.045072853565216064,-0.2689419984817505,-0.10590390115976334,-0.06335705518722534,-0.03219568729400635,-0.17439569532871246,-0.06918781995773315,0.06719398498535156,-0.1694977730512619,-0.06980782747268677,0.033950984477996826,-0.1549052745103836,0.0278131365776062,-0.24105948209762573,-0.10906513035297394,0.013736844062805176,0.013218283653259277,-0.17506393790245056,-0.0026091933250427246,0.09020215272903442,-0.144478440284729,-0.014009594917297363,0.05855858325958252,-0.11088742315769196,0.09015685319900513,-0.18137866258621216,-0.12001900374889374,0.07899415493011475,0.023193717002868652,-0.18330222368240356,0.05831104516983032,0.08974385261535645,-0.18120113015174866,0.04288136959075928,0.07056248188018799,-0.1636935919523239
0.0,0.0,0.0,-0.07140862941741943,0.020560920238494873,-0.0698503777384758,-0.1418229341506958,0.024306535720825195,-0.12465442717075348,-0.13582885265350342,0.07478463649749756,-0.17249323427677155,-0.083687424659729,0.10156720876693726,-0.211832657456398,-0.11961108446121216,-0.21182572841644287,-0.12274245917797089,-0.14430594444274902,-0.23650306463241577,-0.1963162124156952,-0.1343201994895935,-0.24083662033081055,-0.22676438093185425,-0.11511313915252686,-0.2542840838432312,-0.2423100620508194,-0.04156947135925293,-0.2667418122291565,-0.11654803901910782,-0.06026536226272583,-0.03891944885253906,-0.18984876573085785,-0.06676691770553589,0.06253087520599365,-0.18566055595874786,-0.06782972812652588,0.02664250135421753,-0.17143915593624115,0.03160357475280762,-0.23803943395614624,-0.11833218485116959,0.01701909303665161,0.0141676664352417,-0.18853570520877838,-0.0017184019088745117,0.09370505809783936,-0.1582936942577362,-0.015224158763885498,0.056560635566711426,-0.12488365918397903,0.09475582838058472,-0.1784871220588684,-0.12809956073760986,0.08303689956665039,0.02478158473968506,-0.19391359388828278,0.059570133686065674,0.09372901916503906,-0.19227498769760132,0.041415631771087646,0.07228362560272217,-0.17536625266075134
0.0,0.0,0.0,-0.07331669330596924,0.020295798778533936,-0.06726942211389542,-0.1448831558227539,0.021990716457366943,-0.12065210193395615,-0.1384473443031311,0.07126694917678833,-0.16742783784866333,-0.08409833908081055,0.10013973712921143,-0.20567087829113007,-0.12212896347045898,-0.20716452598571777,-0.12009941786527634,-0.14613300561904907,-0.23140662908554077,-0.19190086424350739,-0.13671767711639404,-0.23544526100158691,-0.221291646361351,-0.11848264932632446,-0.252926766872406,-0.2368234097957611,-0.044215261936187744,-0.26364564895629883,-0.11471488326787949,-0.06381434202194214,-0.0379253625869751,-0.18651309609413147,-0.06985944509506226,0.06657212972640991,-0.18137140572071075,-0.07004910707473755,0.030363261699676514,-0.1671573966741562,0.028935253620147705,-0.2363327145576477,-0.11702226102352142,0.015248894691467285,0.012671411037445068,-0.18579703569412231,-0.0035799145698547363,0.0965767502784729,-0.15447744727134705,-0.016629397869110107,0.06192260980606079,-0.12097908556461334,0.09193366765975952,-0.17700999975204468,-0.12714695930480957,0.08091515302658081,0.023577630519866943,-0.1921822428703308,0.058426856994628906,0.09323042631149292,-0.19044823944568634,0.04149067401885986,0.071353018283844,-0.17400407791137695
0.0,0.0,0.0,-0.07199573516845703,0.018571138381958008,-0.07319559156894684,-0.14126616716384888,0.02465534210205078,-0.13032107055187225,-0.13116061687469482,0.07525777816772461,-0.18042227625846863,-0.07767611742019653,0.10242855548858643,-0.22138363122940063,-0.11826217174530029,-0.21824431419372559,-0.12476535141468048,-0.1414051055908203,-0.24101775884628296,-0.2022840976715088,-0.13034653663635254,-0.23922979831695557,-0.2329740971326828,-0.1114075779914856,-0.2491360306739807,-0.24700890481472015,-0.04025954008102417,-0.2678450345993042,-0.11758533120155334,-0.05875593423843384,-0.03847074508666992,-0.19420872628688812,-0.06786620616912842,0.06566941738128662,-0.18820935487747192,-0.07050395011901855,0.022188425064086914,-0.17107327282428741,0.03306746482849121,-0.23779380321502686,-0.11933962255716324,0.019383668899536133,0.016810357570648193,-0.1917971968650818,-0.0022431612014770508,0.09683334827423096,-0.15877941250801086,-0.01778477430343628,0.05605721473693848,-0.12202741950750351,0.09579741954803467,-0.1778784990310669,-0.12952373921871185,0.08418112993240356,0.024426817893981934,-0.19620603322982788,0.061420440673828125,0.09194481372833252,-0.1932498961687088,0.0447845458984375,0.06865042448043823,-0.1742222011089325
0.0,0.0,0.0,-0.07166856527328491,0.016465604305267334,-0.07158946990966797,-0.14175808429718018,0.01811915636062622,-0.12825536727905273,-0.13485002517700195,0.06701087951660156,-0.17771093547344208,-0.08107221126556396,0.09707266092300415,-0.21846793591976166,-0.11934638023376465,-0.21190857887268066,-0.12960097193717957,-0.14166128635406494,-0.23100954294204712,-0.20538973808288574,-0.1308128833770752,-0.23438942432403564,-0.23602625727653503,-0.11151188611984253,-0.25116199254989624,-0.2515440583229065,-0.04122251272201538,-0.2647651433944702,-0.12308482825756073,-0.058831632137298584,-0.034989237785339355,-0.19964599609375,-0.06706809997558594,0.0626114010810852,-0.19603250920772552,-0.07029843330383301,0.02281707525253296,-0.1823534518480301,0.032579123973846436,-0.23499351739883423,-0.12440784275531769,0.020033657550811768,0.016551971435546875,-0.19818496704101562,-0.0012813806533813477,0.09741932153701782,-0.16916204988956451,-0.017377138137817383,0.06022369861602783,-0.1363394558429718,0.09586852788925171,-0.17456990480422974,-0.13362106680870056,0.0865626335144043,0.026802539825439453,-0.20157934725284576,0.06242656707763672,0.09428656101226807,-0.20131786167621613,0.04336214065551758,0.07186335325241089,-0.1856079250574112
0.0,0.0,0.0,-0.07104098796844482,0.015559196472167969,-0.07154585421085358,-0.14138495922088623,0.01541978120803833,-0.1278231143951416,-0.13549107313156128,0.061578214168548584,-0.17677457630634308,-0.08075451850891113,0.09370851516723633,-0.21644893288612366,-0.11706513166427612,-0.21507501602172852,-0.1278759092092514,-0.1428992748260498,-0.22260957956314087,-0.20220431685447693,-0.13038378953933716,-0.2180163860321045,-0.2304457128047943,-0.10976403951644897,-0.23121780157089233,-0.24384543299674988,-0.04016822576522827,-0.26449692249298096,-0.1210741326212883,-0.057044804096221924,-0.034087955951690674,-0.19600072503089905,-0.06601846218109131,0.05802452564239502,-0.19129431247711182,-0.07148027420043945,0.008270859718322754,-0.1766486018896103,0.03353452682495117,-0.2340572476387024,-0.12206640094518661,0.022248268127441406,0.015068888664245605,-0.19428107142448425,0.001355886459350586,0.09526252746582031,-0.16420555114746094,-0.01540672779083252,0.05562424659729004,-0.13050267100334167,0.09655982255935669,-0.17370069026947021,-0.13103632628917694,0.08833575248718262,0.02691483497619629,-0.197496235370636,0.06488490104675293,0.09444326162338257,-0.19632209837436676,0.046049416065216064,0.07133972644805908,-0.17979294061660767
0.0,0.0,0.0,-0.07123500108718872,0.01425713300704956,-0.06804286688566208,-0.14104801416397095,0.015009880065917969,-0.12185777723789215,-0.13583844900131226,0.06379866600036621,-0.1691461205482483,-0.08283817768096924,0.09859901666641235,-0.2069132924079895,-0.11498194932937622,-0.2152387499809265,-0.11879512667655945,-0.14153647422790527,-0.22070270776748657,-0.19209663569927216,-0.13189727067947388,-0.206496000289917,-0.21942244470119476,-0.11497527360916138,-0.2155768871307373,-0.23184899985790253,-0.038944363594055176,-0.263202428817749,-0.11307153105735779,-0.06006091833114624,-0.038079917430877686,-0.1863989681005478,-0.0669180154800415,0.06630527973175049,-0.18104669451713562,-0.06893938779830933,0.02253514528274536,-0.16593553125858307,0.03308677673339844,-0.23349517583847046,-0.11541985720396042,0.01953047513961792,0.015167713165283203,-0.18671885132789612,-0.00013768672943115234,0.10292786359786987,-0.15735170245170593,-0.014567732810974121,0.06553637981414795,-0.12416748702526093,0.09531986713409424,-0.17371076345443726,-0.12536726891994476,0.08473461866378784,0.02616715431213379,-0.18948259949684143,0.061804771423339844,0.09702348709106445,-0.18824134767055511,0.04436635971069336,0.0735311508178711,-0.17222875356674194
0.0,0.0,0.0,-0.06811994314193726,0.015272021293640137,-0.06689755618572235,-0.13442587852478027,0.014358341693878174,-0.11940117180347443,-0.12995421886444092,0.062120676040649414,-0.16539965569972992,-0.0770348310470581,0.09919023513793945,-0.20243673026561737,-0.11104089021682739,-0.20968526601791382,-0.11668010801076889,-0.13467329740524292,-0.2169206142425537,-0.19028274714946747,-0.12643224000930786,-0.2015172243118286,-0.21999198198318481,-0.1114618182182312,-0.20907986164093018,-0.2344127893447876,-0.035161733627319336,-0.25818032026290894,-0.11133389174938202,-0.052027344703674316,-0.03723269701004028,-0.18524473905563354,-0.059762775897979736,0.06564199924468994,-0.18320080637931824,-0.06448888778686523,0.02675175666809082,-0.17095772922039032,0.03647005558013916,-0.22810155153274536,-0.11389582604169846,0.026494145393371582,0.016334176063537598,-0.18711890280246735,0.005804717540740967,0.10732251405715942,-0.1622016727924347,-0.010727167129516602,0.07383793592453003,-0.13198736310005188,0.09873467683792114,-0.16824835538864136,-0.12353597581386566,0.09164410829544067,0.027840018272399902,-0.18875499069690704,0.0676114559173584,0.10074025392532349,-0.18948376178741455,0.04779243469238281,0.08029937744140625,-0.1753951460123062
0.0,0.0,0.0,-0.07027846574783325,0.01689249277114868,-0.06423361599445343,-0.13762718439102173,0.015423417091369629,-0.11527293920516968,-0.13332271575927734,0.0610278844833374,-0.1599121391773224,-0.08093339204788208,0.09410566091537476,-0.19511555135250092,-0.11444741487503052,-0.21044540405273438,-0.11656022071838379,-0.13831621408462524,-0.22480720281600952,-0.1886514127254486,-0.1292455792427063,-0.2060886025428772,-0.21586421132087708,-0.11451762914657593,-0.20698332786560059,-0.22861424088478088,-0.038904011249542236,-0.2610085606575012,-0.11211630702018738,-0.054262518882751465,-0.0368693470954895,-0.18526214361190796,-0.05999290943145752,0.06828713417053223,-0.18197159469127655,-0.06411916017532349,0.03003793954849243,-0.16900530457496643,0.03302145004272461,-0.23113220930099487,-0.11506844311952591,0.02433222532272339,0.01582026481628418,-0.1868143528699875,0.00459212064743042,0.1064295768737793,-0.1595846712589264,-0.011259138584136963,0.07059460878372192,-0.12830467522144318,0.09605121612548828,-0.1716899275779724,-0.12496770918369293,0.09000617265701294,0.026584148406982422,-0.19033947587013245,0.06653350591659546,0.1006162166595459,-0.19024300575256348,0.04723435640335083,0.07782769203186035,-0.175432488322258
0.0,0.0,0.0,-0.07802104949951172,0.026391208171844482,-0.06380968540906906,-0.15445297956466675,0.021894454956054688,-0.1147371307015419,-0.14788717031478882,0.055413126945495605,-0.15880604088306427,-0.0882529616355896,0.08139383792877197,-0.19259190559387207,-0.12617462873458862,-0.21196889877319336,-0.1145431250333786,-0.14526301622390747,-0.23733139038085938,-0.1781601756811142,-0.13006514310836792,-0.23684591054916382,-0.19835513830184937,-0.10923713445663452,-0.24831891059875488,-0.2090643048286438,-0.04649543762207031,-0.2733965516090393,-0.1098095178604126,-0.06360447406768799,-0.0456538200378418,-0.1771841049194336,-0.07068496942520142,0.06227433681488037,-0.16917413473129272,-0.07162904739379883,0.024666190147399902,-0.15472428500652313,0.02663654088973999,-0.24977034330368042,-0.11205987632274628,0.01773744821548462,0.00040036439895629883,-0.1790013611316681,-0.003398120403289795,0.08908706903457642,-0.14871825277805328,-0.016978204250335693,0.04995536804199219,-0.11778438091278076,0.08917683362960815,-0.19068628549575806,-0.12159746140241623,0.08185404539108276,0.0160750150680542,-0.18569526076316833,0.05859297513961792,0.0892677903175354,-0.18602652847766876,0.041730284690856934,0.06032717227935791,-0.1729564070701599
0.0,0.0,0.0,-0.07904982566833496,0.024628281593322754,-0.06245312839746475,-0.15557342767715454,0.019881486892700195,-0.11227262765169144,-0.14685171842575073,0.05200016498565674,-0.1559174507856369,-0.08627736568450928,0.07634007930755615,-0.18930654227733612,-0.12785178422927856,-0.21395307779312134,-0.11131112277507782,-0.14745306968688965,-0.2411244511604309,-0.17791377007961273,-0.12544244527816772,-0.24102723598480225,-0.20113436877727509,-0.0946049690246582,-0.25756800174713135,-0.21347664296627045,-0.049023449420928955,-0.27672016620635986,-0.10744206607341766,-0.06489622592926025,-0.04970353841781616,-0.1759817898273468,-0.07623708248138428,0.05665123462677002,-0.16784296929836273,-0.07949572801589966,0.011211514472961426,-0.15306052565574646,0.02429288625717163,-0.2533932328224182,-0.11105073988437653,0.018455326557159424,-0.007977545261383057,-0.17793826758861542,-0.006643712520599365,0.08031284809112549,-0.14549560844898224,-0.022178947925567627,0.037624239921569824,-0.1131904199719429,0.08745646476745605,-0.192002534866333,-0.12223361432552338,0.0794142484664917,0.014331519603729248,-0.18609416484832764,0.05480003356933594,0.08465170860290527,-0.18564315140247345,0.038379549980163574,0.052365124225616455,-0.17207375168800354
0.0,0.0,0.0,-0.07706189155578613,0.025112152099609375,-0.06250805407762527,-0.1533212661743164,0.020987093448638916,-0.11221612989902496,-0.14716964960098267,0.05905634164810181,-0.1553782820701599,-0.08777850866317749,0.08616906404495239,-0.18871520459651947,-0.12632042169570923,-0.20915305614471436,-0.11376644670963287,-0.14588403701782227,-0.23436486721038818,-0.17989744246006012,-0.12368083000183105,-0.23739445209503174,-0.20419210195541382,-0.09419506788253784,-0.25337696075439453,-0.217621847987175,-0.04561549425125122,-0.2699494957923889,-0.10941744595766068,-0.06466352939605713,-0.04355818033218384,-0.17666900157928467,-0.07140892744064331,0.05767768621444702,-0.16908442974090576,-0.07187384366989136,0.018532931804656982,-0.15512767434120178,0.028037667274475098,-0.2461611032485962,-0.11220884323120117,0.015868306159973145,0.0032125115394592285,-0.17665822803974152,-0.004764676094055176,0.08585464954376221,-0.1440083235502243,-0.016616344451904297,0.04598891735076904,-0.111993208527565,0.09108579158782959,-0.18645215034484863,-0.12270330637693405,0.07935190200805664,0.021005451679229736,-0.1855214387178421,0.056302428245544434,0.08851832151412964,-0.18488866090774536,0.041612982749938965,0.05703502893447876,-0.17107462882995605
0.0,0.0,0.0,-0.0742027759552002,0.013480305671691895,-0.061983250081539154,-0.14263582229614258,0.0009360313415527344,-0.11343628168106079,-0.14025765657424927,0.03359782695770264,-0.15880003571510315,-0.08250492811203003,0.06508642435073853,-0.19468964636325836,-0.11767822504043579,-0.21076583862304688,-0.11783295124769211,-0.13510966300964355,-0.23911446332931519,-0.18961510062217712,-0.11459207534790039,-0.23219704627990723,-0.2174169272184372,-0.09064376354217529,-0.24262291193008423,-0.23192106187343597,-0.038836002349853516,-0.265677809715271,-0.1144111230969429,-0.05743002891540527,-0.05085313320159912,-0.18589694797992706,-0.0642436146736145,0.05998098850250244,-0.180827334523201,-0.06658917665481567,0.02169203758239746,-0.16872596740722656,0.03239119052886963,-0.2379416823387146,-0.11808864027261734,0.02350717782974243,-0.0043604373931884766,-0.18946871161460876,0.0033458471298217773,0.08931505680084229,-0.16162200272083282,-0.009742558002471924,0.048775553703308105,-0.1323995292186737,0.09383541345596313,-0.17701774835586548,-0.1283007562160492,0.0876958966255188,0.01896381378173828,-0.19300135970115662,0.06144839525222778,0.09319078922271729,-0.19260677695274353,0.041779160499572754,0.06294834613800049,-0.17996303737163544
0.0,0.0,0.0,-0.0732082724571228,0.013922810554504395,-0.06470126658678055,-0.14510071277618408,-0.00025385618209838867,-0.11821136623620987,-0.1434262990951538,0.03751718997955322,-0.1655854880809784,-0.08517271280288696,0.07603967189788818,-0.20346026122570038,-0.11386269330978394,-0.20965254306793213,-0.12027069926261902,-0.13011223077774048,-0.23784828186035156,-0.1927202194929123,-0.10884106159210205,-0.23211562633514404,-0.22175462543964386,-0.08395463228225708,-0.24845057725906372,-0.23766285181045532,-0.03615635633468628,-0.26536351442337036,-0.11659130454063416,-0.053593337535858154,-0.04918473958969116,-0.18864791095256805,-0.05914276838302612,0.054148316383361816,-0.18448355793952942,-0.06020098924636841,0.0090562105178833,-0.17354881763458252,0.035022854804992676,-0.23884212970733643,-0.12046210467815399,0.027173101902008057,-0.0030243396759033203,-0.18981200456619263,0.007042884826660156,0.08263802528381348,-0.1617516577243805,-0.006013631820678711,0.03601640462875366,-0.13333195447921753,0.09785783290863037,-0.1777515411376953,-0.1317867636680603,0.09214627742767334,0.01910644769668579,-0.19476060569286346,0.06849396228790283,0.08631312847137451,-0.19466698169708252,0.05251270532608032,0.05237233638763428,-0.1827070116996765
0.0,0.0,0.0,-0.07363873720169067,0.009710133075714111,-0.0572497583925724,-0.15017563104629517,-0.007266223430633545,-0.10434425622224808,-0.15416717529296875,0.02610856294631958,-0.14638830721378326,-0.09895157814025879,0.05822587013244629,-0.17901115119457245,-0.12383836507797241,-0.23782771825790405,-0.10815475881099701,-0.13984525203704834,-0.2399885058403015,-0.17019572854042053,-0.12524259090423584,-0.21599161624908447,-0.19012218713760376,-0.10889405012130737,-0.21683841943740845,-0.20026372373104095,-0.04406094551086426,-0.28888005018234253,-0.10618654638528824,-0.06278127431869507,-0.07784801721572876,-0.1674945205450058,-0.06372606754302979,0.02525252103805542,-0.1598798930644989,-0.06016802787780762,-0.006767451763153076,-0.14790479838848114,0.029548704624176025,-0.2606285810470581,-0.11062323302030563,0.020438075065612793,-0.031184852123260498,-0.17151793837547302,0.0028374195098876953,0.05679696798324585,-0.14324119687080383,-0.007719933986663818,0.021653592586517334,-0.11596168577671051,0.09308546781539917,-0.19739848375320435,-0.12185293436050415,0.0864633321762085,-0.002395451068878174,-0.17969807982444763,0.06478601694107056,0.06721097230911255,-0.17982430756092072,0.05057889223098755,0.03807550668716431,-0.16859009861946106
0.0,0.0,0.0,-0.07656753063201904,0.005982875823974609,-0.059381090104579926,-0.15290623903274536,-0.022707641124725342,-0.10350320488214493,-0.15067684650421143,0.004938483238220215,-0.14217031002044678,-0.09168243408203125,0.028191566467285156,-0.17040330171585083,-0.12354540824890137,-0.2417253851890564,-0.10273755341768265,-0.14511972665786743,-0.2464483380317688,-0.16374041140079498,-0.1339203119277954,-0.23209673166275024,-0.1815814971923828,-0.1180335283279419,-0.23928242921829224,-0.18924656510353088,-0.044459760189056396,-0.2928217649459839,-0.09847786277532578,-0.06412935256958008,-0.05882453918457031,-0.16170567274093628,-0.07018953561782837,0.03160804510116577,-0.15449386835098267,-0.07324528694152832,-0.012192070484161377,-0.1403106302022934,0.02967315912246704,-0.2617712616920471,-0.10134056210517883,0.016496896743774414,-0.012062430381774902,-0.16513079404830933,-0.0029477477073669434,0.06621420383453369,-0.1371326893568039,-0.017958879470825195,0.02705836296081543,-0.10703121870756149,0.09287822246551514,-0.19835495948791504,-0.11120579391717911,0.08421146869659424,0.002594470977783203,-0.172865092754364,0.062310993671417236,0.0680994987487793,-0.17431025207042694,0.04554241895675659,0.04196774959564209,-0.1612761914730072
0.0,0.0,0.0,-0.07206940650939941,-0.0004455447196960449,-0.060526732355356216,-0.1426045298576355,-0.030072391033172607,-0.1048920750617981,-0.14456427097320557,-0.007806718349456787,-0.1428663283586502,-0.09203934669494629,0.014956116676330566,-0.16930507123470306,-0.12056130170822144,-0.2608354687690735,-0.10290200263261795,-0.14519131183624268,-0.23117780685424805,-0.16804289817810059,-0.13638198375701904,-0.1659439206123352,-0.18717807531356812,-0.12569153308868408,-0.15204870700836182,-0.19392217695713043,-0.04348939657211304,-0.2995030879974365,-0.09715134650468826,-0.06188070774078369,-0.0712277889251709,-0.15999379754066467,-0.06469225883483887,0.027215123176574707,-0.15370377898216248,-0.06568938493728638,-0.024538516998291016,-0.14094491302967072,0.029693543910980225,-0.26647233963012695,-0.09893540292978287,0.018114089965820312,-0.02375006675720215,-0.160211980342865,-0.0001322031021118164,0.05837833881378174,-0.13305707275867462,-0.013251960277557373,0.011961698532104492,-0.1048358678817749,0.09335517883300781,-0.20278751850128174,-0.10760882496833801,0.08628559112548828,-0.00985860824584961,-0.1641576886177063,0.06463456153869629,0.05904650688171387,-0.1644846796989441,0.04930800199508667,0.031145751476287842,-0.1521146148443222
0.0,0.0,0.0,-0.07476705312728882,0.004275918006896973,-0.06392499804496765,-0.14738601446151733,-0.02625405788421631,-0.11319874972105026,-0.14532190561294556,-0.011489808559417725,-0.15604323148727417,-0.08996427059173584,0.0037134885787963867,-0.1886427104473114,-0.12147986888885498,-0.2577592730522156,-0.10639946907758713,-0.1386955976486206,-0.24705171585083008,-0.16887541115283966,-0.13188320398330688,-0.23180687427520752,-0.18898655474185944,-0.12342536449432373,-0.2473105788230896,-0.19933052361011505,-0.04382878541946411,-0.3085750937461853,-0.1011262908577919,-0.05568510293960571,-0.08095359802246094,-0.16517017781734467,-0.0633348822593689,0.015755891799926758,-0.16164930164813995,-0.06659883260726929,-0.031606197357177734,-0.15165728330612183,0.03000408411026001,-0.2801082730293274,-0.1030912697315216,0.023116886615753174,-0.037337660789489746,-0.16615030169487,0.0018860101699829102,0.04569375514984131,-0.14170506596565247,-0.012809157371520996,0.0008668899536132812,-0.11628900468349457,0.09442305564880371,-0.21718424558639526,-0.11229301244020462,0.08871591091156006,-0.021279096603393555,-0.16976402699947357,0.06509673595428467,0.045847415924072266,-0.17165061831474304,0.04841703176498413,0.014632940292358398,-0.16156290471553802
0.0,0.0,0.0,-0.07199478149414062,0.01560056209564209,-0.06767202913761139,-0.14339566230773926,0.0035137534141540527,-0.11811795085668564,-0.1429046392440796,0.03554081916809082,-0.16170167922973633,-0.09322011470794678,0.058065176010131836,-0.19570842385292053,-0.12476056814193726,-0.23925888538360596,-0.11294534057378769,-0.14428216218948364,-0.23530197143554688,-0.17635315656661987,-0.13923680782318115,-0.21429866552352905,-0.19726122915744781,-0.12810301780700684,-0.21039187908172607,-0.20653849840164185,-0.04716092348098755,-0.2901904582977295,-0.1058831512928009,-0.06361031532287598,-0.0582888126373291,-0.17068371176719666,-0.07117754220962524,0.034548401832580566,-0.1673545241355896,-0.07335364818572998,0.0028717517852783203,-0.15612150728702545,0.02728050947189331,-0.26158666610717773,-0.10611321777105331,0.016545772552490234,-0.0052340030670166016,-0.17033274471759796,-0.005541086196899414,0.07429671287536621,-0.146004781126976,-0.020577430725097656,0.042008280754089355,-0.11864175647497177,0.09170126914978027,-0.201640784740448,-0.11387661099433899,0.08327549695968628,-0.0016955733299255371,-0.17221970856189728,0.05924069881439209,0.06662285327911377,-0.17267455160617828,0.041788458824157715,0.046877264976501465,-0.15983575582504272
0.0,0.0,0.0,-0.07343441247940063,0.008481621742248535,-0.05739402770996094,-0.14648133516311646,-0.01927471160888672,-0.10008586198091507,-0.14904379844665527,-0.001780092716217041,-0.13740235567092896,-0.09737640619277954,0.01159822940826416,-0.1647287905216217,-0.12567389011383057,-0.24334055185317993,-0.09974584728479385,-0.14845359325408936,-0.24075257778167725,-0.16009654104709625,-0.1416555643081665,-0.22559690475463867,-0.17751267552375793,-0.13091641664505005,-0.24064874649047852,-0.18523560464382172,-0.048740267753601074,-0.29759061336517334,-0.0964067131280899,-0.06710559129714966,-0.07574713230133057,-0.15861381590366364,-0.07231462001800537,0.022435426712036133,-0.15100766718387604,-0.07359975576400757,-0.024114012718200684,-0.1366531401872635,0.025150537490844727,-0.2689558267593384,-0.09994034469127655,0.014116048812866211,-0.02588653564453125,-0.16298606991767883,-0.008016705513000488,0.059192657470703125,-0.13428622484207153,-0.023376643657684326,0.01461338996887207,-0.10410549491643906,0.08899617195129395,-0.2066236138343811,-0.11014585942029953,0.08033967018127441,-0.007515430450439453,-0.16986609995365143,0.055084407329559326,0.061763644218444824,-0.16998492181301117,0.03662186861038208,0.0321577787399292,-0.15679500997066498
0.0,0.0,0.0,-0.07134264707565308,0.01713693141937256,-0.06793107092380524,-0.1387641429901123,0.007593989372253418,-0.11932211369276047,-0.13443386554718018,0.0358198881149292,-0.16324487328529358,-0.08327621221542358,0.05630207061767578,-0.19721561670303345,-0.12146002054214478,-0.22782301902770996,-0.11604916304349899,-0.14743578433990479,-0.2234877347946167,-0.18471001088619232,-0.1381821632385254,-0.20632964372634888,-0.2082061767578125,-0.12269675731658936,-0.21584969758987427,-0.21891847252845764,-0.04525560140609741,-0.2763746380805969,-0.10948967933654785,-0.05926060676574707,-0.0452151894569397,-0.180172860622406,-0.06754148006439209,0.05455005168914795,-0.17632409930229187,-0.07382047176361084,0.007912695407867432,-0.16345085203647614,0.02869051694869995,-0.24584949016571045,-0.11045241355895996,0.01943957805633545,0.0039817094802856445,-0.1812598705291748,-0.0010541081428527832,0.09343409538269043,-0.1549607664346695,-0.018304765224456787,0.05588853359222412,-0.12487334758043289,0.09345030784606934,-0.18557339906692505,-0.1185140535235405,0.08672863245010376,0.01171731948852539,-0.18283890187740326,0.06338590383529663,0.08615553379058838,-0.18322691321372986,0.04422110319137573,0.06456685066223145,-0.1693851351737976
0.0,0.0,0.0,-0.07064288854598999,0.015779316425323486,-0.06462843716144562,-0.14011788368225098,0.0041612982749938965,-0.11289327591657639,-0.1391735076904297,0.03579968214035034,-0.1543419361114502,-0.08627396821975708,0.05853140354156494,-0.18625444173812866,-0.12013930082321167,-0.22290575504302979,-0.11136213690042496,-0.14321905374526978,-0.21955102682113647,-0.1768357753753662,-0.13635492324829102,-0.2081725001335144,-0.19915716350078583,-0.12345576286315918,-0.21968233585357666,-0.20971719920635223,-0.04401904344558716,-0.27402591705322266,-0.10555248707532883,-0.06089884042739868,-0.044241368770599365,-0.17330071330070496,-0.06768602132797241,0.05377751588821411,-0.16890747845172882,-0.07187527418136597,0.013345897197723389,-0.15611375868320465,0.0290563702583313,-0.24435371160507202,-0.107022225856781,0.01754903793334961,0.0071166157722473145,-0.17673331499099731,-0.0020539164543151855,0.09536463022232056,-0.15161766111850739,-0.018078148365020752,0.06106454133987427,-0.12226961553096771,0.09306365251541138,-0.18392115831375122,-0.11523215472698212,0.08454757928848267,0.01292353868484497,-0.17994354665279388,0.06131088733673096,0.08678251504898071,-0.18143635988235474,0.04213780164718628,0.06773906946182251,-0.16832612454891205
0.0,0.0,0.0,-0.07160007953643799,0.019012928009033203,-0.06815899163484573,-0.14131426811218262,0.01972353458404541,-0.12222499400377274,-0.13617920875549316,0.058052659034729004,-0.16987307369709015,-0.08216595649719238,0.08130156993865967,-0.20906715095043182,-0.11802816390991211,-0.21328133344650269,-0.11990096420049667,-0.14131265878677368,-0.21650612354278564,-0.19115887582302094,-0.133070707321167,-0.21499097347259521,-0.22001968324184418,-0.11461305618286133,-0.23121637105941772,-0.23514901101589203,-0.04083353281021118,-0.26746004819869995,-0.1148194819688797,-0.053173184394836426,-0.030396878719329834,-0.18707165122032166,-0.06224620342254639,0.06904107332229614,-0.1843382716178894,-0.06699103116989136,0.032398104667663574,-0.17238707840442657,0.03251194953918457,-0.23966646194458008,-0.11732783913612366,0.02295893430709839,0.013195514678955078,-0.1885245442390442,0.0013875961303710938,0.09990179538726807,-0.16094422340393066,-0.016524672508239746,0.07042872905731201,-0.1299566924571991,0.0952908992767334,-0.1798226237297058,-0.12736360728740692,0.08900642395019531,0.021457314491271973,-0.19246163964271545,0.06499367952346802,0.09447360038757324,-0.19132161140441895,0.044221341609954834,0.0787961483001709,-0.17584659159183502
0.0,0.0,0.0,-0.07154852151870728,0.016803443431854248,-0.06662160903215408,-0.14265185594558716,0.012770593166351318,-0.11940831691026688,-0.1378694772720337,0.0552334189414978,-0.16569656133651733,-0.08346503973007202,0.08860653638839722,-0.20342248678207397,-0.11770039796829224,-0.22083956003189087,-0.11665082722902298,-0.14152276515960693,-0.22413355112075806,-0.1818244904279709,-0.13428562879562378,-0.22043561935424805,-0.20532344281673431,-0.11755311489105225,-0.22827816009521484,-0.2173580825328827,-0.039329349994659424,-0.273624062538147,-0.1116887703537941,-0.05557531118392944,-0.04016393423080444,-0.17976802587509155,-0.06576377153396606,0.05754721164703369,-0.17574776709079742,-0.06986230611801147,0.024744093418121338,-0.16338060796260834,0.03512692451477051,-0.24351352453231812,-0.11382631957530975,0.023400843143463135,0.008496105670928955,-0.18139441311359406,0.0006383657455444336,0.0929308533668518,-0.15496332943439484,-0.01598525047302246,0.06512266397476196,-0.12550689280033112,0.09890466928482056,-0.18050134181976318,-0.12337197363376617,0.09036040306091309,0.022713959217071533,-0.1860535889863968,0.06464314460754395,0.09354990720748901,-0.18599820137023926,0.04384505748748779,0.07633727788925171,-0.1720130890607834
0.0,0.0,0.0,-0.06869900226593018,0.01943814754486084,-0.07049573212862015,-0.1399199366569519,0.023401498794555664,-0.12493588775396347,-0.13639312982559204,0.06889045238494873,-0.1726679801940918,-0.08707904815673828,0.09671032428741455,-0.21261321008205414,-0.11900579929351807,-0.2200913429260254,-0.11796516925096512,-0.14507198333740234,-0.2187291979789734,-0.18775171041488647,-0.13652074337005615,-0.21014487743377686,-0.2173101007938385,-0.11731982231140137,-0.21347355842590332,-0.23220521211624146,-0.04088467359542847,-0.271786630153656,-0.1122993677854538,-0.05271327495574951,-0.0462152361869812,-0.18319186568260193,-0.06463515758514404,0.04319429397583008,-0.1847580373287201,-0.07221627235412598,0.014403581619262695,-0.17556706070899963,0.03362363576889038,-0.24282866716384888,-0.1143203005194664,0.02659374475479126,0.004593849182128906,-0.18544891476631165,0.0038442611694335938,0.08242958784103394,-0.164596289396286,-0.01458960771560669,0.05644190311431885,-0.13732194900512695,0.09781312942504883,-0.1832316517829895,-0.1237749233841896,0.09500807523727417,0.010019540786743164,-0.18669094145298004,0.06897813081741333,0.08020544052124023,-0.18665046989917755,0.045832931995391846,0.07061564922332764,-0.17194142937660217
0.0,0.0,0.0,-0.06858795881271362,0.01782470941543579,-0.06798623502254486,-0.1439250111579895,0.013401210308074951,-0.11979027837514877,-0.14614665508270264,0.05196899175643921,-0.16515658795833588,-0.09480088949203491,0.08631551265716553,-0.20214931666851044,-0.12665694952011108,-0.2201615571975708,-0.11345642805099487,-0.15009385347366333,-0.22795730829238892,-0.17991997301578522,-0.1398293375968933,-0.21935158967971802,-0.20494318008422852,-0.12142866849899292,-0.22572994232177734,-0.21741943061351776,-0.04758864641189575,-0.2752833962440491,-0.1073475033044815,-0.06090956926345825,-0.05823284387588501,-0.17488637566566467,-0.06754553318023682,0.04054898023605347,-0.1727222055196762,-0.07101744413375854,0.010859072208404541,-0.16156738996505737,0.026995718479156494,-0.24836653470993042,-0.10877875238656998,0.01789003610610962,-0.0007964372634887695,-0.17841163277626038,-0.0025275349617004395,0.08930402994155884,-0.15639297664165497,-0.018788933753967285,0.06529301404953003,-0.12867587804794312,0.09248083829879761,-0.18963348865509033,-0.11734634637832642,0.087863028049469,0.002306342124938965,-0.17884957790374756,0.06311196088790894,0.07809388637542725,-0.17905829846858978,0.04070782661437988,0.06680774688720703,-0.16543982923030853
0.0,0.0,0.0,-0.06834441423416138,0.017989397048950195,-0.06728330254554749,-0.14224863052368164,0.0145338773727417,-0.1184053048491478,-0.14480960369110107,0.04894977807998657,-0.16259801387786865,-0.09478044509887695,0.07348823547363281,-0.19787630438804626,-0.1261807680130005,-0.2222501039505005,-0.11542127281427383,-0.1523316502571106,-0.2245030403137207,-0.18268059194087982,-0.1420590877532959,-0.22089970111846924,-0.20687298476696014,-0.12302213907241821,-0.2330036163330078,-0.218518927693367,-0.04888373613357544,-0.27789562940597534,-0.10878150165081024,-0.062394142150878906,-0.04876565933227539,-0.17692719399929047,-0.06900221109390259,0.05125832557678223,-0.1717810332775116,-0.07176834344863892,0.02042543888092041,-0.1579868048429489,0.024444520473480225,-0.25112003087997437,-0.10965259373188019,0.01614248752593994,0.0034630298614501953,-0.17964880168437958,-0.004181504249572754,0.09081834554672241,-0.15355369448661804,-0.02014291286468506,0.06462633609771729,-0.12278195470571518,0.08858758211135864,-0.1919189691543579,-0.11773192137479782,0.08401364088058472,0.00453948974609375,-0.18197888135910034,0.05970340967178345,0.07935547828674316,-0.18201985955238342,0.038805365562438965,0.06687402725219727,-0.16727784276008606
0.0,0.0,0.0,-0.06974637508392334,0.01581019163131714,-0.06611249595880508,-0.14671146869659424,0.006008803844451904,-0.11694519966840744,-0.14742892980575562,0.03859132528305054,-0.16156744956970215,-0.09146827459335327,0.06768327951431274,-0.19646994769573212,-0.12837636470794678,-0.23651766777038574,-0.10727722197771072,-0.1580941081047058,-0.2442936897277832,-0.17351959645748138,-0.14770644903182983,-0.2417648434638977,-0.19607704877853394,-0.12745749950408936,-0.25428980588912964,-0.2060575783252716,-0.052698373794555664,-0.2927766442298889,-0.10151789337396622,-0.06429600715637207,-0.05452197790145874,-0.16897019743919373,-0.07121562957763672,0.046897947788238525,-0.16108135879039764,-0.07497787475585938,0.00516122579574585,-0.14441639184951782,0.01999187469482422,-0.26503676176071167,-0.10415872186422348,0.01190418004989624,-0.008989393711090088,-0.17179954051971436,-0.009121298789978027,0.07357931137084961,-0.14265194535255432,-0.026338398456573486,0.03962928056716919,-0.11002212017774582,0.08397728204727173,-0.20371776819229126,-0.11438801139593124,0.07847118377685547,-0.005417585372924805,-0.17695407569408417,0.05410128831863403,0.06694263219833374,-0.17575447261333466,0.032418131828308105,0.05087035894393921,-0.15992505848407745
0.0,0.0,0.0,-0.06861811876296997,0.014505863189697266,-0.06757806986570358,-0.1391894817352295,0.002066671848297119,-0.1224028617143631,-0.13400483131408691,0.03211641311645508,-0.1711828112602234,-0.07669264078140259,0.05886542797088623,-0.21068456768989563,-0.12189173698425293,-0.24730521440505981,-0.10888665914535522,-0.15070098638534546,-0.25288617610931396,-0.18005485832691193,-0.140483558177948,-0.2478463053703308,-0.2090330570936203,-0.11960053443908691,-0.25842559337615967,-0.22365368902683258,-0.04687446355819702,-0.3009086847305298,-0.10428842157125473,-0.05002385377883911,-0.05130547285079956,-0.17627975344657898,-0.06126511096954346,0.051445186138153076,-0.1741536557674408,-0.07068371772766113,0.002839326858520508,-0.1618809849023819,0.0256805419921875,-0.27075880765914917,-0.10814163088798523,0.024893999099731445,-0.012854933738708496,-0.1771908402442932,0.0023900270462036133,0.07178103923797607,-0.1490279734134674,-0.017075777053833008,0.03232032060623169,-0.1179237961769104,0.08930498361587524,-0.20778316259384155,-0.11985579878091812,0.08856731653213501,-0.007364034652709961,-0.1808607578277588,0.06474119424819946,0.06772124767303467,-0.17780612409114838,0.044449567794799805,0.04731285572052002,-0.16138873994350433
0.0,0.0,0.0,-0.06490224599838257,0.013274669647216797,-0.0668206661939621,-0.1351366639137268,0.0037769079208374023,-0.11992722004652023,-0.13540148735046387,0.03333115577697754,-0.16728666424751282,-0.08695513010025024,0.05447816848754883,-0.2054346352815628,-0.12184792757034302,-0.24507606029510498,-0.11075364053249359,-0.15300869941711426,-0.2647327780723572,-0.18333102762699127,-0.14225107431411743,-0.24767547845840454,-0.21077385544776917,-0.12187784910202026,-0.2418014407157898,-0.22260816395282745,-0.04960900545120239,-0.29984891414642334,-0.10592924058437347,-0.058534204959869385,-0.072579026222229,-0.17850010097026825,-0.06413763761520386,0.029818177223205566,-0.1759227067232132,-0.06886565685272217,-0.010939478874206543,-0.16248106956481934,0.02203279733657837,-0.27250438928604126,-0.10960237681865692,0.018618345260620117,-0.024057090282440186,-0.17953254282474518,0.0012610554695129395,0.0633554458618164,-0.15330158174037933,-0.013652265071868896,0.029645144939422607,-0.1225399449467659,0.08635544776916504,-0.21260231733322144,-0.12083296477794647,0.08386051654815674,-0.019539713859558105,-0.18158186972141266,0.06204789876937866,0.056678175926208496,-0.17949305474758148,0.04363751411437988,0.040268898010253906,-0.16342352330684662
0.0,0.0,0.0,-0.07166039943695068,0.023293256759643555,-0.06927536427974701,-0.13805359601974487,0.024667084217071533,-0.12425578385591507,-0.1260066032409668,0.061136066913604736,-0.17314589023590088,-0.06875872611999512,0.07666832208633423,-0.21597903966903687,-0.11492133140563965,-0.2284107208251953,-0.11762921512126923,-0.1284773349761963,-0.26202893257141113,-0.19379931688308716,-0.1199960708618164,-0.2714502811431885,-0.23351065814495087,-0.10248231887817383,-0.2915618419647217,-0.2568027973175049,-0.037128329277038574,-0.2912161350250244,-0.11457323282957077,-0.04239654541015625,-0.06006520986557007,-0.19258180260658264,-0.05599623918533325,0.04598212242126465,-0.19959625601768494,-0.06564891338348389,0.023835480213165283,-0.19367681443691254,0.03578817844390869,-0.2648937702178955,-0.11963209509849548,0.032477498054504395,-0.015697181224822998,-0.19387397170066833,0.009310364723205566,0.07292753458023071,-0.17172637581825256,-0.009305298328399658,0.050941526889801025,-0.14346948266029358,0.09938520193099976,-0.2058078646659851,-0.13237330317497253,0.09863358736038208,-0.015151917934417725,-0.1987181007862091,0.07733666896820068,0.062183916568756104,-0.19699612259864807,0.05851095914840698,0.05482381582260132,-0.18031622469425201
0.0,0.0,0.0,-0.07145422697067261,0.021242856979370117,-0.06843212246894836,-0.13942110538482666,0.022467732429504395,-0.12333668768405914,-0.12693530321121216,0.062008023262023926,-0.17259661853313446,-0.06927794218063354,0.0787283182144165,-0.21460391581058502,-0.11755895614624023,-0.2350928783416748,-0.11281931400299072,-0.13470721244812012,-0.2591018080711365,-0.191514790058136,-0.12634694576263428,-0.26306551694869995,-0.22976583242416382,-0.10831695795059204,-0.2825765609741211,-0.25033941864967346,-0.03974801301956177,-0.2904658317565918,-0.11042824387550354,-0.0450480580329895,-0.046959638595581055,-0.18912175297737122,-0.05826789140701294,0.06314408779144287,-0.1903810352087021,-0.06564968824386597,0.025014758110046387,-0.17842939496040344,0.03390848636627197,-0.25929147005081177,-0.1171950101852417,0.029471218585968018,-0.005633354187011719,-0.18926012516021729,0.005556583404541016,0.08201861381530762,-0.15833422541618347,-0.012158453464508057,0.050746381282806396,-0.12345919013023376,0.0970035195350647,-0.19542795419692993,-0.1323317289352417,0.093025803565979,0.0050237178802490234,-0.19806839525699615,0.07220953702926636,0.07940673828125,-0.1931653767824173,0.05661672353744507,0.06423366069793701,-0.17271842062473297
0.0,0.0,0.0,-0.0672311782836914,0.013543248176574707,-0.06636715680360794,-0.13598161935806274,0.007123768329620361,-0.11954185366630554,-0.13101798295974731,0.04421365261077881,-0.16764110326766968,-0.07801574468612671,0.06850022077560425,-0.2080511450767517,-0.11901837587356567,-0.2404971718788147,-0.10900873690843582,-0.14182090759277344,-0.2689371109008789,-0.1847311407327652,-0.13529348373413086,-0.2682963013648987,-0.21899661421775818,-0.11755800247192383,-0.2737879157066345,-0.23611319065093994,-0.04479694366455078,-0.2988797426223755,-0.10563254356384277,-0.04805213212966919,-0.06370276212692261,-0.18071217834949493,-0.059996604919433594,0.036489784717559814,-0.1810871660709381,-0.07070589065551758,0.0010533332824707031,-0.168949156999588,0.026501595973968506,-0.26994097232818604,-0.11112489551305771,0.022973954677581787,-0.013179421424865723,-0.18329021334648132,0.000459134578704834,0.07318300008773804,-0.15643218159675598,-0.018588364124298096,0.04461205005645752,-0.12374888360500336,0.08943110704421997,-0.20828354358673096,-0.12435195595026016,0.08583885431289673,-0.011750757694244385,-0.1879337877035141,0.06313985586166382,0.06328433752059937,-0.18476314842700958,0.04405909776687622,0.05031883716583252,-0.16632281243801117
0.0,0.0,0.0,-0.06728625297546387,0.019159674644470215,-0.06899146735668182,-0.13518965244293213,0.01881784200668335,-0.12474310398101807,-0.13101571798324585,0.055227041244506836,-0.17518647015094757,-0.08121007680892944,0.07293921709060669,-0.21823135018348694,-0.11772239208221436,-0.23573940992355347,-0.11349163949489594,-0.14059066772460938,-0.26596975326538086,-0.18938575685024261,-0.13448363542556763,-0.261707603931427,-0.2247486263513565,-0.11759549379348755,-0.2605206370353699,-0.24291102588176727,-0.042538225650787354,-0.29111719131469727,-0.11012386530637741,-0.05056583881378174,-0.057380497455596924,-0.18693259358406067,-0.06259512901306152,0.04050570726394653,-0.19161094725131989,-0.07215124368667603,0.009001076221466064,-0.18337681889533997,0.029620826244354248,-0.2610037922859192,-0.11540917307138443,0.02356773614883423,-0.01187986135482788,-0.1895432472229004,0.0031075477600097656,0.07395178079605103,-0.16713571548461914,-0.014421164989471436,0.0497819185256958,-0.13809756934642792,0.09370648860931396,-0.19929450750350952,-0.12838169932365417,0.09173703193664551,-0.012322604656219482,-0.19342990219593048,0.0687287449836731,0.06413406133651733,-0.19214455783367157,0.04856759309768677,0.056437790393829346,-0.1755792498588562
0.0,0.0,0.0,-0.06711828708648682,0.02333056926727295,-0.06401225179433823,-0.13748610019683838,0.022480368614196777,-0.11543167382478714,-0.1380455493927002,0.056733667850494385,-0.16219328343868256,-0.09054398536682129,0.07618552446365356,-0.20162272453308105,-0.12340039014816284,-0.22828930616378784,-0.1065562292933464,-0.15187346935272217,-0.26973479986190796,-0.17544056475162506,-0.14496684074401855,-0.26671916246414185,-0.20532071590423584,-0.12735682725906372,-0.2620609402656555,-0.2202911227941513,-0.0489886999130249,-0.28684812784194946,-0.1037980318069458,-0.060311079025268555,-0.05520349740982056,-0.17503836750984192,-0.0657004714012146,0.051287174224853516,-0.1780291646718979,-0.06792676448822021,0.029900312423706055,-0.16885633766651154,0.023740768432617188,-0.2599482536315918,-0.1087312325835228,0.017025470733642578,-0.005435466766357422,-0.17730911076068878,0.0010126233100891113,0.0810924768447876,-0.15551796555519104,-0.011313676834106445,0.056288182735443115,-0.12777891755104065,0.08872580528259277,-0.20118004083633423,-0.12074083089828491,0.08413094282150269,-0.006443619728088379,-0.1801878809928894,0.06306576728820801,0.06962209939956665,-0.1774774044752121,0.04566621780395508,0.057921528816223145,-0.1607804000377655
0.0,0.0,0.0,-0.06810170412063599,0.02180945873260498,-0.06754249334335327,-0.13650661706924438,0.02239549160003662,-0.12126474827528,-0.13631004095077515,0.05865001678466797,-0.1695234775543213,-0.09005147218704224,0.07580876350402832,-0.21104055643081665,-0.1240549087524414,-0.2331986427307129,-0.11442413181066513,-0.1510031819343567,-0.26984357833862305,-0.18964919447898865,-0.14427727460861206,-0.27137303352355957,-0.22549985349178314,-0.12583070993423462,-0.27404648065567017,-0.244001567363739,-0.048223137855529785,-0.29148685932159424,-0.11091719567775726,-0.05429333448410034,-0.049341797828674316,-0.18831220269203186,-0.060322582721710205,0.05455857515335083,-0.19391275942325592,-0.06507313251495361,0.03449970483779907,-0.18551401793956757,0.02579474449157715,-0.26312804222106934,-0.11554171144962311,0.021168887615203857,-0.007956981658935547,-0.1891045868396759,0.003929615020751953,0.07333558797836304,-0.16785025596618652,-0.010828793048858643,0.04669845104217529,-0.13933026790618896,0.09074908494949341,-0.20375341176986694,-0.1274179220199585,0.08768200874328613,-0.007513821125030518,-0.19150270521640778,0.0676456093788147,0.06585919857025146,-0.19003939628601074,0.051278650760650635,0.05337238311767578,-0.17296940088272095
0.0,0.0,0.0,-0.06820595264434814,0.01902949810028076,-0.06505325436592102,-0.1399882435798645,0.015291213989257812,-0.11607283353805542,-0.14134597778320312,0.0485687255859375,-0.16226781904697418,-0.09100854396820068,0.06559425592422485,-0.20063689351081848,-0.12443536520004272,-0.23496484756469727,-0.10701831430196762,-0.1548783779144287,-0.27145904302597046,-0.17724667489528656,-0.14815276861190796,-0.26443010568618774,-0.2070106565952301,-0.12941163778305054,-0.26393043994903564,-0.221230149269104,-0.04959660768508911,-0.2942405939102173,-0.10350802540779114,-0.05788242816925049,-0.05535680055618286,-0.17670926451683044,-0.06515645980834961,0.044966816902160645,-0.17917117476463318,-0.07219171524047852,0.015506148338317871,-0.16860514879226685,0.02382582426071167,-0.26780664920806885,-0.10805493593215942,0.018211960792541504,-0.01094144582748413,-0.17896416783332825,0.0005491971969604492,0.06883031129837036,-0.15696318447589874,-0.01543736457824707,0.03837144374847412,-0.12789113819599152,0.08886468410491943,-0.2097974419593811,-0.11975030601024628,0.08675843477249146,-0.015758752822875977,-0.18141484260559082,0.06513148546218872,0.0606876015663147,-0.17931336164474487,0.04581218957901001,0.05235213041305542,-0.16191014647483826
0.0,0.0,0.0,-0.07074999809265137,0.020999431610107422,-0.06901589781045914,-0.1409708857536316,0.017982125282287598,-0.1232570931315422,-0.13725602626800537,0.05003124475479126,-0.17188961803913116,-0.08635985851287842,0.061822354793548584,-0.21280160546302795,-0.12330764532089233,-0.24410122632980347,-0.11118774116039276,-0.14779257774353027,-0.2716330289840698,-0.18421517312526703,-0.14268368482589722,-0.2715998888015747,-0.2173607498407364,-0.12671899795532227,-0.278691828250885,-0.23460087180137634,-0.04722374677658081,-0.3035930395126343,-0.10714274644851685,-0.05469435453414917,-0.06333905458450317,-0.18181443214416504,-0.06051379442214966,0.04321718215942383,-0.1846734881401062,-0.06445521116256714,0.015893220901489258,-0.1749366968870163,0.026598989963531494,-0.276830792427063,-0.11168702691793442,0.022080540657043457,-0.023527026176452637,-0.18327219784259796,0.004628539085388184,0.06217986345291138,-0.158614382147789,-0.010568022727966309,0.0343555212020874,-0.12829719483852386,0.09155833721160889,-0.21733719110488892,-0.12407136708498001,0.09022057056427002,-0.022234201431274414,-0.18704119324684143,0.06926757097244263,0.05564850568771362,-0.18411986529827118,0.050939321517944336,0.045060157775878906,-0.16621564328670502
0.0,0.0,0.0,-0.07183468341827393,0.022976458072662354,-0.06783215701580048,-0.14841675758361816,0.019702494144439697,-0.1210470050573349,-0.14985334873199463,0.04700201749801636,-0.1685943603515625,-0.09523403644561768,0.05671805143356323,-0.20852401852607727,-0.13078832626342773,-0.23002421855926514,-0.11574897170066833,-0.15644598007202148,-0.2751390337944031,-0.1890385001897812,-0.14838653802871704,-0.2788054943084717,-0.22181883454322815,-0.12991607189178467,-0.2846989631652832,-0.2388325035572052,-0.053756892681121826,-0.30082565546035767,-0.11134571582078934,-0.06418049335479736,-0.07037454843521118,-0.186133474111557,-0.06985998153686523,0.03990894556045532,-0.18780678510665894,-0.07381772994995117,0.023693740367889404,-0.1776384860277176,0.021146118640899658,-0.279806911945343,-0.11514828354120255,0.014819025993347168,-0.02775031328201294,-0.18813133239746094,-0.0020456314086914062,0.0619012713432312,-0.16545072197914124,-0.015965640544891357,0.04182213544845581,-0.1366269737482071,0.08830559253692627,-0.22447574138641357,-0.1263352781534195,0.08515173196792603,-0.030580580234527588,-0.19078603386878967,0.06254112720489502,0.04888838529586792,-0.18994830548763275,0.04235559701919556,0.04275244474411011,-0.1740627884864807
0.0,0.0,0.0,-0.07349157333374023,0.02128148078918457,-0.06641631573438644,-0.14736533164978027,0.018402695655822754,-0.11884468048810959,-0.14668011665344238,0.04611313343048096,-0.16616809368133545,-0.09164971113204956,0.05600380897521973,-0.20646058022975922,-0.1269770860671997,-0.23535263538360596,-0.1114349514245987,-0.15089905261993408,-0.2780599594116211,-0.18398205935955048,-0.14434605836868286,-0.27704542875289917,-0.21788284182548523,-0.12728512287139893,-0.28396278619766235,-0.23590080440044403,-0.049762845039367676,-0.29955726861953735,-0.10816595703363419,-0.060340046882629395,-0.06201004981994629,-0.18316054344177246,-0.06646591424942017,0.050057411193847656,-0.18748316168785095,-0.06929534673690796,0.03620409965515137,-0.179046630859375,0.02459394931793213,-0.2737521529197693,-0.11304072290658951,0.01635146141052246,-0.02075505256652832,-0.18580417335033417,-0.000770270824432373,0.06690388917922974,-0.16527734696865082,-0.01342087984085083,0.04572021961212158,-0.13768211007118225,0.09023028612136841,-0.21629726886749268,-0.12512458860874176,0.08584141731262207,-0.019960880279541016,-0.18800345063209534,0.06304126977920532,0.05769824981689453,-0.18689817190170288,0.043747544288635254,0.049793243408203125,-0.17078398168087006
0.0,0.0,0.0,-0.06644397974014282,0.02259242534637451,-0.062199030071496964,-0.13713228702545166,0.020610690116882324,-0.1122458353638649,-0.14076757431030273,0.05427289009094238,-0.1575908064842224,-0.09400367736816406,0.07510912418365479,-0.1966429501771927,-0.12651842832565308,-0.21848493814468384,-0.10729632526636124,-0.15508270263671875,-0.2466961145401001,-0.17403268814086914,-0.14965778589248657,-0.2558515667915344,-0.20461328327655792,-0.13320571184158325,-0.27493059635162354,-0.22186140716075897,-0.05183398723602295,-0.286232054233551,-0.1048731729388237,-0.0611957311630249,-0.05543804168701172,-0.17441578209400177,-0.06408530473709106,0.05473923683166504,-0.17795583605766296,-0.06525838375091553,0.03955644369125366,-0.17040540277957916,0.021210074424743652,-0.26641398668289185,-0.109354667365551,0.016650080680847168,-0.011693358421325684,-0.17937810719013214,0.002056598663330078,0.08113420009613037,-0.16037186980247498,-0.009790599346160889,0.06011885404586792,-0.1347632110118866,0.08749860525131226,-0.21389752626419067,-0.12027748674154282,0.08554136753082275,-0.016904115676879883,-0.17916658520698547,0.063728928565979,0.06569671630859375,-0.17689044773578644,0.04445236921310425,0.0586550235748291,-0.16163374483585358
0.0,0.0,0.0,-0.07191509008407593,0.02806413173675537,-0.06657436490058899,-0.1472364068031311,0.03211677074432373,-0.1196327805519104,-0.14604973793029785,0.0620877742767334,-0.16755366325378418,-0.08991211652755737,0.07309973239898682,-0.20864279568195343,-0.12962090969085693,-0.21369242668151855,-0.11055208742618561,-0.15302032232284546,-0.2516098618507385,-0.18167628347873688,-0.14664989709854126,-0.25767791271209717,-0.21506866812705994,-0.131666362285614,-0.27817338705062866,-0.23385968804359436,-0.05331474542617798,-0.2829199433326721,-0.107185497879982,-0.06287950277328491,-0.056242942810058594,-0.1796898990869522,-0.06725907325744629,0.05994272232055664,-0.18283502757549286,-0.07037901878356934,0.040032029151916504,-0.17485696077346802,0.02003490924835205,-0.26367998123168945,-0.11187189817428589,0.015610754489898682,-0.010250389575958252,-0.183550164103508,0.0002751946449279785,0.08327388763427734,-0.16306068003177643,-0.01269066333770752,0.05859518051147461,-0.13638344407081604,0.08675116300582886,-0.211503267288208,-0.12372016906738281,0.0840112566947937,-0.01555413007736206,-0.1841406375169754,0.06240886449813843,0.0675349235534668,-0.18188628554344177,0.04201650619506836,0.06046581268310547,-0.16642999649047852
0.0,0.0,0.0,-0.07327330112457275,0.024069905281066895,-0.06536682695150375,-0.1530534029006958,0.02385812997817993,-0.11687979102134705,-0.15508157014846802,0.05000728368759155,-0.16359350085258484,-0.09869188070297241,0.06184870004653931,-0.202557772397995,-0.13431453704833984,-0.22269737720489502,-0.10786546766757965,-0.1606978178024292,-0.2672412395477295,-0.17788349092006683,-0.15299344062805176,-0.26824164390563965,-0.2074185460805893,-0.1358344554901123,-0.27611708641052246,-0.22240394353866577,-0.0577053427696228,-0.29242753982543945,-0.1043541207909584,-0.07016968727111816,-0.0677303671836853,-0.17562328279018402,-0.07540947198867798,0.04900997877120972,-0.1748018115758896,-0.07736694812774658,0.030013620853424072,-0.1628553718328476,0.016032278537750244,-0.272866427898407,-0.10914386808872223,0.010580837726593018,-0.016212284564971924,-0.17926397919654846,-0.0059188008308410645,0.077084481716156,-0.15518474578857422,-0.01830005645751953,0.054236769676208496,-0.1253269761800766,0.08277368545532227,-0.21888577938079834,-0.12133244425058365,0.07784020900726318,-0.019456923007965088,-0.18175764381885529,0.0554121732711792,0.061074912548065186,-0.17904432117938995,0.036081910133361816,0.052316129207611084,-0.16225698590278625
0.0,0.0,0.0,-0.06942719221115112,0.023993611335754395,-0.0674266591668129,-0.14531493186950684,0.024214744567871094,-0.1201915591955185,-0.14906269311904907,0.05393862724304199,-0.16691431403160095,-0.0983356237411499,0.06460779905319214,-0.20616312325000763,-0.13158702850341797,-0.21371299028396606,-0.11606674641370773,-0.158765971660614,-0.2512689232826233,-0.1886647790670395,-0.14951235055923462,-0.25481635332107544,-0.2207186222076416,-0.13249200582504272,-0.2625856399536133,-0.23723429441452026,-0.0559389591217041,-0.283707857131958,-0.11109516769647598,-0.06683534383773804,-0.06896895170211792,-0.18463829159736633,-0.06898856163024902,0.04618769884109497,-0.1858651041984558,-0.07045620679855347,0.033286333084106445,-0.17547748982906342,0.01742398738861084,-0.266445517539978,-0.11393564939498901,0.012297451496124268,-0.013681888580322266,-0.18621350824832916,-0.0031529664993286133,0.0794379711151123,-0.164914071559906,-0.0160943865776062,0.05757856369018555,-0.13702481985092163,0.08443814516067505,-0.21617066860198975,-0.12383853644132614,0.0804147720336914,-0.018782436847686768,-0.18491454422473907,0.05788540840148926,0.06188392639160156,-0.18326489627361298,0.03742408752441406,0.05291283130645752,-0.1678398698568344
0.0,0.0,0.0,-0.06762540340423584,0.0226590633392334,-0.06027408316731453,-0.1392272710800171,0.024058401584625244,-0.10986839979887009,-0.14065462350845337,0.056189656257629395,-0.15482716262340546,-0.09126657247543335,0.06884831190109253,-0.19241511821746826,-0.12814861536026,-0.2087070345878601,-0.10605984926223755,-0.15443551540374756,-0.24392282962799072,-0.1725902110338211,-0.1437699794769287,-0.24237531423568726,-0.20044849812984467,-0.1270427107810974,-0.2448885440826416,-0.2147030085325241,-0.056055426597595215,-0.27620089054107666,-0.10424383729696274,-0.06728816032409668,-0.0649263858795166,-0.1713801622390747,-0.06813496351242065,0.046483516693115234,-0.171017587184906,-0.0703546404838562,0.030911922454833984,-0.16034960746765137,0.014730632305145264,-0.2596266269683838,-0.10944882780313492,0.008257031440734863,-0.014621198177337646,-0.17488902807235718,-0.0036360621452331543,0.07905203104019165,-0.1511416882276535,-0.015063583850860596,0.05650901794433594,-0.12298949807882309,0.07957643270492554,-0.21036064624786377,-0.12137217074632645,0.07280629873275757,-0.014045774936676025,-0.17676936089992523,0.05460149049758911,0.06385469436645508,-0.17233137786388397,0.03815138339996338,0.04969823360443115,-0.15565621852874756
0.0,0.0,0.0,-0.06774371862411499,0.015027940273284912,-0.05446454882621765,-0.1408722996711731,0.016862452030181885,-0.10030045360326767,-0.14470934867858887,0.05281728506088257,-0.14314600825309753,-0.09339374303817749,0.0750625729560852,-0.17864762246608734,-0.1250685453414917,-0.2115517258644104,-0.09114821255207062,-0.14960098266601562,-0.2277870774269104,-0.1487143486738205,-0.14400458335876465,-0.21963179111480713,-0.1686888188123703,-0.13272345066070557,-0.21819180250167847,-0.17699578404426575,-0.057104527950286865,-0.2672650218009949,-0.09105341136455536,-0.07378900051116943,-0.04843515157699585,-0.14926061034202576,-0.0748932957649231,0.05430036783218384,-0.1434868723154068,-0.07383453845977783,0.034436166286468506,-0.12866006791591644,0.010887622833251953,-0.2483397126197815,-0.09799562394618988,-0.00026154518127441406,-0.010934114456176758,-0.15306487679481506,-0.011154592037200928,0.06444597244262695,-0.12496567517518997,-0.019620060920715332,0.03644448518753052,-0.09454099833965302,0.07097411155700684,-0.19808697700500488,-0.11193385720252991,0.061030566692352295,-0.005584537982940674,-0.15912602841854095,0.04390662908554077,0.06110352277755737,-0.1512690931558609,0.031080305576324463,0.043256938457489014,-0.13214005529880524
0.0,0.0,0.0,-0.06280112266540527,0.028178691864013672,-0.05568237975239754,-0.12960249185562134,0.038323283195495605,-0.10233992338180542,-0.1311153769493103,0.07602018117904663,-0.14542125165462494,-0.08363527059555054,0.08772659301757812,-0.1817205548286438,-0.11752015352249146,-0.18594616651535034,-0.0933808758854866,-0.1370876431465149,-0.20113176107406616,-0.1514410823583603,-0.1322038769721985,-0.19196105003356934,-0.17643767595291138,-0.12173998355865479,-0.19010388851165771,-0.18931128084659576,-0.05170339345932007,-0.23676073551177979,-0.09259124845266342,-0.06434053182601929,-0.02410411834716797,-0.15058377385139465,-0.061227381229400635,0.07455062866210938,-0.15071120858192444,-0.056180596351623535,0.06360715627670288,-0.14258801937103271,0.013878822326660156,-0.21786916255950928,-0.09832946956157684,0.0054059624671936035,0.01067650318145752,-0.1523582637310028,-0.0026696324348449707,0.08867615461349487,-0.12781326472759247,-0.008978605270385742,0.07095491886138916,-0.10148272663354874,0.07323336601257324,-0.17174142599105835,-0.11110001057386398,0.06564998626708984,0.006287574768066406,-0.15586894750595093,0.048815011978149414,0.07495880126953125,-0.1475745588541031,0.03540879487991333,0.06533235311508179,-0.12989410758018494
0.0,0.0,0.0,-0.061224520206451416,0.021727323532104492,-0.05423397570848465,-0.12924081087112427,0.027437686920166016,-0.09836823493242264,-0.1355687975883484,0.04908019304275513,-0.13933755457401276,-0.09112250804901123,0.051519155502319336,-0.17315472662448883,-0.12041521072387695,-0.19855743646621704,-0.08252207934856415,-0.14419543743133545,-0.20501172542572021,-0.13669784367084503,-0.1372329592704773,-0.20058971643447876,-0.15690571069717407,-0.12493336200714111,-0.20637190341949463,-0.16634917259216309,-0.05692392587661743,-0.2505562901496887,-0.08120408654212952,-0.07413214445114136,-0.04956924915313721,-0.13695932924747467,-0.07034105062484741,0.0521165132522583,-0.13479703664779663,-0.06517589092254639,0.03774768114089966,-0.1235940009355545,0.006674230098724365,-0.23533201217651367,-0.08689280599355698,-0.005685627460479736,-0.019192218780517578,-0.14147716760635376,-0.009097576141357422,0.06262552738189697,-0.11782833188772202,-0.011719703674316406,0.045983970165252686,-0.09046854078769684,0.06397473812103271,-0.19093644618988037,-0.09911201894283295,0.05403631925582886,-0.021036505699157715,-0.14281953871250153,0.04184436798095703,0.046724796295166016,-0.13514088094234467,0.0326462984085083,0.03567361831665039,-0.11735601723194122
0.0,0.0,0.0,-0.05899840593338013,0.02463853359222412,-0.05241367965936661,-0.12578099966049194,0.032600998878479004,-0.0958424061536789,-0.1315380334854126,0.04892754554748535,-0.13586854934692383,-0.08782410621643066,0.04551994800567627,-0.17029915750026703,-0.11633151769638062,-0.18479984998703003,-0.08246084302663803,-0.1358180046081543,-0.20364439487457275,-0.13770456612110138,-0.1314462423324585,-0.20763945579528809,-0.16364239156246185,-0.12219047546386719,-0.21627873182296753,-0.17751836776733398,-0.05314671993255615,-0.24023616313934326,-0.08142261207103729,-0.06394791603088379,-0.05794656276702881,-0.13679806888103485,-0.06376606225967407,0.04018127918243408,-0.13816742599010468,-0.062214434146881104,0.0356755256652832,-0.1299986094236374,0.009436070919036865,-0.22621828317642212,-0.08711634576320648,0.0016130805015563965,-0.01959317922592163,-0.1408231109380722,-0.005579948425292969,0.05741727352142334,-0.12137465924024582,-0.010862648487091064,0.04686176776885986,-0.09715645760297775,0.067013680934906,-0.1843109130859375,-0.09887752681970596,0.05949658155441284,-0.02736079692840576,-0.1424189805984497,0.04668891429901123,0.035166025161743164,-0.13654372096061707,0.03573256731033325,0.028338193893432617,-0.12050766497850418
0.0,0.0,0.0,-0.056168317794799805,0.023545145988464355,-0.049034856259822845,-0.11982142925262451,0.03143918514251709,-0.08896628022193909,-0.12486213445663452,0.04728800058364868,-0.12607429921627045,-0.08160090446472168,0.04109466075897217,-0.1579270362854004,-0.1108393669128418,-0.18292146921157837,-0.07446779310703278,-0.12732207775115967,-0.1955622434616089,-0.12476159632205963,-0.12439024448394775,-0.19398188591003418,-0.14798910915851593,-0.11728185415267944,-0.20298588275909424,-0.16065186262130737,-0.05073672533035278,-0.23303329944610596,-0.07416646182537079,-0.06104850769042969,-0.05405765771865845,-0.12519419193267822,-0.06200850009918213,0.04117727279663086,-0.12654033303260803,-0.0604170560836792,0.03329324722290039,-0.11925458163022995,0.009512245655059814,-0.217972993850708,-0.08027365803718567,0.0017251372337341309,-0.01902174949645996,-0.12919312715530396,-0.006286919116973877,0.055273354053497314,-0.1104360893368721,-0.010814547538757324,0.044110774993896484,-0.0878654271364212,0.06476414203643799,-0.17593854665756226,-0.09233557432889938,0.05695903301239014,-0.02567535638809204,-0.13210147619247437,0.04282951354980469,0.03540360927581787,-0.1259268820285797,0.03178483247756958,0.03084123134613037,-0.1106177344918251
0.0,0.0,0.0,-0.05445396900177002,0.02578115463256836,-0.04681576415896416,-0.1151084303855896,0.034023940563201904,-0.08405260741710663,-0.12132197618484497,0.050273239612579346,-0.11819326877593994,-0.08108437061309814,0.04272347688674927,-0.14723607897758484,-0.10803467035293579,-0.1696401834487915,-0.07484713196754456,-0.12261384725570679,-0.18643426895141602,-0.12469321489334106,-0.11810487508773804,-0.18637913465499878,-0.14806313812732697,-0.10931867361068726,-0.19528216123580933,-0.1606789231300354,-0.049693763256073,-0.220939040184021,-0.07446422427892685,-0.059099793434143066,-0.04413425922393799,-0.12404005229473114,-0.05968284606933594,0.04124408960342407,-0.12517055869102478,-0.05803024768829346,0.03150075674057007,-0.11783872544765472,0.008995473384857178,-0.2063414454460144,-0.08007224649190903,0.0018598437309265137,-0.011200010776519775,-0.12785547971725464,-0.006519615650177002,0.055357158184051514,-0.10877874493598938,-0.011194765567779541,0.041657447814941406,-0.08598878234624863,0.06288266181945801,-0.1656917929649353,-0.09145038574934006,0.05650925636291504,-0.015865325927734375,-0.132299542427063,0.04256463050842285,0.04171091318130493,-0.12688513100147247,0.031707704067230225,0.03619462251663208,-0.11165916919708252
0.0,0.0,0.0,-0.05157738924026489,0.027085065841674805,-0.04623725637793541,-0.1099972128868103,0.037216126918792725,-0.0837080329656601,-0.1184166669845581,0.047040700912475586,-0.11800757795572281,-0.08109068870544434,0.03449547290802002,-0.14840877056121826,-0.10628080368041992,-0.16325390338897705,-0.07402776181697845,-0.12130910158157349,-0.1845029592514038,-0.12278074771165848,-0.11627578735351562,-0.19222962856292725,-0.14965292811393738,-0.10590344667434692,-0.20706021785736084,-0.16624991595745087,-0.04953187704086304,-0.21739709377288818,-0.07401019334793091,-0.05760568380355835,-0.056048810482025146,-0.12229133397340775,-0.05780893564224243,0.03228884935379028,-0.12742941081523895,-0.055332839488983154,0.033030927181243896,-0.12456591427326202,0.007733643054962158,-0.20452499389648438,-0.07949589192867279,0.0019478201866149902,-0.022350013256072998,-0.12695252895355225,-0.0057792067527771,0.05011528730392456,-0.11212708801031113,-0.009528636932373047,0.0470927357673645,-0.09342396259307861,0.06071096658706665,-0.16418099403381348,-0.09037058800458908,0.054277241230010986,-0.023974239826202393,-0.12993572652339935,0.04056239128112793,0.036993563175201416,-0.12513688206672668,0.02965855598449707,0.03884023427963257,-0.11185362935066223
0.0,0.0,0.0,-0.0483972430229187,0.026272714138031006,-0.044512275606393814,-0.10507321357727051,0.03654748201370239,-0.08103698492050171,-0.1148725152015686,0.04239380359649658,-0.11502499878406525,-0.07934069633483887,0.02405869960784912,-0.1450217217206955,-0.10191839933395386,-0.16380369663238525,-0.06999422609806061,-0.11365962028503418,-0.19806164503097534,-0.1158236637711525,-0.1113128662109375,-0.20581316947937012,-0.13915207982063293,-0.10563117265701294,-0.21410143375396729,-0.15293355286121368,-0.047807157039642334,-0.21797412633895874,-0.06997629255056381,-0.05705374479293823,-0.07517421245574951,-0.11392621695995331,-0.05449342727661133,0.014134585857391357,-0.11611135303974152,-0.04996377229690552,0.016077041625976562,-0.11137164384126663,0.007879972457885742,-0.2064809799194336,-0.07541286945343018,0.0012621283531188965,-0.04239380359649658,-0.1194668635725975,-0.003413081169128418,0.03149306774139404,-0.10309123992919922,-0.004612326622009277,0.03165781497955322,-0.08380413800477982,0.060182273387908936,-0.16689449548721313,-0.08615373075008392,0.05478215217590332,-0.03976970911026001,-0.12335748970508575,0.04220455884933472,0.02049243450164795,-0.11777761578559875,0.0313795804977417,0.02584695816040039,-0.10427036881446838
0.0,0.0,0.0,-0.04954904317855835,0.026731491088867188,-0.04359576478600502,-0.10634225606918335,0.03709113597869873,-0.0793241485953331,-0.11629676818847656,0.04616081714630127,-0.11267445236444473,-0.08081847429275513,0.02948474884033203,-0.1420375555753708,-0.10312366485595703,-0.15836775302886963,-0.06875386089086533,-0.11678266525268555,-0.18793439865112305,-0.11622783541679382,-0.114238440990448,-0.19493359327316284,-0.14075803756713867,-0.10763436555862427,-0.2070673704147339,-0.15516076982021332,-0.04975992441177368,-0.21046501398086548,-0.06928166002035141,-0.05929112434387207,-0.05994260311126709,-0.11486311256885529,-0.05600959062576294,0.030293762683868408,-0.11653131991624832,-0.050399959087371826,0.02599167823791504,-0.11094005405902863,0.00548022985458374,-0.19779998064041138,-0.07554113119840622,-0.0017037391662597656,-0.03057926893234253,-0.11994421482086182,-0.007736504077911377,0.040672481060028076,-0.10201030224561691,-0.009323060512542725,0.03286629915237427,-0.08148947358131409,0.05632895231246948,-0.15839654207229614,-0.0871734693646431,0.048907339572906494,-0.026372432708740234,-0.12429757416248322,0.036221444606781006,0.030478358268737793,-0.11812125891447067,0.02721041440963745,0.028145253658294678,-0.10406532138586044
0.0,0.0,0.0,-0.049857497215270996,0.025397419929504395,-0.04261717572808266,-0.10767585039138794,0.03550994396209717,-0.07740376144647598,-0.11802572011947632,0.043247103691101074,-0.1101774275302887,-0.08183002471923828,0.028479337692260742,-0.13894999027252197,-0.1039971113204956,-0.15890389680862427,-0.0648917555809021,-0.11792874336242676,-0.1849757432937622,-0.10866782069206238,-0.11582356691360474,-0.19282758235931396,-0.13022436201572418,-0.10931873321533203,-0.20583897829055786,-0.14299729466438293,-0.05189621448516846,-0.21132946014404297,-0.06534277647733688,-0.06046092510223389,-0.06095921993255615,-0.10792174935340881,-0.057125091552734375,0.026898562908172607,-0.10866129398345947,-0.051316261291503906,0.022386610507965088,-0.10272450745105743,0.002303004264831543,-0.2000616192817688,-0.07137006521224976,-0.003666698932647705,-0.03349936008453369,-0.11357971280813217,-0.00895923376083374,0.03577744960784912,-0.09607814252376556,-0.009618997573852539,0.028925061225891113,-0.07607661932706833,0.05254161357879639,-0.16160047054290771,-0.08270922303199768,0.046174049377441406,-0.03360182046890259,-0.11793715506792068,0.03381812572479248,0.021275460720062256,-0.11189781129360199,0.024962544441223145,0.019747912883758545,-0.09827673435211182
0.0,0.0,0.0,-0.04764664173126221,0.02775859832763672,-0.04119814187288284,-0.10030782222747803,0.038434743881225586,-0.07472384721040726,-0.10877364873886108,0.05073267221450806,-0.10577362775802612,-0.07630002498626709,0.033940911293029785,-0.1337239295244217,-0.0996975302696228,-0.1523756980895996,-0.06585437059402466,-0.11086869239807129,-0.17668062448501587,-0.11093819886445999,-0.11058700084686279,-0.18476802110671997,-0.13639959692955017,-0.10587531328201294,-0.19760453701019287,-0.1523178517818451,-0.048004209995269775,-0.20300084352493286,-0.06720881164073944,-0.05414140224456787,-0.05722546577453613,-0.11151320487260818,-0.05204218626022339,0.032860517501831055,-0.11606790870428085,-0.046342670917510986,0.034710049629211426,-0.11334019154310226,0.005792558193206787,-0.1895957589149475,-0.07369004189968109,0.0015872716903686523,-0.029343128204345703,-0.11770100891590118,-0.005499482154846191,0.04422992467880249,-0.10306399315595627,-0.007147729396820068,0.04088306427001953,-0.08544792979955673,0.054656803607940674,-0.15052926540374756,-0.08495817333459854,0.04882293939590454,-0.023376762866973877,-0.12233098596334457,0.03601729869842529,0.03431832790374756,-0.11729535460472107,0.027835965156555176,0.03434491157531738,-0.10476980358362198
0.0,0.0,0.0,-0.04982423782348633,0.029088258743286133,-0.03982990235090256,-0.10601180791854858,0.03277808427810669,-0.07225088030099869,-0.11187398433685303,0.034787535667419434,-0.10221703350543976,-0.07545751333236694,0.021045207977294922,-0.12842442095279694,-0.10093814134597778,-0.15191686153411865,-0.06415495276451111,-0.10925793647766113,-0.18112140893936157,-0.10416599363088608,-0.10662513971328735,-0.1873682737350464,-0.12470372766256332,-0.10142844915390015,-0.19902122020721436,-0.1379425823688507,-0.04851657152175903,-0.2041141390800476,-0.06498803943395615,-0.054153382778167725,-0.05042332410812378,-0.10623308271169662,-0.05190771818161011,0.03353071212768555,-0.11022026091814041,-0.046639859676361084,0.03420066833496094,-0.10811178386211395,0.00492548942565918,-0.19464939832687378,-0.07030744105577469,0.0014151334762573242,-0.027484416961669922,-0.11023519933223724,-0.0038680434226989746,0.03987312316894531,-0.0963536947965622,-0.004779934883117676,0.035226404666900635,-0.08059574663639069,0.055288612842559814,-0.16009122133255005,-0.08043193817138672,0.051622748374938965,-0.031473636627197266,-0.1138579398393631,0.04061853885650635,0.024617373943328857,-0.10890445113182068,0.03234577178955078,0.02233409881591797,-0.09742067009210587
0.0,0.0,0.0,-0.0530848503112793,0.028737187385559082,-0.04104332998394966,-0.10880708694458008,0.0334128737449646,-0.07475172728300095,-0.11017709970474243,0.037058889865875244,-0.10557018220424652,-0.07136696577072144,0.029596924781799316,-0.13266783952713013,-0.10176080465316772,-0.14438211917877197,-0.06690870225429535,-0.11112314462661743,-0.16503602266311646,-0.10807269811630249,-0.10587316751480103,-0.17256295680999756,-0.12923312187194824,-0.09724020957946777,-0.1875590682029724,-0.1429213583469391,-0.049137771129608154,-0.19679933786392212,-0.06749667227268219,-0.05478113889694214,-0.04020589590072632,-0.11046241223812103,-0.054061710834503174,0.04986304044723511,-0.1141076609492302,-0.05026048421859741,0.053212881088256836,-0.11157939583063126,0.00409168004989624,-0.18909096717834473,-0.07261138409376144,0.0013538599014282227,-0.016700804233551025,-0.11448046565055847,-0.005340695381164551,0.054588258266448975,-0.10084865242242813,-0.007746338844299316,0.050695180892944336,-0.08490446954965591,0.05425739288330078,-0.15707731246948242,-0.0825117975473404,0.05061030387878418,-0.025000691413879395,-0.11647070199251175,0.039055824279785156,0.03521287441253662,-0.11116264015436172,0.030466079711914062,0.03531515598297119,-0.09950252622365952
0.0,0.0,0.0,-0.04881066083908081,0.030740439891815186,-0.040556129068136215,-0.1000637412071228,0.03797781467437744,-0.07423264533281326,-0.10149025917053223,0.046237826347351074,-0.10501538962125778,-0.06601458787918091,0.037513017654418945,-0.13231828808784485,-0.09510374069213867,-0.14033561944961548,-0.06736583262681961,-0.10548871755599976,-0.15910375118255615,-0.1093960627913475,-0.10090941190719604,-0.16617727279663086,-0.13135334849357605,-0.09262996912002563,-0.18032288551330566,-0.14528535306453705,-0.04428720474243164,-0.18995040655136108,-0.06848455965518951,-0.049419522285461426,-0.034017205238342285,-0.11281836032867432,-0.0494728684425354,0.053826868534088135,-0.11713537573814392,-0.04651081562042236,0.05681127309799194,-0.11436762660741806,0.008239567279815674,-0.1799944043159485,-0.07398693263530731,0.007208824157714844,-0.009884953498840332,-0.11690298467874527,-0.0004429817199707031,0.06333327293395996,-0.10187463462352753,-0.003741621971130371,0.06137645244598389,-0.08422341197729111,0.057251811027526855,-0.14641356468200684,-0.08425769209861755,0.05478227138519287,-0.013091981410980225,-0.11965278536081314,0.04270124435424805,0.04802513122558594,-0.11368755996227264,0.034500062465667725,0.047924935817718506,-0.10071545094251633
0.0,0.0,0.0,-0.04390156269073486,0.030651211738586426,-0.041794609278440475,-0.08811551332473755,0.04340803623199463,-0.07725655287504196,-0.08898192644119263,0.056898295879364014,-0.11001797020435333,-0.05951017141342163,0.04956895112991333,-0.13933239877223969,-0.0867571234703064,-0.13416194915771484,-0.06917096674442291,-0.10359680652618408,-0.14973968267440796,-0.11238759011030197,-0.10093289613723755,-0.1559544801712036,-0.13439175486564636,-0.09100091457366943,-0.16428792476654053,-0.14749298989772797,-0.037943363189697266,-0.1797758936882019,-0.06976025551557541,-0.04160577058792114,-0.025239646434783936,-0.11638124287128448,-0.04111999273300171,0.06484413146972656,-0.12161081284284592,-0.038209497928619385,0.07432925701141357,-0.11856134235858917,0.01252835988998413,-0.1697184443473816,-0.07475526630878448,0.011075794696807861,-0.010071277618408203,-0.12067078053951263,0.0054236650466918945,0.06627672910690308,-0.10673744976520538,0.0022987723350524902,0.07066267728805542,-0.08879300951957703,0.05905795097351074,-0.13776397705078125,-0.08422695845365524,0.05817049741744995,-0.00929790735244751,-0.12146171182394028,0.04740661382675171,0.05273658037185669,-0.11612902581691742,0.03968888521194458,0.05596768856048584,-0.10281194001436234
0.0,0.0,0.0,-0.04089999198913574,0.032396554946899414,-0.03917218744754791,-0.08420580625534058,0.04786992073059082,-0.07295268028974533,-0.08861678838729858,0.06271445751190186,-0.10416059195995331,-0.06168818473815918,0.054529428482055664,-0.1323017179965973,-0.08763474225997925,-0.12760430574417114,-0.06704986095428467,-0.1035391092300415,-0.14058423042297363,-0.11050926148891449,-0.10154074430465698,-0.14727109670639038,-0.13431240618228912,-0.093253493309021,-0.16063499450683594,-0.149183988571167,-0.04019111394882202,-0.1724221110343933,-0.06912191212177277,-0.043685734272003174,-0.025679171085357666,-0.11470334976911545,-0.04106605052947998,0.06304270029067993,-0.1207662895321846,-0.0374913215637207,0.068875253200531,-0.11896958202123642,0.010063409805297852,-0.1616770625114441,-0.07535196840763092,0.009325623512268066,-0.0060863494873046875,-0.11951812356710434,0.0050601959228515625,0.07062399387359619,-0.10548222064971924,0.002669215202331543,0.07174432277679443,-0.08834519982337952,0.05667787790298462,-0.12981265783309937,-0.08595553785562515,0.05446046590805054,-0.0026450753211975098,-0.12184357643127441,0.04514414072036743,0.05905944108963013,-0.11598474532365799,0.03946596384048462,0.059052228927612305,-0.10311481356620789
0.0,0.0,0.0,-0.03773200511932373,0.030296027660369873,-0.03757140412926674,-0.07696104049682617,0.04639405012130737,-0.07082226872444153,-0.08034706115722656,0.06350421905517578,-0.1018739715218544,-0.05494129657745361,0.05931323766708374,-0.13081525266170502,-0.0818212628364563,-0.12056082487106323,-0.06439145654439926,-0.0951882004737854,-0.13493019342422485,-0.1070442721247673,-0.0948253870010376,-0.14185678958892822,-0.1319868415594101,-0.08902162313461304,-0.15570420026779175,-0.14822959899902344,-0.035939931869506836,-0.16555696725845337,-0.06763451546430588,-0.0386967658996582,-0.027679502964019775,-0.11235912889242172,-0.03593337535858154,0.06388676166534424,-0.11961797624826431,-0.03275030851364136,0.07200831174850464,-0.11917492747306824,0.013197600841522217,-0.15452688932418823,-0.07485543191432953,0.013595044612884521,-0.006944000720977783,-0.1186349168419838,0.009022355079650879,0.07349503040313721,-0.10617318749427795,0.00510716438293457,0.07736462354660034,-0.09065915644168854,0.058660805225372314,-0.1216922402381897,-0.08615732938051224,0.056793928146362305,0.0014979243278503418,-0.12182731926441193,0.04808378219604492,0.06480515003204346,-0.11605983972549438,0.041697680950164795,0.06709188222885132,-0.10397262126207352
0.0,0.0,0.0,-0.04450291395187378,0.03180885314941406,-0.04121910780668259,-0.09220325946807861,0.044730961322784424,-0.07667682319879532,-0.09375709295272827,0.05275130271911621,-0.10899046808481216,-0.062336266040802,0.041976213455200195,-0.13822674751281738,-0.08996671438217163,-0.13084161281585693,-0.07065335661172867,-0.09759187698364258,-0.14095711708068848,-0.11409378796815872,-0.09410780668258667,-0.14696013927459717,-0.13866136968135834,-0.08694416284561157,-0.16171956062316895,-0.1548602432012558,-0.04016292095184326,-0.17616397142410278,-0.07196915149688721,-0.04308527708053589,-0.029395580291748047,-0.1183265745639801,-0.042466163635253906,0.06497299671173096,-0.1252320557832718,-0.038526058197021484,0.0770217776298523,-0.12505783140659332,0.01097571849822998,-0.16720151901245117,-0.07739383727312088,0.011706054210662842,-0.01037365198135376,-0.12162791192531586,0.0048125386238098145,0.06645643711090088,-0.10946281254291534,0.0017951726913452148,0.06856667995452881,-0.09477794915437698,0.05900543928146362,-0.1366596817970276,-0.08738883584737778,0.05841439962387085,-0.010437726974487305,-0.12236808985471725,0.046400368213653564,0.051505088806152344,-0.11756409704685211,0.03781390190124512,0.05229020118713379,-0.10679640620946884
0.0,0.0,0.0,-0.0398373007774353,0.02786993980407715,-0.038876861333847046,-0.08222460746765137,0.04459404945373535,-0.07424060255289078,-0.08281713724136353,0.06167900562286377,-0.10734862089157104,-0.0545993447303772,0.05609172582626343,-0.13789615035057068,-0.08011031150817871,-0.12432849407196045,-0.06886708736419678,-0.09276294708251953,-0.13577276468276978,-0.11472059786319733,-0.08999991416931152,-0.13710618019104004,-0.1410750150680542,-0.08181029558181763,-0.14660954475402832,-0.1571584939956665,-0.03192657232284546,-0.16242539882659912,-0.0714230090379715,-0.036976635456085205,-0.02732539176940918,-0.11749345064163208,-0.03898060321807861,0.06196486949920654,-0.12434380501508713,-0.03802359104156494,0.06552904844284058,-0.12341423332691193,0.01766657829284668,-0.1497625708580017,-0.07812082022428513,0.015351474285125732,-0.003144502639770508,-0.12267793715000153,0.008070886135101318,0.07428371906280518,-0.10964959114789963,0.00392526388168335,0.0749775767326355,-0.09335312247276306,0.06285089254379272,-0.11775100231170654,-0.08907971531152725,0.05958288908004761,0.001110374927520752,-0.12379546463489532,0.04887908697128296,0.06353402137756348,-0.11697948724031448,0.04203295707702637,0.06550812721252441,-0.10395362973213196
0.0,0.0,0.0,-0.04596066474914551,0.028150975704193115,-0.04045376554131508,-0.09195339679718018,0.03672534227371216,-0.07486806064844131,-0.09224069118499756,0.04387539625167847,-0.1067572608590126,-0.060965895652770996,0.035049378871917725,-0.13498613238334656,-0.08807438611984253,-0.14067929983139038,-0.06579951196908951,-0.10291814804077148,-0.16096657514572144,-0.1106661930680275,-0.0984763503074646,-0.16320711374282837,-0.1331222951412201,-0.08918219804763794,-0.17019498348236084,-0.14574599266052246,-0.03944474458694458,-0.18510478734970093,-0.06715987622737885,-0.04277998208999634,-0.03929471969604492,-0.11459076404571533,-0.043373286724090576,0.05107623338699341,-0.11908441036939621,-0.04299437999725342,0.051289379596710205,-0.11492300033569336,0.010562658309936523,-0.17433732748031616,-0.07340509444475174,0.009355366230010986,-0.018062233924865723,-0.11981303989887238,0.0024657249450683594,0.05615347623825073,-0.10606410354375839,-0.0022481679916381836,0.05106616020202637,-0.08813747018575668,0.05679959058761597,-0.14171189069747925,-0.0840318575501442,0.05455666780471802,-0.015203475952148438,-0.12138631194829941,0.043190181255340576,0.04515713453292847,-0.11621221899986267,0.034347593784332275,0.043893516063690186,-0.10308630764484406
0.0,0.0,0.0,-0.04260087013244629,0.02920585870742798,-0.03945544734597206,-0.0848122239112854,0.03949558734893799,-0.0733656957745552,-0.08478397130966187,0.05379575490951538,-0.10522394627332687,-0.055692195892333984,0.04803478717803955,-0.13390810787677765,-0.08260321617126465,-0.13601183891296387,-0.06402936577796936,-0.09713178873062134,-0.15710651874542236,-0.10933336615562439,-0.09448295831680298,-0.15751737356185913,-0.13291852176189423,-0.086262047290802,-0.16311216354370117,-0.14598622918128967,-0.03588545322418213,-0.1780373454093933,-0.06592455506324768,-0.037337303161621094,-0.03225678205490112,-0.11223652958869934,-0.03756380081176758,0.05133700370788574,-0.11729809641838074,-0.0379524827003479,0.04588520526885986,-0.11382339894771576,0.013213872909545898,-0.16474580764770508,-0.07279647886753082,0.012483358383178711,-0.014936089515686035,-0.11830064654350281,0.006169557571411133,0.058744072914123535,-0.10377340018749237,0.0007486939430236816,0.05637335777282715,-0.08524587750434875,0.058808326721191406,-0.13070809841156006,-0.08404714614152908,0.056723058223724365,-0.012220978736877441,-0.12105048447847366,0.04657250642776489,0.04868805408477783,-0.11472893506288528,0.038674116134643555,0.05088639259338379,-0.10052642226219177
0.0,0.0,0.0,-0.04258608818054199,0.031224966049194336,-0.04119552671909332,-0.08582836389541626,0.04174208641052246,-0.07609060406684875,-0.0863221287727356,0.053833603858947754,-0.10827119648456573,-0.05657339096069336,0.04586589336395264,-0.13710004091262817,-0.08258646726608276,-0.13342928886413574,-0.06907814741134644,-0.09647464752197266,-0.15647625923156738,-0.11486946791410446,-0.09299778938293457,-0.16083168983459473,-0.13829077780246735,-0.08387833833694458,-0.1652761697769165,-0.1512708216905594,-0.03466588258743286,-0.17864209413528442,-0.06992264091968536,-0.03585946559906006,-0.031065762042999268,-0.11767114698886871,-0.03733938932418823,0.05729472637176514,-0.12255064398050308,-0.03789651393890381,0.06146448850631714,-0.11870495229959488,0.015121996402740479,-0.167383074760437,-0.07550705969333649,0.015468180179595947,-0.012569069862365723,-0.1226484477519989,0.007070600986480713,0.06453633308410645,-0.10835324972867966,0.0008330941200256348,0.0668710470199585,-0.08965041488409042,0.06132829189300537,-0.1348726749420166,-0.08547290414571762,0.06065022945404053,-0.01103508472442627,-0.12411588430404663,0.04937243461608887,0.05126810073852539,-0.11859718710184097,0.04076087474822998,0.054843902587890625,-0.10466677695512772
0.0,0.0,0.0,-0.042663514614105225,0.028023362159729004,-0.03930019587278366,-0.08583950996398926,0.03541380167007446,-0.0726049542427063,-0.08517217636108398,0.04598546028137207,-0.10359849780797958,-0.054295480251312256,0.03888583183288574,-0.1310984045267105,-0.08088362216949463,-0.13971900939941406,-0.0644485279917717,-0.09499776363372803,-0.16337990760803223,-0.10812736302614212,-0.08997631072998047,-0.1650305986404419,-0.1297580897808075,-0.0797114372253418,-0.16994106769561768,-0.14187096059322357,-0.03269076347351074,-0.18409478664398193,-0.06593986600637436,-0.0353626012802124,-0.035472750663757324,-0.11229144781827927,-0.03779202699661255,0.053306400775909424,-0.11712798476219177,-0.03920388221740723,0.05224478244781494,-0.11345523595809937,0.016886591911315918,-0.17225348949432373,-0.07202159613370895,0.016330957412719727,-0.0161592960357666,-0.11773742735385895,0.007857263088226318,0.060257554054260254,-0.1035035103559494,0.0011439323425292969,0.0586361289024353,-0.0852697566151619,0.062305748462677,-0.13870275020599365,-0.08239009231328964,0.06105351448059082,-0.012566745281219482,-0.12036624550819397,0.048990726470947266,0.04953300952911377,-0.11498343199491501,0.038980960845947266,0.05106699466705322,-0.10136622935533524
0.0,0.0,0.0,-0.04191046953201294,0.02782076597213745,-0.03901538625359535,-0.08428090810775757,0.03702515363693237,-0.07228367030620575,-0.08445215225219727,0.05029404163360596,-0.10316050797700882,-0.055471718311309814,0.04469728469848633,-0.13075411319732666,-0.08040082454681396,-0.13471287488937378,-0.06515596807003021,-0.09505623579025269,-0.1585128903388977,-0.10936184227466583,-0.09108871221542358,-0.1608855128288269,-0.1323416829109192,-0.08089423179626465,-0.1674523949623108,-0.14550112187862396,-0.032938361167907715,-0.17797845602035522,-0.06653948873281479,-0.03485208749771118,-0.03235352039337158,-0.11237680912017822,-0.035784125328063965,0.0531730055809021,-0.11760067939758301,-0.036055922508239746,0.05079859495162964,-0.1147017627954483,0.016224145889282227,-0.16542059183120728,-0.0724421888589859,0.014800190925598145,-0.014236509799957275,-0.11708886921405792,0.006742417812347412,0.06052660942077637,-0.10272157192230225,0.0003803372383117676,0.05913817882537842,-0.08494091033935547,0.06088453531265259,-0.13216698169708252,-0.0826493501663208,0.058063805103302,-0.009169578552246094,-0.11967473477125168,0.04623526334762573,0.051120877265930176,-0.11404777318239212,0.036880671977996826,0.05207633972167969,-0.10069820284843445
0.0,0.0,0.0,-0.04459547996520996,0.02708369493484497,-0.040580958127975464,-0.08867526054382324,0.03256392478942871,-0.07449760288000107,-0.08769142627716064,0.04191666841506958,-0.10574814677238464,-0.05723905563354492,0.03340721130371094,-0.13338115811347961,-0.08259814977645874,-0.14070945978164673,-0.06613551080226898,-0.09681379795074463,-0.1628206968307495,-0.11035266518592834,-0.0922728180885315,-0.16586089134216309,-0.132074236869812,-0.08252853155136108,-0.17317068576812744,-0.14414599537849426,-0.0335010290145874,-0.1837698221206665,-0.06676782667636871,-0.03875148296356201,-0.03627502918243408,-0.11302689462900162,-0.04095113277435303,0.052045345306396484,-0.11714815348386765,-0.04067748785018921,0.05094724893569946,-0.11306346952915192,0.01612764596939087,-0.17169177532196045,-0.07213408499956131,0.012914061546325684,-0.014848589897155762,-0.11743790656328201,0.004851043224334717,0.05855238437652588,-0.10271914303302765,-0.0006205439567565918,0.05440235137939453,-0.08433755487203598,0.061346471309661865,-0.13826781511306763,-0.0819144994020462,0.05704444646835327,-0.014704883098602295,-0.11892621219158173,0.045025527477264404,0.04514789581298828,-0.11309879273176193,0.03575628995895386,0.045035719871520996,-0.0994456559419632
0.0,0.0,0.0,-0.047691404819488525,0.024348556995391846,-0.0413907989859581,-0.09559887647628784,0.029762625694274902,-0.07492337375879288,-0.09605062007904053,0.03971034288406372,-0.10550796985626221,-0.06375277042388916,0.03188586235046387,-0.13184930384159088,-0.0893372893333435,-0.14363360404968262,-0.06638762354850769,-0.10484790802001953,-0.16761988401412964,-0.10958375036716461,-0.0993238091468811,-0.17522919178009033,-0.12848590314388275,-0.08911091089248657,-0.18125420808792114,-0.13806568086147308,-0.03928095102310181,-0.19031250476837158,-0.06556077301502228,-0.04636061191558838,-0.04027217626571655,-0.11094731837511063,-0.04669827222824097,0.04611784219741821,-0.11172883957624435,-0.04520273208618164,0.04716181755065918,-0.10445906966924667,0.0107269287109375,-0.18085652589797974,-0.06982468068599701,0.005445003509521484,-0.015330314636230469,-0.11474499106407166,-0.0009226202964782715,0.05384695529937744,-0.09884744882583618,-0.004791855812072754,0.04748952388763428,-0.07892309874296188,0.057269513607025146,-0.14864128828048706,-0.07860095798969269,0.050923049449920654,-0.01973956823348999,-0.115749292075634,0.039029836654663086,0.03805822134017944,-0.11051179468631744,0.030034124851226807,0.03643399477005005,-0.09670066833496094
0.0,0.0,0.0,-0.04522198438644409,0.0234372615814209,-0.038816940039396286,-0.09003597497940063,0.029301822185516357,-0.07102398574352264,-0.08956938982009888,0.03952747583389282,-0.10095269978046417,-0.059370994567871094,0.03342902660369873,-0.12710194289684296,-0.08553844690322876,-0.1445208191871643,-0.06257525086402893,-0.10146856307983398,-0.16989660263061523,-0.10599639266729355,-0.09588366746902466,-0.1753460168838501,-0.1265503466129303,-0.08427762985229492,-0.1808851957321167,-0.1372554898262024,-0.037502944469451904,-0.19073575735092163,-0.0632341057062149,-0.04193347692489624,-0.03816783428192139,-0.10859629511833191,-0.04242783784866333,0.045709848403930664,-0.111605204641819,-0.04268538951873779,0.04366779327392578,-0.10604571551084518,0.01186072826385498,-0.18027174472808838,-0.0688154399394989,0.008741974830627441,-0.017487406730651855,-0.11352910846471786,0.0037935972213745117,0.05313873291015625,-0.09869016706943512,-9.995698928833008e-05,0.04840648174285889,-0.0795184075832367,0.05809342861175537,-0.14721781015396118,-0.07868459075689316,0.05334198474884033,-0.01968938112258911,-0.11597643792629242,0.04288512468338013,0.03946572542190552,-0.11068706959486008,0.034715890884399414,0.03937077522277832,-0.09662723541259766
0.0,0.0,0.0,-0.046024322509765625,0.024353623390197754,-0.03924397751688957,-0.09102284908294678,0.029524624347686768,-0.0718931183218956,-0.08922028541564941,0.03869825601577759,-0.10220703482627869,-0.05835831165313721,0.030139625072479248,-0.12892046570777893,-0.08569079637527466,-0.14743709564208984,-0.06348759680986404,-0.09939724206924438,-0.1726992130279541,-0.10875368118286133,-0.09508979320526123,-0.17819303274154663,-0.1314244270324707,-0.0850709080696106,-0.18440425395965576,-0.14345519244670868,-0.03652060031890869,-0.19412469863891602,-0.06432732939720154,-0.04076802730560303,-0.041014909744262695,-0.1101660281419754,-0.04112136363983154,0.04189038276672363,-0.11350040137767792,-0.04036194086074829,0.038191020488739014,-0.10817290097475052,0.013476848602294922,-0.18270260095596313,-0.07030261307954788,0.009697914123535156,-0.019799411296844482,-0.11428945511579514,0.004498779773712158,0.04807615280151367,-0.09841953963041306,0.0013189315795898438,0.04119390249252319,-0.0787845104932785,0.05963706970214844,-0.14842718839645386,-0.0808122456073761,0.053584396839141846,-0.021608591079711914,-0.11766847223043442,0.04365330934524536,0.03498947620391846,-0.1117173284292221,0.036915719509124756,0.0329778790473938,-0.09715542197227478
0.0,0.0,0.0,-0.045583486557006836,0.025511443614959717,-0.03765720874071121,-0.09057170152664185,0.030060231685638428,-0.06915203481912613,-0.08872056007385254,0.038671016693115234,-0.09856114536523819,-0.0572848916053772,0.028913915157318115,-0.12488503009080887,-0.08381861448287964,-0.14831852912902832,-0.06074339151382446,-0.09570467472076416,-0.1723642349243164,-0.10462072491645813,-0.09275376796722412,-0.17772924900054932,-0.12825366854667664,-0.08444774150848389,-0.18919622898101807,-0.1419311910867691,-0.03438788652420044,-0.1940995454788208,-0.06250077486038208,-0.03889632225036621,-0.04170733690261841,-0.10682503134012222,-0.0397457480430603,0.042537033557891846,-0.11121778935194016,-0.038170456886291504,0.03829050064086914,-0.10755327343940735,0.01605820655822754,-0.18155962228775024,-0.06918814033269882,0.012055397033691406,-0.01935553550720215,-0.11115923523902893,0.005868673324584961,0.04799598455429077,-0.0961543470621109,0.0035001635551452637,0.03946119546890259,-0.07819300889968872,0.06233203411102295,-0.14706343412399292,-0.08040668070316315,0.056213319301605225,-0.01872575283050537,-0.11558641493320465,0.04521536827087402,0.037358224391937256,-0.1098247617483139,0.03886747360229492,0.03401666879653931,-0.09630163758993149
0.0,0.0,0.0,-0.047957658767700195,0.02185678482055664,-0.038771599531173706,-0.09684348106384277,0.023275911808013916,-0.07033634185791016,-0.09607607126235962,0.0319364070892334,-0.09948266297578812,-0.06287747621536255,0.022964835166931152,-0.12514202296733856,-0.08721905946731567,-0.1539551019668579,-0.06291405111551285,-0.10015195608139038,-0.1780298948287964,-0.10753954201936722,-0.09635287523269653,-0.18255263566970825,-0.13055981695652008,-0.08782637119293213,-0.1901758909225464,-0.1431763470172882,-0.03621971607208252,-0.19992601871490479,-0.06368551403284073,-0.0430605411529541,-0.04471534490585327,-0.10901669412851334,-0.04517984390258789,0.03897601366043091,-0.11234825849533081,-0.04403716325759888,0.03673601150512695,-0.10721341520547867,0.014631688594818115,-0.18776607513427734,-0.0695357695221901,0.008877158164978027,-0.020899653434753418,-0.1117331013083458,0.001019597053527832,0.04336082935333252,-0.09607337415218353,-0.001855015754699707,0.03333854675292969,-0.07713351398706436,0.06114310026168823,-0.15310263633728027,-0.08008035272359848,0.05381840467453003,-0.021669983863830566,-0.11568652093410492,0.04103434085845947,0.03256869316101074,-0.11035521328449249,0.033699095249176025,0.028499960899353027,-0.09661875665187836
0.0,0.0,0.0,-0.04268348217010498,0.02331829071044922,-0.039840035140514374,-0.08684545755386353,0.03162497282028198,-0.07340794801712036,-0.08759403228759766,0.043868839740753174,-0.10469809174537659,-0.05734813213348389,0.0376434326171875,-0.13215890526771545,-0.08333379030227661,-0.14362174272537231,-0.06502027064561844,-0.09924322366714478,-0.1682490110397339,-0.1103774905204773,-0.09462261199951172,-0.17179936170578003,-0.13172440230846405,-0.08353042602539062,-0.1745479702949524,-0.14254255592823029,-0.034902751445770264,-0.18918710947036743,-0.06586597859859467,-0.040637433528900146,-0.038788795471191406,-0.11251422762870789,-0.0409390926361084,0.04678982496261597,-0.11481194198131561,-0.039721667766571045,0.045670926570892334,-0.10817058384418488,0.015001654624938965,-0.17712169885635376,-0.07179252803325653,0.010584533214569092,-0.014741182327270508,-0.11693287640810013,0.004539191722869873,0.05417490005493164,-0.10039947926998138,0.0005240440368652344,0.04922419786453247,-0.07977383583784103,0.06050610542297363,-0.14234721660614014,-0.08224719017744064,0.05499112606048584,-0.01246798038482666,-0.12001854181289673,0.04378610849380493,0.044169485569000244,-0.11413160711526871,0.03557288646697998,0.04313671588897705,-0.0992669016122818
0.0,0.0,0.0,-0.044713616371154785,0.025194227695465088,-0.03826051950454712,-0.08966922760009766,0.0321429967880249,-0.07075479626655579,-0.08847594261169434,0.04376828670501709,-0.10144282877445221,-0.05669879913330078,0.03715622425079346,-0.12862703204154968,-0.0843116044998169,-0.1457223892211914,-0.062020134180784225,-0.09774941205978394,-0.1726859211921692,-0.10602729767560959,-0.09459751844406128,-0.17377912998199463,-0.12824922800064087,-0.08518034219741821,-0.17368489503860474,-0.1401352733373642,-0.03508424758911133,-0.19049525260925293,-0.06370005756616592,-0.03938758373260498,-0.03409445285797119,-0.10886351019144058,-0.04168963432312012,0.049293458461761475,-0.11277784407138824,-0.041536569595336914,0.04781210422515869,-0.10802559554576874,0.015511155128479004,-0.1776508092880249,-0.07025924324989319,0.011241495609283447,-0.012888133525848389,-0.11282820254564285,0.0032185912132263184,0.05429905652999878,-0.09682969748973846,-0.001116335391998291,0.04999309778213501,-0.07750190794467926,0.06123405694961548,-0.14242172241210938,-0.08148904144763947,0.056018292903900146,-0.010549664497375488,-0.11755861341953278,0.044038593769073486,0.04522675275802612,-0.11155484616756439,0.03639453649520874,0.04437369108200073,-0.09705150872468948
0.0,0.0,0.0,-0.04506516456604004,0.0235443115234375,-0.039388321340084076,-0.08988082408905029,0.03131568431854248,-0.07298776507377625,-0.08920937776565552,0.04165911674499512,-0.10455736517906189,-0.05865037441253662,0.03211003541946411,-0.13282400369644165,-0.08564269542694092,-0.15850615501403809,-0.06217774748802185,-0.0988759994506836,-0.17519056797027588,-0.10847770422697067,-0.09663760662078857,-0.1765155792236328,-0.1330309361219406,-0.08922123908996582,-0.18479764461517334,-0.1464337706565857,-0.036078035831451416,-0.20073539018630981,-0.06388217210769653,-0.04081827402114868,-0.04545903205871582,-0.11018948256969452,-0.0427207350730896,0.040107131004333496,-0.11434587091207504,-0.042344629764556885,0.032287001609802246,-0.109507255256176,0.015109777450561523,-0.18656998872756958,-0.07094769924879074,0.011369049549102783,-0.021183669567108154,-0.1143932044506073,0.0023006796836853027,0.04877781867980957,-0.09829561412334442,-0.002287447452545166,0.04078090190887451,-0.07859759777784348,0.06144636869430542,-0.150382399559021,-0.082842618227005,0.056434690952301025,-0.020086348056793213,-0.11818402260541916,0.04410475492477417,0.038092195987701416,-0.11150611191987991,0.037230730056762695,0.036649227142333984,-0.09668564051389694
0.0,0.0,0.0,-0.043431878089904785,0.024337470531463623,-0.039809513837099075,-0.08740168809890747,0.03322410583496094,-0.07364781200885773,-0.08801406621932983,0.04417920112609863,-0.10541236400604248,-0.057934701442718506,0.03486597537994385,-0.1337791532278061,-0.08529192209243774,-0.15485906600952148,-0.062034972012043,-0.09796541929244995,-0.17191582918167114,-0.10788348317146301,-0.09578311443328857,-0.17404800653457642,-0.13236874341964722,-0.08812999725341797,-0.1827545166015625,-0.14601562917232513,-0.03647333383560181,-0.1984250545501709,-0.06366182863712311,-0.03907632827758789,-0.04107952117919922,-0.11028946936130524,-0.03899526596069336,0.04388713836669922,-0.11532653123140335,-0.03751283884048462,0.03820300102233887,-0.11119667440652847,0.014525353908538818,-0.18542158603668213,-0.07055460661649704,0.01253432035446167,-0.016513288021087646,-0.11416489630937576,0.0054129958152771,0.05295032262802124,-0.0985797867178917,0.0014532208442687988,0.0460209846496582,-0.07928979396820068,0.06120038032531738,-0.15010404586791992,-0.08230449259281158,0.05711561441421509,-0.017058074474334717,-0.11747737228870392,0.04562491178512573,0.04129040241241455,-0.11076724529266357,0.03853476047515869,0.04031944274902344,-0.0960109531879425
0.0,0.0,0.0,-0.04464977979660034,0.026464402675628662,-0.03902854025363922,-0.08970952033996582,0.03599834442138672,-0.07145329564809799,-0.09022116661071777,0.048560261726379395,-0.101739302277565,-0.05918306112289429,0.03911399841308594,-0.12907883524894714,-0.08705246448516846,-0.14620572328567505,-0.06257016956806183,-0.09968358278274536,-0.16985708475112915,-0.10692545771598816,-0.09801191091537476,-0.17482590675354004,-0.1319112777709961,-0.09008634090423584,-0.18390047550201416,-0.14654652774333954,-0.03691554069519043,-0.1929316520690918,-0.06414180994033813,-0.04016399383544922,-0.03737986087799072,-0.10910934209823608,-0.04128313064575195,0.045737504959106445,-0.11468562483787537,-0.03929626941680908,0.04732704162597656,-0.1116214469075203,0.014871656894683838,-0.17971521615982056,-0.07063440978527069,0.011854946613311768,-0.01179349422454834,-0.11312425136566162,0.004133760929107666,0.054552435874938965,-0.09857964515686035,0.0011944770812988281,0.051058053970336914,-0.08039962500333786,0.06168454885482788,-0.14374017715454102,-0.08187828212976456,0.05636024475097656,-0.012088119983673096,-0.1177171990275383,0.04342383146286011,0.04436671733856201,-0.11211147904396057,0.035462796688079834,0.04607278108596802,-0.09822605550289154
0.0,0.0,0.0,-0.04113471508026123,0.02522367238998413,-0.03890787065029144,-0.08149123191833496,0.03607732057571411,-0.07221334427595139,-0.08177942037582397,0.04865390062332153,-0.10333241522312164,-0.05274850130081177,0.03761714696884155,-0.13192211091518402,-0.08289605379104614,-0.15238839387893677,-0.06238134205341339,-0.09211146831512451,-0.17039191722869873,-0.1080089807510376,-0.0913398265838623,-0.17283672094345093,-0.13539600372314453,-0.0855821967124939,-0.183133065700531,-0.15204285085201263,-0.033677637577056885,-0.19658100605010986,-0.06480269879102707,-0.03279215097427368,-0.04075747728347778,-0.11054953187704086,-0.032723307609558105,0.04406815767288208,-0.11843113601207733,-0.030907154083251953,0.043199360370635986,-0.11745432019233704,0.01763814687728882,-0.18144047260284424,-0.07199600338935852,0.017411649227142334,-0.01564478874206543,-0.11470174789428711,0.008802592754364014,0.05471116304397583,-0.10092101991176605,0.0038494467735290527,0.05065494775772095,-0.0838717520236969,0.06343138217926025,-0.14358901977539062,-0.08387362211942673,0.060379862785339355,-0.010031402111053467,-0.11919603496789932,0.04833507537841797,0.0483129620552063,-0.11288563907146454,0.040658414363861084,0.048617780208587646,-0.09907335788011551
0.0,0.0,0.0,-0.042206764221191406,0.025854945182800293,-0.03876980021595955,-0.08275073766708374,0.032779693603515625,-0.07117217779159546,-0.08074641227722168,0.04525613784790039,-0.10149690508842468,-0.04948532581329346,0.034856200218200684,-0.1300763338804245,-0.08007800579071045,-0.14747750759124756,-0.0626499131321907,-0.0882219672203064,-0.17403322458267212,-0.10683515667915344,-0.08813673257827759,-0.1816631555557251,-0.13448286056518555,-0.08191812038421631,-0.19300639629364014,-0.15191735327243805,-0.030056416988372803,-0.194921612739563,-0.06479193270206451,-0.0296933650970459,-0.04327017068862915,-0.10993576049804688,-0.03288918733596802,0.042635321617126465,-0.119203582406044,-0.03227055072784424,0.049433112144470215,-0.119575135409832,0.02141493558883667,-0.18002212047576904,-0.07136894762516022,0.019812822341918945,-0.017118096351623535,-0.11372783780097961,0.009240448474884033,0.053701937198638916,-0.10174869745969772,0.003916263580322266,0.05329251289367676,-0.08618105947971344,0.0663909912109375,-0.14131176471710205,-0.08241844922304153,0.06220972537994385,-0.010528028011322021,-0.11798914521932602,0.04936343431472778,0.04654550552368164,-0.11268578469753265,0.041128695011138916,0.047850191593170166,-0.09979814291000366
0.0,0.0,0.0,-0.04217851161956787,0.028229475021362305,-0.03915568068623543,-0.0835370421409607,0.038088321685791016,-0.07219269126653671,-0.08296221494674683,0.053364694118499756,-0.10287508368492126,-0.052065372467041016,0.04399198293685913,-0.13141772150993347,-0.08123034238815308,-0.14042061567306519,-0.06437619030475616,-0.08936434984207153,-0.16317707300186157,-0.10968271642923355,-0.0891370177268982,-0.17049264907836914,-0.13782542943954468,-0.08433675765991211,-0.1854204535484314,-0.15578776597976685,-0.03170633316040039,-0.18684041500091553,-0.06662049144506454,-0.03169667720794678,-0.031500935554504395,-0.11288910359144211,-0.033705174922943115,0.053428828716278076,-0.12205763161182404,-0.03367656469345093,0.05439847707748413,-0.12270144373178482,0.0193556547164917,-0.17271852493286133,-0.07339932769536972,0.018707275390625,-0.011107027530670166,-0.11726154386997223,0.0083390474319458,0.05953341722488403,-0.10515980422496796,0.0016046762466430664,0.0561254620552063,-0.08971712738275528,0.06437051296234131,-0.13578122854232788,-0.08467656373977661,0.06240999698638916,-0.005162060260772705,-0.121666319668293,0.04921388626098633,0.05331689119338989,-0.11683519929647446,0.03938978910446167,0.054354310035705566,-0.1045246347784996
0.0,0.0,0.0,-0.04811203479766846,0.02548891305923462,-0.04101895913481712,-0.09720301628112793,0.02845853567123413,-0.07371839880943298,-0.10077351331710815,0.03829836845397949,-0.10367471724748611,-0.06737637519836426,0.025680065155029297,-0.13075953722000122,-0.09105551242828369,-0.15468072891235352,-0.06549105048179626,-0.09910202026367188,-0.18066316843032837,-0.1117863729596138,-0.09842884540557861,-0.1878477931022644,-0.139237180352211,-0.09368950128555298,-0.20307660102844238,-0.1564481556415558,-0.03909409046173096,-0.20121175050735474,-0.06663946807384491,-0.04483133554458618,-0.05041605234146118,-0.11312185227870941,-0.04810827970504761,0.03576922416687012,-0.1201806515455246,-0.04682612419128418,0.03291630744934082,-0.11915263533592224,0.013436436653137207,-0.18528896570205688,-0.07290630787611008,0.00917816162109375,-0.02717602252960205,-0.11763480305671692,-0.0028571486473083496,0.0407978892326355,-0.10479085147380829,-0.009013772010803223,0.032614707946777344,-0.08861570060253143,0.059549927711486816,-0.14531570672988892,-0.08392059803009033,0.05475395917892456,-0.020359039306640625,-0.12221578508615494,0.03932046890258789,0.036057472229003906,-0.11829824000597,0.028614163398742676,0.03483766317367554,-0.10657009482383728
0.0,0.0,0.0,-0.05027306079864502,0.02223837375640869,-0.04215576872229576,-0.10076028108596802,0.022612035274505615,-0.07566318660974503,-0.10318738222122192,0.030444860458374023,-0.10595177114009857,-0.06861841678619385,0.018274426460266113,-0.13306251168251038,-0.09253185987472534,-0.16447877883911133,-0.06747167557477951,-0.1013440489768982,-0.18719124794006348,-0.11560173332691193,-0.09988570213317871,-0.19399255514144897,-0.1432202011346817,-0.09512829780578613,-0.20936810970306396,-0.15993063151836395,-0.03981733322143555,-0.21047860383987427,-0.06797223538160324,-0.047534048557281494,-0.06256330013275146,-0.1151994913816452,-0.05024224519729614,0.02464914321899414,-0.12099391967058182,-0.04853326082229614,0.021010279655456543,-0.11865188926458359,0.012691140174865723,-0.19396650791168213,-0.07393013685941696,0.007212519645690918,-0.03548473119735718,-0.1190425455570221,-0.004455149173736572,0.03222811222076416,-0.1054147481918335,-0.01028066873550415,0.02206134796142578,-0.08837798237800598,0.05945563316345215,-0.15395236015319824,-0.08473698049783707,0.052729249000549316,-0.029305219650268555,-0.12302576005458832,0.03754556179046631,0.025958359241485596,-0.11917837709188461,0.027327239513397217,0.0224301815032959,-0.10729168355464935
0.0,0.0,0.0,-0.0466233491897583,0.01369929313659668,-0.041553232818841934,-0.09894847869873047,0.014183521270751953,-0.07429078966379166,-0.10758602619171143,0.018804550170898438,-0.1040460616350174,-0.07569128274917603,0.003913283348083496,-0.12964215874671936,-0.09563326835632324,-0.1773952841758728,-0.06374441087245941,-0.11023563146591187,-0.1957026720046997,-0.10809401422739029,-0.10592597723007202,-0.20603793859481812,-0.12960278987884521,-0.09679156541824341,-0.22089022397994995,-0.1419592797756195,-0.04345053434371948,-0.2257373332977295,-0.06336387246847153,-0.05532711744308472,-0.08304750919342041,-0.10840334743261337,-0.05539637804031372,0.004980325698852539,-0.10982254147529602,-0.05102407932281494,0.00486832857131958,-0.10342778265476227,0.008988380432128906,-0.2129676342010498,-0.06860434263944626,-0.0003561973571777344,-0.05203843116760254,-0.11261668801307678,-0.007194817066192627,0.013344764709472656,-0.09739827364683151,-0.008439481258392334,0.00250399112701416,-0.07869847118854523,0.05721086263656616,-0.17470109462738037,-0.07865770906209946,0.04868704080581665,-0.046077728271484375,-0.11601943522691727,0.03584343194961548,0.005726873874664307,-0.11295872181653976,0.027663469314575195,-0.0016229748725891113,-0.10140511393547058
0.0,0.0,0.0,-0.04966449737548828,0.01794135570526123,-0.040155377238988876,-0.10541290044784546,0.021164894104003906,-0.07270538806915283,-0.11584943532943726,0.02785623073577881,-0.10292678326368332,-0.08264666795730591,0.013228237628936768,-0.1289946734905243,-0.10085523128509521,-0.1681860089302063,-0.06301657855510712,-0.11289691925048828,-0.19345659017562866,-0.10659793019294739,-0.10995304584503174,-0.20234239101409912,-0.12733083963394165,-0.10411310195922852,-0.21395927667617798,-0.13930414617061615,-0.04943281412124634,-0.21809566020965576,-0.06357573717832565,-0.06120157241821289,-0.07646256685256958,-0.1064414456486702,-0.05918228626251221,0.012034177780151367,-0.10674573481082916,-0.05427581071853638,0.009260356426239014,-0.10034409910440445,0.0031450390815734863,-0.20587533712387085,-0.06955454498529434,-0.004513800144195557,-0.046206891536712646,-0.11219180375337601,-0.010395705699920654,0.024115681648254395,-0.09529249370098114,-0.011682510375976562,0.016813337802886963,-0.07577447593212128,0.05166804790496826,-0.16671031713485718,-0.08041146397590637,0.04483354091644287,-0.04016602039337158,-0.11656644940376282,0.03290069103240967,0.015083551406860352,-0.11173219233751297,0.02469313144683838,0.01114046573638916,-0.09914502501487732
0.0,0.0,0.0,-0.04864501953125,0.01871800422668457,-0.04109965264797211,-0.1021345853805542,0.022125303745269775,-0.07483699172735214,-0.11123150587081909,0.0286598801612854,-0.1058472990989685,-0.07839089632034302,0.014741122722625732,-0.13283956050872803,-0.09766238927841187,-0.17174166440963745,-0.06522388756275177,-0.10987275838851929,-0.19192999601364136,-0.10940652340650558,-0.10700929164886475,-0.1993514895439148,-0.13094830513000488,-0.10121458768844604,-0.21089577674865723,-0.1435735821723938,-0.046221256256103516,-0.22002899646759033,-0.06550469994544983,-0.05698639154434204,-0.07445436716079712,-0.10911300033330917,-0.056093692779541016,0.016486644744873047,-0.10991951823234558,-0.051947832107543945,0.014169752597808838,-0.10389570891857147,0.006299614906311035,-0.20746535062789917,-0.07115237414836884,-0.0007929801940917969,-0.044632554054260254,-0.11363287270069122,-0.0074217915534973145,0.02694016695022583,-0.09667394310235977,-0.009462594985961914,0.019620239734649658,-0.07740011066198349,0.05445152521133423,-0.16833019256591797,-0.08175264298915863,0.04776793718338013,-0.03786236047744751,-0.1176852285861969,0.03710073232650757,0.01672995090484619,-0.11281394213438034,0.030299067497253418,0.010040760040283203,-0.1003684550523758
0.0,0.0,0.0,-0.04934537410736084,0.02136152982711792,-0.042228639125823975,-0.10259205102920532,0.028265535831451416,-0.0768030509352684,-0.1096353530883789,0.03436601161956787,-0.10846522450447083,-0.0765153169631958,0.0205690860748291,-0.13589467108249664,-0.09846121072769165,-0.1648627519607544,-0.06821563094854355,-0.11116129159927368,-0.18720591068267822,-0.11482852697372437,-0.10701173543930054,-0.19467240571975708,-0.1373501867055893,-0.10006445646286011,-0.20622271299362183,-0.15010736882686615,-0.04643779993057251,-0.214616596698761,-0.0681333914399147,-0.05662548542022705,-0.06822502613067627,-0.11442875862121582,-0.054888784885406494,0.024594128131866455,-0.11516790091991425,-0.051488518714904785,0.02336055040359497,-0.10862386971712112,0.006231725215911865,-0.20359206199645996,-0.07361586391925812,-0.0006038546562194824,-0.039206504821777344,-0.11914399266242981,-0.0067397356033325195,0.03462904691696167,-0.10224556177854538,-0.00997316837310791,0.02914869785308838,-0.08228526264429092,0.055341482162475586,-0.16633731126785278,-0.08407007902860641,0.049994587898254395,-0.03733032941818237,-0.12254404276609421,0.039079487323760986,0.020080089569091797,-0.11827169358730316,0.030312001705169678,0.017152369022369385,-0.10570397973060608
0.0,0.0,0.0,-0.0483628511428833,0.026430845260620117,-0.04224598780274391,-0.09906220436096191,0.031761109828948975,-0.07622677832841873,-0.10464084148406982,0.039579927921295166,-0.10716446489095688,-0.0720333456993103,0.025642335414886475,-0.1343761682510376,-0.095603346824646,-0.16374987363815308,-0.06677135080099106,-0.10692238807678223,-0.18506193161010742,-0.11314412951469421,-0.10472899675369263,-0.19117766618728638,-0.13821376860141754,-0.09805154800415039,-0.20279955863952637,-0.15304312109947205,-0.044273197650909424,-0.21119564771652222,-0.06701686233282089,-0.05037128925323486,-0.05441015958786011,-0.11342018097639084,-0.05061173439025879,0.03178483247756958,-0.11778246611356735,-0.04726046323776245,0.027553021907806396,-0.11408007144927979,0.008340418338775635,-0.19752001762390137,-0.07262896001338959,0.005349516868591309,-0.02490091323852539,-0.11743690818548203,-0.0037168264389038086,0.04535806179046631,-0.10217319428920746,-0.0077211856842041016,0.0372767448425293,-0.08345858007669449,0.05684959888458252,-0.1596301794052124,-0.08324126154184341,0.051544904708862305,-0.024932503700256348,-0.12065195292234421,0.03985399007797241,0.032377779483795166,-0.11546425521373749,0.03259068727493286,0.027551710605621338,-0.10216017067432404
0.0,0.0,0.0,-0.04924976825714111,0.020948171615600586,-0.04104173555970192,-0.10265278816223145,0.02693772315979004,-0.07371960580348969,-0.11109012365341187,0.03569769859313965,-0.10389038175344467,-0.07828396558761597,0.02254706621170044,-0.13007062673568726,-0.09887200593948364,-0.16741299629211426,-0.06235605105757713,-0.1135438084602356,-0.18403232097625732,-0.10635123401880264,-0.11118698120117188,-0.1922290325164795,-0.12927527725696564,-0.10351830720901489,-0.2078765630722046,-0.14284124970436096,-0.04752838611602783,-0.21474897861480713,-0.06248638406395912,-0.05738121271133423,-0.05896604061126709,-0.10676161199808121,-0.05486530065536499,0.028611302375793457,-0.10951635241508484,-0.04860270023345947,0.027625441551208496,-0.10481570661067963,0.004870593547821045,-0.20147490501403809,-0.06812935322523117,-0.0018758773803710938,-0.031690776348114014,-0.11224129050970078,-0.007812678813934326,0.03853964805603027,-0.09727854281663895,-0.00898885726928711,0.034126877784729004,-0.07849939167499542,0.05348694324493408,-0.16320198774337769,-0.07865360379219055,0.047969162464141846,-0.035328567028045654,-0.11519306153059006,0.03666025400161743,0.02120387554168701,-0.110475555062294,0.028921127319335938,0.020906805992126465,-0.09755760431289673
0.0,0.0,0.0,-0.049899518489837646,0.01857280731201172,-0.04021315649151802,-0.10507762432098389,0.024467527866363525,-0.07250936329364777,-0.11280399560928345,0.034828126430511475,-0.10256966203451157,-0.07832932472229004,0.024730026721954346,-0.12878026068210602,-0.0989345908164978,-0.16568893194198608,-0.06157602742314339,-0.11284482479095459,-0.1858903169631958,-0.10486538708209991,-0.11040186882019043,-0.19522011280059814,-0.12676472961902618,-0.10263210535049438,-0.20789265632629395,-0.13943345844745636,-0.046256959438323975,-0.2129913568496704,-0.061898235231637955,-0.05718863010406494,-0.058399736881256104,-0.10547489672899246,-0.056115150451660156,0.027256786823272705,-0.10719546675682068,-0.050622642040252686,0.02657109498977661,-0.10143514722585678,0.006604313850402832,-0.19988644123077393,-0.06768198311328888,-0.002731502056121826,-0.029852449893951416,-0.11017373204231262,-0.009482860565185547,0.03624838590621948,-0.09429352730512619,-0.01076442003250122,0.029316365718841553,-0.0749986320734024,0.054988324642181396,-0.1614817976951599,-0.07839179784059525,0.04604387283325195,-0.02932804822921753,-0.1139865592122078,0.03444814682006836,0.023453176021575928,-0.10918864607810974,0.027424514293670654,0.01929575204849243,-0.09615999460220337
0.0,0.0,0.0,-0.04990041255950928,0.020693659782409668,-0.04204517602920532,-0.10268115997314453,0.025832772254943848,-0.07485377043485641,-0.10855454206466675,0.03431046009063721,-0.10480494797229767,-0.07589221000671387,0.020988941192626953,-0.13075225055217743,-0.09732306003570557,-0.1653987169265747,-0.06430435925722122,-0.11290997266769409,-0.1849958300590515,-0.10927900671958923,-0.10950106382369995,-0.19585871696472168,-0.13255108892917633,-0.10015326738357544,-0.21144378185272217,-0.1458817422389984,-0.04510760307312012,-0.2137356996536255,-0.0636952593922615,-0.05368828773498535,-0.05863231420516968,-0.10914025455713272,-0.05539655685424805,0.024838566780090332,-0.1122388169169426,-0.05332666635513306,0.023174524307250977,-0.1071312204003334,0.00764542818069458,-0.20060431957244873,-0.06866127997636795,0.0009764432907104492,-0.028616130352020264,-0.11327178031206131,-0.007421612739562988,0.03583037853240967,-0.09886066615581512,-0.010785818099975586,0.027378976345062256,-0.08006073534488678,0.05589723587036133,-0.16297942399978638,-0.07849927246570587,0.04907578229904175,-0.031524479389190674,-0.11596166342496872,0.035660386085510254,0.022212326526641846,-0.11213809251785278,0.026573896408081055,0.019817113876342773,-0.09934695065021515
0.0,0.0,0.0,-0.04988604784011841,0.02092522382736206,-0.04141136258840561,-0.10256397724151611,0.0252305269241333,-0.07363272458314896,-0.10633772611618042,0.03601694107055664,-0.1030394434928894,-0.07151436805725098,0.026179194450378418,-0.1290512979030609,-0.09562307596206665,-0.1653531789779663,-0.0627201497554779,-0.10877430438995361,-0.18332219123840332,-0.10535912960767746,-0.10725235939025879,-0.1933857798576355,-0.12799599766731262,-0.1001320481300354,-0.20528799295425415,-0.1414327174425125,-0.04216361045837402,-0.21246665716171265,-0.06279484927654266,-0.050864994525909424,-0.0585627555847168,-0.10586746782064438,-0.05505669116973877,0.025034606456756592,-0.10948554426431656,-0.05401045083999634,0.02672278881072998,-0.10524385422468185,0.011412322521209717,-0.19665110111236572,-0.06815780699253082,0.0029994845390319824,-0.025369703769683838,-0.10958884656429291,-0.007743537425994873,0.037540316581726074,-0.09536103159189224,-0.011502981185913086,0.029064595699310303,-0.07760895043611526,0.05932283401489258,-0.1554889678955078,-0.07846596091985703,0.04941582679748535,-0.022597849369049072,-0.11392819136381149,0.03411990404129028,0.030178606510162354,-0.10962352156639099,0.02493685483932495,0.027648568153381348,-0.09705057740211487
0.0,0.0,0.0,-0.051018476486206055,0.019916176795959473,-0.039105623960494995,-0.10385167598724365,0.02307736873626709,-0.06965192407369614,-0.10638272762298584,0.035768985748291016,-0.09773539006710052,-0.0713840126991272,0.028271079063415527,-0.12260100990533829,-0.09534627199172974,-0.16646331548690796,-0.060306694358587265,-0.107471764087677,-0.18353575468063354,-0.10281146317720413,-0.10625511407852173,-0.18999671936035156,-0.12615522742271423,-0.10067439079284668,-0.2031930685043335,-0.14020903408527374,-0.041566669940948486,-0.21353983879089355,-0.061145178973674774,-0.04990869760513306,-0.05247217416763306,-0.10325039178133011,-0.0540347695350647,0.03022068738937378,-0.10697276890277863,-0.05367624759674072,0.02815067768096924,-0.10318195819854736,0.012090086936950684,-0.19714736938476562,-0.0671755000948906,0.0041519999504089355,-0.02093207836151123,-0.10725001990795135,-0.005983114242553711,0.03969919681549072,-0.09289278090000153,-0.009697914123535156,0.027686476707458496,-0.07545444369316101,0.059731245040893555,-0.15608584880828857,-0.07804647088050842,0.04996365308761597,-0.020268499851226807,-0.11279100179672241,0.035190582275390625,0.032459795475006104,-0.10820673406124115,0.026355504989624023,0.028433799743652344,-0.09553172439336777
0.0,0.0,0.0,-0.05151563882827759,0.018753409385681152,-0.040208492428064346,-0.10601508617401123,0.02261650562286377,-0.07225854694843292,-0.11096358299255371,0.03799927234649658,-0.10190792381763458,-0.07572466135025024,0.032299160957336426,-0.12817607820034027,-0.09757214784622192,-0.16316211223602295,-0.06343749165534973,-0.10819673538208008,-0.18526220321655273,-0.10708384215831757,-0.10832113027572632,-0.19379550218582153,-0.12988322973251343,-0.10430377721786499,-0.20149147510528564,-0.14282864332199097,-0.04393380880355835,-0.21026396751403809,-0.06388429552316666,-0.05272394418716431,-0.05071604251861572,-0.10746220499277115,-0.05634200572967529,0.03134429454803467,-0.11016622930765152,-0.05547863245010376,0.03224223852157593,-0.10496574640274048,0.009621202945709229,-0.19463837146759033,-0.06962396204471588,0.0006561875343322754,-0.02254265546798706,-0.11173513531684875,-0.008931338787078857,0.037811875343322754,-0.09675506502389908,-0.0130196213722229,0.028051018714904785,-0.07815644145011902,0.057568132877349854,-0.1544191837310791,-0.08016853034496307,0.04792755842208862,-0.020786046981811523,-0.11671663820743561,0.0340040922164917,0.031137466430664062,-0.1123066321015358,0.025094687938690186,0.027336180210113525,-0.09919796139001846
0.0,0.0,0.0,-0.051585376262664795,0.018168389797210693,-0.03943473845720291,-0.10537689924240112,0.021971166133880615,-0.07112801820039749,-0.11004722118377686,0.03629112243652344,-0.1007031723856926,-0.07464218139648438,0.03086531162261963,-0.12702573835849762,-0.09657591581344604,-0.16769933700561523,-0.06151824817061424,-0.10744708776473999,-0.18921947479248047,-0.10476215183734894,-0.10753065347671509,-0.19487744569778442,-0.1279231756925583,-0.1029936671257019,-0.20076030492782593,-0.14099998772144318,-0.04240900278091431,-0.21206271648406982,-0.062448650598526,-0.05282294750213623,-0.050570011138916016,-0.10501858592033386,-0.05728727579116821,0.031097829341888428,-0.10791453719139099,-0.055915236473083496,0.03145790100097656,-0.10276360809803009,0.011335372924804688,-0.19376379251480103,-0.06861550360918045,4.708766937255859e-06,-0.01933884620666504,-0.10950619727373123,-0.009990215301513672,0.040766000747680664,-0.09398946911096573,-0.012517988681793213,0.03136664628982544,-0.07486572861671448,0.05869227647781372,-0.15120327472686768,-0.07965865731239319,0.04683065414428711,-0.01679009199142456,-0.11468715965747833,0.03244483470916748,0.03470069169998169,-0.10898292809724808,0.02500760555267334,0.03178209066390991,-0.09474066644906998
0.0,0.0,0.0,-0.04917687177658081,0.019543707370758057,-0.039540186524391174,-0.100832998752594,0.02445673942565918,-0.07121699303388596,-0.10437524318695068,0.039568543434143066,-0.10080272704362869,-0.06909149885177612,0.03398013114929199,-0.12692704796791077,-0.0937957763671875,-0.16375678777694702,-0.06210293993353844,-0.10697871446609497,-0.1863001585006714,-0.10737080872058868,-0.10554474592208862,-0.18937236070632935,-0.13162504136562347,-0.0982820987701416,-0.19474542140960693,-0.14503033459186554,-0.04039108753204346,-0.210238516330719,-0.06315848231315613,-0.04917144775390625,-0.04588449001312256,-0.10751159489154816,-0.05285292863845825,0.036733269691467285,-0.11074195802211761,-0.051541686058044434,0.03426253795623779,-0.1053546741604805,0.013398826122283936,-0.19308912754058838,-0.06958051770925522,0.004225611686706543,-0.014974772930145264,-0.11158717423677444,-0.005314528942108154,0.047577619552612305,-0.09512123465538025,-0.007715582847595215,0.03834056854248047,-0.07497748732566833,0.061110734939575195,-0.15107280015945435,-0.08099515736103058,0.05118513107299805,-0.01159745454788208,-0.11724764108657837,0.03685802221298218,0.04130828380584717,-0.11153633892536163,0.029599308967590332,0.0386507511138916,-0.09676836431026459
0.0,0.0,0.0,-0.050297677516937256,0.018631935119628906,-0.03900570794939995,-0.10135424137115479,0.02164161205291748,-0.07023997604846954,-0.10515183210372925,0.03562659025192261,-0.09963880479335785,-0.07032811641693115,0.030583858489990234,-0.12536068260669708,-0.0941852331161499,-0.16826361417770386,-0.05979720130562782,-0.10731148719787598,-0.19270795583724976,-0.10502684116363525,-0.10524570941925049,-0.192482590675354,-0.12865808606147766,-0.09786111116409302,-0.19541245698928833,-0.14125750958919525,-0.04106342792510986,-0.21316123008728027,-0.06087513640522957,-0.050067245960235596,-0.04735070466995239,-0.10531160980463028,-0.053012967109680176,0.03749489784240723,-0.10833939909934998,-0.05149662494659424,0.03430783748626709,-0.10266071557998657,0.012551724910736084,-0.19558626413345337,-0.06751277297735214,0.0033992528915405273,-0.017270207405090332,-0.10966571420431137,-0.005444169044494629,0.04717838764190674,-0.09352588653564453,-0.007607579231262207,0.0384821891784668,-0.07352085411548615,0.06066000461578369,-0.154038667678833,-0.07906543463468552,0.05122321844100952,-0.016084671020507812,-0.11504633724689484,0.0369606614112854,0.03882575035095215,-0.10935191065073013,0.029505610466003418,0.03771084547042847,-0.09460482001304626
0.0,0.0,0.0,-0.05140042304992676,0.018080711364746094,-0.03840358927845955,-0.10398358106613159,0.02015143632888794,-0.06936126202344894,-0.10688161849975586,0.03505241870880127,-0.0984792485833168,-0.07086730003356934,0.03142136335372925,-0.12411687523126602,-0.09442925453186035,-0.1675475835800171,-0.060150694102048874,-0.10633933544158936,-0.19052070379257202,-0.1045255959033966,-0.10562819242477417,-0.19272470474243164,-0.12780112028121948,-0.09993350505828857,-0.19765758514404297,-0.14047501981258392,-0.04033452272415161,-0.21252310276031494,-0.06140902638435364,-0.05023223161697388,-0.04449516534805298,-0.10501396656036377,-0.05379283428192139,0.0395626425743103,-0.10747049003839493,-0.05217057466506958,0.03618592023849487,-0.10167211294174194,0.013586997985839844,-0.19469016790390015,-0.0680239275097847,0.002750396728515625,-0.01722961664199829,-0.10928859561681747,-0.006445407867431641,0.04527968168258667,-0.09248518943786621,-0.00885695219039917,0.03590816259384155,-0.07236862182617188,0.061228036880493164,-0.1526004672050476,-0.07953713089227676,0.05007302761077881,-0.014667868614196777,-0.1155453473329544,0.03576159477233887,0.03798419237136841,-0.10988352447748184,0.028358757495880127,0.03495144844055176,-0.09524339437484741
0.0,0.0,0.0,-0.04863595962524414,0.019145071506500244,-0.03955336660146713,-0.09800219535827637,0.025694191455841064,-0.0721549317240715,-0.1011343002319336,0.04187732934951782,-0.10327896475791931,-0.06754821538925171,0.038197100162506104,-0.13095611333847046,-0.09145045280456543,-0.16485559940338135,-0.060503073036670685,-0.1058688759803772,-0.18795549869537354,-0.10595153272151947,-0.10423558950424194,-0.1857665777206421,-0.12943421304225922,-0.09596621990203857,-0.18778038024902344,-0.14200042188167572,-0.0387912392616272,-0.20709627866744995,-0.06202477961778641,-0.048503577709198,-0.043489933013916016,-0.10698524117469788,-0.05186915397644043,0.04201406240463257,-0.10999041050672531,-0.050179123878479004,0.034957051277160645,-0.10422740131616592,0.014722287654876709,-0.18854880332946777,-0.06914006173610687,0.005030155181884766,-0.014181554317474365,-0.11166933178901672,-0.004112064838409424,0.051715195178985596,-0.09488310664892197,-0.006408393383026123,0.04340839385986328,-0.0744907408952713,0.06160533428192139,-0.1458861231803894,-0.08130567520856857,0.0522422194480896,-0.009763240814208984,-0.11773768067359924,0.03788793087005615,0.04480105638504028,-0.11199504137039185,0.03057277202606201,0.04336279630661011,-0.09723147004842758
0.0,0.0,0.0,-0.04742789268493652,0.018793046474456787,-0.040537163615226746,-0.09522008895874023,0.026409268379211426,-0.07381566613912582,-0.09806704521179199,0.042778730392456055,-0.10524193197488785,-0.06634664535522461,0.036186814308166504,-0.13324716687202454,-0.09218770265579224,-0.16760390996932983,-0.06222375109791756,-0.10735976696014404,-0.18713396787643433,-0.10783503204584122,-0.10736864805221558,-0.18762540817260742,-0.13155487179756165,-0.0997016429901123,-0.18966931104660034,-0.14417888224124908,-0.039711177349090576,-0.21044892072677612,-0.06327099353075027,-0.047801196575164795,-0.04755890369415283,-0.10804425925016403,-0.05114877223968506,0.0339357852935791,-0.1112438216805458,-0.04936748743057251,0.02749800682067871,-0.10557951033115387,0.013828575611114502,-0.19157779216766357,-0.0699026957154274,0.004698753356933594,-0.0170670747756958,-0.11243334412574768,-0.005232334136962891,0.0451321005821228,-0.09594205021858215,-0.00857776403427124,0.03592848777770996,-0.07574709504842758,0.06035661697387695,-0.14817190170288086,-0.08157692849636078,0.050847530364990234,-0.012550950050354004,-0.11835560202598572,0.036181092262268066,0.04060053825378418,-0.11281213164329529,0.028289794921875,0.038793742656707764,-0.09809938818216324
0.0,0.0,0.0,-0.04862058162689209,0.01700305938720703,-0.03958539664745331,-0.09801727533340454,0.0217248797416687,-0.07177921384572983,-0.10307633876800537,0.03585165739059448,-0.10200650244951248,-0.07020425796508789,0.026739954948425293,-0.1293335109949112,-0.09417933225631714,-0.178341805934906,-0.05869436264038086,-0.10598474740982056,-0.18960338830947876,-0.1043580174446106,-0.10727661848068237,-0.19038987159729004,-0.13089804351329803,-0.10297125577926636,-0.19909530878067017,-0.14609593152999878,-0.04019975662231445,-0.2209392786026001,-0.05995718017220497,-0.047545015811920166,-0.055912792682647705,-0.10327919572591782,-0.052490055561065674,0.02741861343383789,-0.10811261832714081,-0.05246937274932861,0.022408366203308105,-0.10444515198469162,0.013935863971710205,-0.20012211799621582,-0.06684224307537079,0.0037322044372558594,-0.02399975061416626,-0.1077306717634201,-0.007872819900512695,0.03838050365447998,-0.09268804639577866,-0.012537062168121338,0.027806222438812256,-0.07413961738348007,0.060874342918395996,-0.1549273133277893,-0.07868130505084991,0.048855364322662354,-0.019871413707733154,-0.11320875585079193,0.03321564197540283,0.03392142057418823,-0.1070609912276268,0.02458280324935913,0.03219503164291382,-0.09267489612102509
0.0,0.0,0.0,-0.05058246850967407,0.014495611190795898,-0.03842310234904289,-0.10254007577896118,0.01658761501312256,-0.06905041635036469,-0.1062551736831665,0.034462690353393555,-0.09768245369195938,-0.07070094347000122,0.03266197443008423,-0.12306436151266098,-0.09468436241149902,-0.17254793643951416,-0.061285149306058884,-0.10707265138626099,-0.19066381454467773,-0.10739784687757492,-0.10603481531143188,-0.1915634274482727,-0.13252295553684235,-0.09994912147521973,-0.19873416423797607,-0.14635992050170898,-0.040379464626312256,-0.21698737144470215,-0.0627930760383606,-0.04884922504425049,-0.04811835289001465,-0.10756082832813263,-0.05371135473251343,0.031295061111450195,-0.11090973764657974,-0.05449444055557251,0.02356886863708496,-0.10533027350902557,0.01427459716796875,-0.19771349430084229,-0.06970859318971634,0.00485074520111084,-0.0174715518951416,-0.11161468923091888,-0.005666971206665039,0.0406266450881958,-0.09486150741577148,-0.009919583797454834,0.026436209678649902,-0.07434462755918503,0.061590492725372314,-0.15441548824310303,-0.08159202337265015,0.050777554512023926,-0.014791488647460938,-0.11854354292154312,0.03647422790527344,0.03613966703414917,-0.11310847103595734,0.02913004159927368,0.03018975257873535,-0.09820626676082611
0.0,0.0,0.0,-0.051346778869628906,0.014534831047058105,-0.03816992789506912,-0.10538280010223389,0.01530754566192627,-0.06879911571741104,-0.10937076807022095,0.03151017427444458,-0.09767896682024002,-0.07321292161941528,0.029796242713928223,-0.12311405688524246,-0.09576690196990967,-0.17064762115478516,-0.06094290316104889,-0.10768640041351318,-0.195298969745636,-0.10546526312828064,-0.10701155662536621,-0.1981295347213745,-0.12860050797462463,-0.10148322582244873,-0.19858574867248535,-0.14084456861019135,-0.04107457399368286,-0.21683716773986816,-0.06222207099199295,-0.04916328191757202,-0.047482967376708984,-0.10603952407836914,-0.05466806888580322,0.030486106872558594,-0.10908373445272446,-0.05552905797958374,0.027887701988220215,-0.10324931889772415,0.013563036918640137,-0.19923412799835205,-0.06867474317550659,0.004287540912628174,-0.015876352787017822,-0.1098056510090828,-0.0060381293296813965,0.041385531425476074,-0.09363973140716553,-0.010075688362121582,0.03009641170501709,-0.07359661906957626,0.06131809949874878,-0.1567152738571167,-0.07999619096517563,0.05096745491027832,-0.01403719186782837,-0.11636603623628616,0.037172138690948486,0.03547954559326172,-0.11123614758253098,0.030093669891357422,0.02967679500579834,-0.09653831273317337
0.0,0.0,0.0,-0.051878154277801514,0.02009028196334839,-0.03932735323905945,-0.10755693912506104,0.022311866283416748,-0.071806900203228,-0.11149770021438599,0.03775829076766968,-0.10221139341592789,-0.07351964712142944,0.035557568073272705,-0.1290644407272339,-0.09682267904281616,-0.15842550992965698,-0.06576831638813019,-0.10769528150558472,-0.18760329484939575,-0.11065028607845306,-0.10691231489181519,-0.19384807348251343,-0.13324743509292603,-0.10111212730407715,-0.19423037767410278,-0.14546717703342438,-0.0420573353767395,-0.20730549097061157,-0.06696952134370804,-0.05001145601272583,-0.04223620891571045,-0.11227496713399887,-0.05348348617553711,0.039145469665527344,-0.11487402021884918,-0.05150866508483887,0.04105699062347412,-0.1088867038488388,0.0122794508934021,-0.19215154647827148,-0.07307904958724976,0.0033763647079467773,-0.009472012519836426,-0.11532557010650635,-0.006497442722320557,0.05201268196105957,-0.09847763925790787,-0.009726643562316895,0.04367637634277344,-0.0782863050699234,0.060767292976379395,-0.15162533521652222,-0.08411578834056854,0.05096840858459473,-0.006827056407928467,-0.12082526832818985,0.03713977336883545,0.04494088888168335,-0.11533612757921219,0.029402196407318115,0.03940337896347046,-0.1008145660161972
0.0,0.0,0.0,-0.052718281745910645,0.019753456115722656,-0.03938504680991173,-0.10939431190490723,0.02056509256362915,-0.07151664793491364,-0.1132814884185791,0.0346980094909668,-0.10122401267290115,-0.0752553939819336,0.032521605491638184,-0.12732060253620148,-0.09832131862640381,-0.1606850028038025,-0.06533310562372208,-0.10976958274841309,-0.18098008632659912,-0.10829818248748779,-0.10860347747802734,-0.1896926760673523,-0.12957265973091125,-0.1025344729423523,-0.19664639234542847,-0.14168305695056915,-0.04259228706359863,-0.20915114879608154,-0.06658467650413513,-0.05148428678512573,-0.04497450590133667,-0.11049754172563553,-0.052973926067352295,0.03918278217315674,-0.11200198531150818,-0.04893416166305542,0.043194353580474854,-0.10552415251731873,0.01195758581161499,-0.19381403923034668,-0.07260560244321823,0.002247750759124756,-0.010229647159576416,-0.11414765566587448,-0.007366299629211426,0.0513535737991333,-0.09675202518701553,-0.01042705774307251,0.04118156433105469,-0.07643309235572815,0.05986201763153076,-0.15254813432693481,-0.08353974670171738,0.049045562744140625,-0.006229221820831299,-0.1196351945400238,0.035287439823150635,0.04567539691925049,-0.11364204436540604,0.027576327323913574,0.038407087326049805,-0.09907202422618866
0.0,0.0,0.0,-0.052510082721710205,0.01894742250442505,-0.03950198367238045,-0.10850781202316284,0.01982957124710083,-0.07171250134706497,-0.11160892248153687,0.03449416160583496,-0.1015346571803093,-0.07248210906982422,0.03419625759124756,-0.12764912843704224,-0.0969894528388977,-0.16122877597808838,-0.06530363112688065,-0.10918980836868286,-0.17805206775665283,-0.10893859714269638,-0.10812348127365112,-0.18406033515930176,-0.13045407831668854,-0.10217291116714478,-0.1906769871711731,-0.14252671599388123,-0.04166525602340698,-0.20816189050674438,-0.0664990246295929,-0.050963759422302246,-0.04175221920013428,-0.11113862693309784,-0.0525478720664978,0.041456401348114014,-0.11311892420053482,-0.04886519908905029,0.04288417100906372,-0.1068771630525589,0.012601792812347412,-0.19235563278198242,-0.0724911019206047,0.0027614235877990723,-0.007772922515869141,-0.11453188210725784,-0.006797969341278076,0.05384165048599243,-0.09756171703338623,-0.010049164295196533,0.04227668046951294,-0.07743356376886368,0.06053006649017334,-0.15110886096954346,-0.08339127153158188,0.04963403940200806,-0.004113435745239258,-0.11933357268571854,0.03618025779724121,0.047799646854400635,-0.11343789100646973,0.02884507179260254,0.03932160139083862,-0.09898475557565689
0.0,0.0,0.0,-0.0529521107673645,0.015715181827545166,-0.04065864533185959,-0.11002498865127563,0.01619619131088257,-0.07343964278697968,-0.11404210329055786,0.033088088035583496,-0.10350025445222855,-0.07526510953903198,0.03388696908950806,-0.12904272973537445,-0.09948348999023438,-0.16452455520629883,-0.06787244230508804,-0.11389517784118652,-0.17707639932632446,-0.11245434731245041,-0.11160683631896973,-0.1845167875289917,-0.1327463984489441,-0.10475075244903564,-0.1929779052734375,-0.1434234231710434,-0.04457575082778931,-0.2107521891593933,-0.06800425052642822,-0.05511671304702759,-0.039930641651153564,-0.11376748979091644,-0.05628073215484619,0.038389384746551514,-0.11408215761184692,-0.053477585315704346,0.035209596157073975,-0.10612738132476807,0.009638667106628418,-0.19575315713882446,-0.07316317409276962,-0.0004884004592895508,-0.007358253002166748,-0.11631938070058823,-0.009713828563690186,0.05123049020767212,-0.09808064252138138,-0.013879239559173584,0.03766721487045288,-0.07646714150905609,0.057924866676330566,-0.15568828582763672,-0.0833880826830864,0.04803955554962158,-0.008562266826629639,-0.1207796186208725,0.03423839807510376,0.04247826337814331,-0.11554665118455887,0.025784850120544434,0.03364080190658569,-0.10094797611236572
0.0,0.0,0.0,-0.05206644535064697,0.01660078763961792,-0.03899209201335907,-0.10700380802154541,0.018218576908111572,-0.07030870765447617,-0.11221450567245483,0.037648916244506836,-0.09923724085092545,-0.07523316144943237,0.04200887680053711,-0.12404761463403702,-0.09869027137756348,-0.15848082304000854,-0.06462141871452332,-0.11346220970153809,-0.1741446852684021,-0.10920111835002899,-0.11262041330337524,-0.1779768466949463,-0.1313871294260025,-0.1060476303100586,-0.18606483936309814,-0.14368540048599243,-0.04419988393783569,-0.2042366862297058,-0.06546725332736969,-0.05632561445236206,-0.03462105989456177,-0.11118673533201218,-0.05699127912521362,0.04714024066925049,-0.11330994963645935,-0.05319714546203613,0.047506868839263916,-0.10701732337474823,0.00969916582107544,-0.1885608434677124,-0.07129047811031342,-0.0014620423316955566,-0.003698408603668213,-0.11499040573835373,-0.008925795555114746,0.05808013677597046,-0.09839828312397003,-0.011589765548706055,0.04812514781951904,-0.07794734835624695,0.058046042919158936,-0.14856570959091187,-0.08187837898731232,0.04755377769470215,-0.0040593743324279785,-0.11915929615497589,0.03414517641067505,0.049077630043029785,-0.11396376043558121,0.02593308687210083,0.043664515018463135,-0.09965663403272629
0.0,0.0,0.0,-0.050950050354003906,0.016748547554016113,-0.04022528603672981,-0.1062198281288147,0.018301963806152344,-0.0724978893995285,-0.11123466491699219,0.03660053014755249,-0.10234320908784866,-0.07381749153137207,0.038101136684417725,-0.12812437117099762,-0.09765756130218506,-0.15985709428787231,-0.0660865530371666,-0.11182785034179688,-0.17763561010360718,-0.11095146089792252,-0.1103711724281311,-0.18430668115615845,-0.1331428587436676,-0.10365790128707886,-0.192388653755188,-0.1453026682138443,-0.0425870418548584,-0.2064836621284485,-0.06654472649097443,-0.05338871479034424,-0.03692847490310669,-0.11256206035614014,-0.0542636513710022,0.043546319007873535,-0.11449578404426575,-0.05091506242752075,0.04364699125289917,-0.10779786109924316,0.01158362627029419,-0.19111531972885132,-0.07205832749605179,0.0011125802993774414,-0.005388021469116211,-0.11561834067106247,-0.006598174571990967,0.05517011880874634,-0.09853186458349228,-0.009534776210784912,0.04506653547286987,-0.0776112750172615,0.059867799282073975,-0.15078377723693848,-0.08251966536045074,0.04974985122680664,-0.004521369934082031,-0.1198335513472557,0.035924434661865234,0.04742342233657837,-0.11446814239025116,0.0273439884185791,0.04168665409088135,-0.09979435801506042
0.0,0.0,0.0,-0.05265313386917114,0.019197463989257812,-0.041222650557756424,-0.10878950357437134,0.02069985866546631,-0.07389923185110092,-0.11293953657150269,0.03909468650817871,-0.10358790308237076,-0.07403641939163208,0.04069852828979492,-0.128846675157547,-0.09978663921356201,-0.1607937216758728,-0.06857536733150482,-0.11302077770233154,-0.17929184436798096,-0.11331378668546677,-0.11116570234298706,-0.18623226881027222,-0.13420526683330536,-0.10401785373687744,-0.19445306062698364,-0.14541445672512054,-0.04385364055633545,-0.20945364236831665,-0.06849592179059982,-0.053895652294158936,-0.03991037607192993,-0.11427635699510574,-0.05387395620346069,0.04330706596374512,-0.11445625871419907,-0.04936593770980835,0.04472804069519043,-0.10664550960063934,0.011086642742156982,-0.19463998079299927,-0.07352124899625778,0.0008583664894104004,-0.00794130563735962,-0.11686473339796066,-0.007401764392852783,0.0533069372177124,-0.09827062487602234,-0.01054304838180542,0.04346102476119995,-0.07660239934921265,0.060244083404541016,-0.15468907356262207,-0.08364327251911163,0.04948335886001587,-0.007572293281555176,-0.12139677256345749,0.0350109338760376,0.045588791370391846,-0.11580811440944672,0.025689423084259033,0.04039144515991211,-0.10104069858789444
0.0,0.0,0.0,-0.049659907817840576,0.018564462661743164,-0.04198144003748894,-0.10355591773986816,0.02375972270965576,-0.07581344991922379,-0.1092824935913086,0.04482966661453247,-0.10680472105741501,-0.07393813133239746,0.045350074768066406,-0.13361181318759918,-0.09828037023544312,-0.1581883430480957,-0.06907401233911514,-0.1141858696937561,-0.16993045806884766,-0.11584711819887161,-0.11354595422744751,-0.17557013034820557,-0.13940271735191345,-0.10648483037948608,-0.18418002128601074,-0.15234841406345367,-0.04302704334259033,-0.20345920324325562,-0.06943133473396301,-0.05574774742126465,-0.038683176040649414,-0.1169901043176651,-0.05570095777511597,0.046573102474212646,-0.11944115161895752,-0.05017352104187012,0.049898505210876465,-0.11313054710626602,0.011563241481781006,-0.1869935393333435,-0.07494724541902542,0.0005317926406860352,-0.006125211715698242,-0.12115870416164398,-0.007379055023193359,0.059261322021484375,-0.10413139313459396,-0.01018291711807251,0.052275776863098145,-0.0829080119729042,0.060108959674835205,-0.14635354280471802,-0.08538161963224411,0.04998749494552612,-0.0044956207275390625,-0.1241942048072815,0.03535652160644531,0.05118429660797119,-0.11839979887008667,0.026134490966796875,0.04832494258880615,-0.10335297882556915
0.0,0.0,0.0,-0.050352513790130615,0.021086454391479492,-0.041237082332372665,-0.10363852977752686,0.026275813579559326,-0.07496166229248047,-0.10809165239334106,0.04684489965438843,-0.10616690665483475,-0.07186603546142578,0.04882746934890747,-0.1332620531320572,-0.09619230031967163,-0.15535807609558105,-0.0681389644742012,-0.11236900091171265,-0.17202281951904297,-0.11464335024356842,-0.11199057102203369,-0.17421889305114746,-0.1372741460800171,-0.10466784238815308,-0.1797959804534912,-0.1493838131427765,-0.04138004779815674,-0.2006237506866455,-0.06885851919651031,-0.05420869588851929,-0.03688466548919678,-0.11637832969427109,-0.05498075485229492,0.05140352249145508,-0.11848318576812744,-0.0496448278427124,0.05329859256744385,-0.11185932904481888,0.012816369533538818,-0.18402284383773804,-0.07469743490219116,0.001888573169708252,-0.005109548568725586,-0.12119847536087036,-0.0061296820640563965,0.06383776664733887,-0.10407070070505142,-0.008490264415740967,0.057485342025756836,-0.08268091082572937,0.060976266860961914,-0.14298248291015625,-0.08533068746328354,0.051300227642059326,-0.0021167993545532227,-0.12440519034862518,0.03698408603668213,0.05488157272338867,-0.11859865486621857,0.027806460857391357,0.05278372764587402,-0.10349458456039429
0.0,0.0,0.0,-0.0520363450050354,0.021302759647369385,-0.042471352964639664,-0.10845047235488892,0.02408921718597412,-0.07732934504747391,-0.112021803855896,0.040344178676605225,-0.10927071422338486,-0.07322502136230469,0.03813856840133667,-0.1371525079011917,-0.09835481643676758,-0.15600907802581787,-0.07246579974889755,-0.11073732376098633,-0.17667162418365479,-0.11923868954181671,-0.10859489440917969,-0.18519169092178345,-0.142147958278656,-0.1018056869506836,-0.19396543502807617,-0.15495026111602783,-0.042281508445739746,-0.2059052586555481,-0.07290134578943253,-0.05092400312423706,-0.040684401988983154,-0.12106471508741379,-0.0518261194229126,0.045654475688934326,-0.12298570573329926,-0.048136115074157715,0.04809170961380005,-0.11645235121250153,0.012852966785430908,-0.19159382581710815,-0.07831035554409027,0.005048036575317383,-0.009381771087646484,-0.12413299828767776,-0.004022419452667236,0.0568310022354126,-0.10646305978298187,-0.008069932460784912,0.04931920766830444,-0.08533580601215363,0.06218147277832031,-0.1513107419013977,-0.0887840986251831,0.05463969707489014,-0.007713437080383301,-0.1283346712589264,0.04001045227050781,0.04711627960205078,-0.12310194969177246,0.02987229824066162,0.043308913707733154,-0.10864003002643585
0.0,0.0,0.0,-0.05150884389877319,0.024515092372894287,-0.04246605560183525,-0.10817927122116089,0.02981466054916382,-0.07683488726615906,-0.11204063892364502,0.04764580726623535,-0.10814301669597626,-0.07361501455307007,0.046559929847717285,-0.13515286147594452,-0.09989064931869507,-0.14857465028762817,-0.07333667576313019,-0.11140173673629761,-0.1745641827583313,-0.12037120759487152,-0.10842114686965942,-0.1771257519721985,-0.14309965074062347,-0.10081779956817627,-0.18212836980819702,-0.15576528012752533,-0.04344654083251953,-0.19710499048233032,-0.07348188757896423,-0.052969515323638916,-0.04054826498031616,-0.1222514733672142,-0.05438387393951416,0.05113363265991211,-0.12437473237514496,-0.05038636922836304,0.05677163600921631,-0.11831976473331451,0.012278139591217041,-0.18351566791534424,-0.07849828153848648,0.005706310272216797,-0.009959220886230469,-0.12503845989704132,-0.004606485366821289,0.06256532669067383,-0.10811986029148102,-0.00969386100769043,0.05833512544631958,-0.0878853127360344,0.06219559907913208,-0.14471006393432617,-0.08846816420555115,0.05579555034637451,-0.003102123737335205,-0.12830214202404022,0.04013174772262573,0.05561584234237671,-0.12377707660198212,0.028776824474334717,0.05284816026687622,-0.11039508879184723
0.0,0.0,0.0,-0.053156375885009766,0.022796452045440674,-0.04562678933143616,-0.11408990621566772,0.023887693881988525,-0.08235513418912888,-0.1182171106338501,0.03568822145462036,-0.11527145653963089,-0.0765182375907898,0.033123910427093506,-0.143257275223732,-0.10050255060195923,-0.15023308992385864,-0.07932457327842712,-0.11262494325637817,-0.17974895238876343,-0.12984134256839752,-0.10553759336471558,-0.18538838624954224,-0.15421199798583984,-0.09414941072463989,-0.19402843713760376,-0.16801081597805023,-0.04288452863693237,-0.20100533962249756,-0.07806739211082458,-0.05079680681228638,-0.044235408306121826,-0.13018129765987396,-0.05126380920410156,0.04805201292037964,-0.1321161687374115,-0.04887920618057251,0.0514642596244812,-0.1257215440273285,0.013145029544830322,-0.18961650133132935,-0.08201737701892853,0.006908833980560303,-0.009622335433959961,-0.13127946853637695,-0.0028464794158935547,0.06359213590621948,-0.11450709402561188,-0.009402155876159668,0.056453824043273926,-0.09408389031887054,0.06383496522903442,-0.15426105260849,-0.09111247956752777,0.05679726600646973,-0.006527543067932129,-0.13234928250312805,0.04151707887649536,0.053225815296173096,-0.12849533557891846,0.029170334339141846,0.04728931188583374,-0.11559635400772095
0.0,0.0,0.0,-0.05371445417404175,0.02322375774383545,-0.04543691128492355,-0.11429357528686523,0.026471495628356934,-0.08186937868595123,-0.11893355846405029,0.03734976053237915,-0.11468524485826492,-0.07863205671310425,0.032096028327941895,-0.14224083721637726,-0.10268855094909668,-0.1529613733291626,-0.07661540806293488,-0.11708050966262817,-0.17519617080688477,-0.1254853755235672,-0.11049401760101318,-0.18181610107421875,-0.14774863421916962,-0.09945100545883179,-0.19611310958862305,-0.16035474836826324,-0.04625362157821655,-0.2044716477394104,-0.07559478282928467,-0.05454784631729126,-0.03838348388671875,-0.1267988383769989,-0.05467325448989868,0.05234074592590332,-0.1280740350484848,-0.05289280414581299,0.04617655277252197,-0.12129008024930954,0.010143280029296875,-0.19356286525726318,-0.07985313981771469,0.005104362964630127,-0.009316086769104004,-0.12879258394241333,-0.005003988742828369,0.06269872188568115,-0.11116810888051987,-0.012634336948394775,0.05040788650512695,-0.09018772840499878,0.06097769737243652,-0.1578696370124817,-0.08932137489318848,0.05564534664154053,-0.008065640926361084,-0.13060109317302704,0.04075998067855835,0.05149352550506592,-0.12657195329666138,0.028300583362579346,0.043502628803253174,-0.11343703418970108
0.0,0.0,0.0,-0.051283299922943115,0.022153854370117188,-0.04631413519382477,-0.10764282941818237,0.027086853981018066,-0.08474055677652359,-0.11026990413665771,0.045208096504211426,-0.11975330859422684,-0.07213038206100464,0.042418837547302246,-0.14983688294887543,-0.09609246253967285,-0.15834224224090576,-0.07881426066160202,-0.10909712314605713,-0.18070274591445923,-0.13141800463199615,-0.10273915529251099,-0.1787899136543274,-0.15629974007606506,-0.09237068891525269,-0.18157124519348145,-0.16950933635234833,-0.03806942701339722,-0.20040208101272583,-0.07798848301172256,-0.048072636127471924,-0.03982734680175781,-0.13140904903411865,-0.0517386794090271,0.05850672721862793,-0.1334599256515503,-0.05122882127761841,0.058802008628845215,-0.12648172676563263,0.01794809103012085,-0.18372178077697754,-0.08265315741300583,0.010300099849700928,-0.0009937882423400879,-0.13450278341770172,-0.0024684667587280273,0.07534193992614746,-0.1173567846417427,-0.011340022087097168,0.06365609169006348,-0.09565560519695282,0.06848001480102539,-0.14545559883117676,-0.0922616571187973,0.061793744564056396,-0.0015881061553955078,-0.13432420790195465,0.045029401779174805,0.061990976333618164,-0.12870268523693085,0.031931519508361816,0.05591052770614624,-0.11386989802122116
0.0,0.0,0.0,-0.05086970329284668,0.02309340238571167,-0.0455930270254612,-0.10647159814834595,0.028939902782440186,-0.08373202383518219,-0.10833394527435303,0.0498049259185791,-0.11852971464395523,-0.0702628493309021,0.04989820718765259,-0.14855504035949707,-0.0945705771446228,-0.14933210611343384,-0.078899085521698,-0.10812371969223022,-0.17685163021087646,-0.1304464042186737,-0.10139870643615723,-0.17808568477630615,-0.15564417839050293,-0.09031540155410767,-0.17916935682296753,-0.1696098893880844,-0.03700989484786987,-0.1936820149421692,-0.07826554030179977,-0.04616951942443848,-0.04204678535461426,-0.12995903193950653,-0.04896575212478638,0.05422711372375488,-0.13233859837055206,-0.04790395498275757,0.058729588985443115,-0.12652187049388885,0.018702208995819092,-0.17901146411895752,-0.08290915936231613,0.011151432991027832,0.000770270824432373,-0.13251051306724548,-0.0013093352317810059,0.07563871145248413,-0.11608142405748367,-0.0094795823097229,0.06434422731399536,-0.0960608646273613,0.06946539878845215,-0.14221429824829102,-0.09254875779151917,0.061298668384552,0.0030588507652282715,-0.13203193247318268,0.044385433197021484,0.06544309854507446,-0.12635305523872375,0.03210937976837158,0.05781179666519165,-0.11277713626623154
0.0,0.0,0.0,-0.05174332857131958,0.022764146327972412,-0.04476318135857582,-0.10703742504119873,0.029505670070648193,-0.0816534012556076,-0.108548104763031,0.05274587869644165,-0.11545873433351517,-0.07127243280410767,0.055543720722198486,-0.14469292759895325,-0.0940924882888794,-0.14907574653625488,-0.07699795067310333,-0.1098792552947998,-0.168198823928833,-0.12671028077602386,-0.1039692759513855,-0.16890305280685425,-0.1515861600637436,-0.09173327684402466,-0.17325282096862793,-0.16588515043258667,-0.03687518835067749,-0.19301718473434448,-0.07654976844787598,-0.047098517417907715,-0.0316656231880188,-0.12638221681118011,-0.04974740743637085,0.06145864725112915,-0.1296330839395523,-0.04809761047363281,0.06573301553726196,-0.12532193958759308,0.018672585487365723,-0.17728298902511597,-0.08116970211267471,0.010755300521850586,0.005989372730255127,-0.1303320825099945,-0.0005988478660583496,0.08042258024215698,-0.11541953682899475,-0.00760042667388916,0.07216328382492065,-0.0966835469007492,0.06895911693572998,-0.13984829187393188,-0.09065798670053482,0.06212341785430908,0.006289303302764893,-0.1305169016122818,0.044656455516815186,0.06920665502548218,-0.12582361698150635,0.03196895122528076,0.06456196308135986,-0.11301124095916748
0.0,0.0,0.0,-0.05076253414154053,0.023348331451416016,-0.0427076555788517,-0.10629230737686157,0.027334868907928467,-0.07947992533445358,-0.10776442289352417,0.04929983615875244,-0.11336580663919449,-0.07028669118881226,0.053061485290527344,-0.142902672290802,-0.09349226951599121,-0.14275598526000977,-0.07695315778255463,-0.10684937238693237,-0.16407811641693115,-0.12365509569644928,-0.10096102952957153,-0.1689663529396057,-0.14673513174057007,-0.08969348669052124,-0.16913068294525146,-0.16011595726013184,-0.03641015291213989,-0.1906660795211792,-0.076840341091156,-0.04134553670883179,-0.038377583026885986,-0.1228770911693573,-0.04215604066848755,0.055684447288513184,-0.1254272311925888,-0.040754854679107666,0.07205760478973389,-0.12163057923316956,0.01950693130493164,-0.1771048903465271,-0.08098597079515457,0.014506936073303223,0.005377531051635742,-0.125637486577034,0.002942323684692383,0.07798910140991211,-0.11116175353527069,-0.005186021327972412,0.07354038953781128,-0.09433650970458984,0.07110470533370972,-0.1405234932899475,-0.08984056860208511,0.06581670045852661,0.005909740924835205,-0.12524981796741486,0.0479007363319397,0.06667828559875488,-0.11958901584148407,0.03392815589904785,0.061988234519958496,-0.1075223982334137
0.0,0.0,0.0,-0.05170220136642456,0.021954357624053955,-0.04393281787633896,-0.10864067077636719,0.02032601833343506,-0.08083441108465195,-0.111480712890625,0.04196178913116455,-0.11456277966499329,-0.07199215888977051,0.04716306924819946,-0.1432441920042038,-0.09574931859970093,-0.14772766828536987,-0.07867902517318726,-0.11041772365570068,-0.17116230726242065,-0.12735076248645782,-0.10239237546920776,-0.1724877953529358,-0.1494966745376587,-0.09109276533126831,-0.169297456741333,-0.16148041188716888,-0.03828716278076172,-0.19588369131088257,-0.07812940329313278,-0.04255563020706177,-0.042320072650909424,-0.12683247029781342,-0.04044055938720703,0.05762028694152832,-0.12812460958957672,-0.037663817405700684,0.07185602188110352,-0.12254327535629272,0.0179252028465271,-0.18193936347961426,-0.08220776170492172,0.015187442302703857,0.0032089948654174805,-0.12985941767692566,0.0043738484382629395,0.08142948150634766,-0.1146593689918518,-0.003944873809814453,0.07383215427398682,-0.09651563316583633,0.07024723291397095,-0.1444268822669983,-0.09093201905488968,0.06727665662765503,0.0035834312438964844,-0.12833556532859802,0.04941856861114502,0.06794893741607666,-0.12285687774419785,0.034554123878479004,0.06048858165740967,-0.11053245514631271
0.0,0.0,0.0,-0.05588287115097046,0.021431803703308105,-0.04748678207397461,-0.11551058292388916,0.024071216583251953,-0.0870601087808609,-0.11735272407531738,0.04332280158996582,-0.12276553362607956,-0.07665610313415527,0.04416847229003906,-0.15262633562088013,-0.10177278518676758,-0.1541333794593811,-0.08371090143918991,-0.11717581748962402,-0.1869547963142395,-0.13743463158607483,-0.10776829719543457,-0.18552207946777344,-0.16123664379119873,-0.0946236252784729,-0.18365216255187988,-0.17388816177845,-0.04218864440917969,-0.20364683866500854,-0.08238158375024796,-0.04835933446884155,-0.04820030927658081,-0.13733769953250885,-0.050187647342681885,0.05434328317642212,-0.13843759894371033,-0.05030101537704468,0.05676865577697754,-0.13143505156040192,0.015361368656158447,-0.19103789329528809,-0.08653697371482849,0.01079338788986206,-0.006390690803527832,-0.13982819020748138,-0.0014322400093078613,0.07560771703720093,-0.12323074787855148,-0.011265456676483154,0.06224250793457031,-0.10296458750963211,0.06857115030288696,-0.15455543994903564,-0.09568546712398529,0.06422215700149536,-0.0011146068572998047,-0.13877364993095398,0.04753565788269043,0.065543532371521,-0.13496585190296173,0.0331839919090271,0.05485355854034424,-0.12262051552534103
0.0,0.0,0.0,-0.05582922697067261,0.019984960556030273,-0.04582444205880165,-0.11713904142379761,0.020222008228302002,-0.08456235378980637,-0.12114304304122925,0.04198813438415527,-0.11914508789777756,-0.08055531978607178,0.04624736309051514,-0.14808645844459534,-0.10200893878936768,-0.1594085693359375,-0.08496389538049698,-0.11998718976974487,-0.18381226062774658,-0.1365162581205368,-0.11251777410507202,-0.18530356884002686,-0.16033390164375305,-0.10069942474365234,-0.18772965669631958,-0.17393538355827332,-0.04318362474441528,-0.2063855528831482,-0.08369163423776627,-0.05076795816421509,-0.05223006010055542,-0.13440895080566406,-0.05169910192489624,0.03791213035583496,-0.13609501719474792,-0.05068689584732056,0.034558236598968506,-0.13143493235111237,0.013641059398651123,-0.19177258014678955,-0.08711634576320648,0.005242824554443359,-0.0016832351684570312,-0.13502398133277893,-0.006891369819641113,0.07224047183990479,-0.11937492340803146,-0.014602184295654297,0.054702043533325195,-0.10186692327260971,0.06699395179748535,-0.1529037356376648,-0.09565607458353043,0.05829256772994995,0.0028482675552368164,-0.1347493827342987,0.03994190692901611,0.06546902656555176,-0.1313340961933136,0.02648061513900757,0.05208146572113037,-0.12089159339666367
0.0,0.0,0.0,-0.05588120222091675,0.02626711130142212,-0.046665456146001816,-0.1159176230430603,0.03231543302536011,-0.08488930761814117,-0.11913901567459106,0.05612462759017944,-0.11893797665834427,-0.07794886827468872,0.058528006076812744,-0.14746926724910736,-0.10240006446838379,-0.14822512865066528,-0.08417066186666489,-0.11974203586578369,-0.16828900575637817,-0.1345529407262802,-0.11005455255508423,-0.1680113673210144,-0.15796883404254913,-0.09519636631011963,-0.17332875728607178,-0.1718396246433258,-0.0430637001991272,-0.1958255171775818,-0.08249607682228088,-0.04999488592147827,-0.03558039665222168,-0.13289125263690948,-0.04963672161102295,0.05226939916610718,-0.1356734037399292,-0.04870414733886719,0.044709861278533936,-0.13222795724868774,0.014545440673828125,-0.1824507713317871,-0.08554939925670624,0.007225096225738525,0.00784766674041748,-0.1345055252313614,-0.0023943185806274414,0.08390504121780396,-0.12020273506641388,-0.009447216987609863,0.06828826665878296,-0.10337601602077484,0.06828814744949341,-0.1454734206199646,-0.09364916384220123,0.0612102746963501,0.010433673858642578,-0.13392286002635956,0.04498445987701416,0.07453060150146484,-0.1313614398241043,0.03181815147399902,0.06317967176437378,-0.12139792740345001
0.0,0.0,0.0,-0.053441643714904785,0.023206055164337158,-0.04651287570595741,-0.11134010553359985,0.023879170417785645,-0.08495457470417023,-0.11475628614425659,0.045621514320373535,-0.1193537712097168,-0.07404297590255737,0.05008113384246826,-0.1477418839931488,-0.09804320335388184,-0.15659022331237793,-0.0823175311088562,-0.11859393119812012,-0.18183660507202148,-0.13514475524425507,-0.10882812738418579,-0.17266196012496948,-0.1600690633058548,-0.09430438280105591,-0.16775280237197876,-0.17400451004505157,-0.040193796157836914,-0.20148801803588867,-0.08098404854536057,-0.04612213373184204,-0.04840803146362305,-0.13303157687187195,-0.043916404247283936,0.04538428783416748,-0.13646934926509857,-0.04163998365402222,0.0394473671913147,-0.13308367133140564,0.015804052352905273,-0.18600332736968994,-0.0847049430012703,0.010797739028930664,-0.0031417012214660645,-0.1346895396709442,0.0008285045623779297,0.07876712083816528,-0.12040992826223373,-0.006305336952209473,0.06351780891418457,-0.10342730581760406,0.06843060255050659,-0.14728868007659912,-0.09346240013837814,0.06321924924850464,0.0038884878158569336,-0.13324099779129028,0.04594564437866211,0.07012927532196045,-0.12996944785118103,0.03189665079116821,0.05734550952911377,-0.11969877034425735
0.0,0.0,0.0,-0.053955793380737305,0.022995710372924805,-0.04630289226770401,-0.11169952154159546,0.026043057441711426,-0.08379058539867401,-0.11485928297042847,0.05007028579711914,-0.1177164688706398,-0.07435327768325806,0.052735328674316406,-0.1453528106212616,-0.10042053461074829,-0.15519052743911743,-0.07955511659383774,-0.11745613813400269,-0.1836777925491333,-0.13208922743797302,-0.10850441455841064,-0.17786431312561035,-0.15533024072647095,-0.09539055824279785,-0.1761646866798401,-0.16756686568260193,-0.04244565963745117,-0.20104897022247314,-0.07786842435598373,-0.04778623580932617,-0.03588646650314331,-0.13040541112422943,-0.04661297798156738,0.055278778076171875,-0.1324177086353302,-0.04567575454711914,0.04388594627380371,-0.12688662111759186,0.014815986156463623,-0.1861904263496399,-0.08165688067674637,0.009997069835662842,0.005422234535217285,-0.13235382735729218,0.0005742907524108887,0.08254969120025635,-0.11662247776985168,-0.006772160530090332,0.06318581104278564,-0.09754086285829544,0.06864964962005615,-0.14899176359176636,-0.09052396565675735,0.06326824426651001,0.007462859153747559,-0.13200853765010834,0.046902358531951904,0.07201099395751953,-0.12903916835784912,0.033839523792266846,0.058773159980773926,-0.11765357851982117
0.0,0.0,0.0,-0.0545840859413147,0.02356255054473877,-0.04779215157032013,-0.11262953281402588,0.028550148010253906,-0.08789299428462982,-0.11436629295349121,0.053558945655822754,-0.12458634376525879,-0.07376974821090698,0.05754244327545166,-0.1548575609922409,-0.09888309240341187,-0.15642577409744263,-0.08190617710351944,-0.11539721488952637,-0.18211060762405396,-0.13426759839057922,-0.10627943277359009,-0.17024356126785278,-0.15704110264778137,-0.093902587890625,-0.163288414478302,-0.16908571124076843,-0.04030090570449829,-0.20043736696243286,-0.0806732103228569,-0.05047541856765747,-0.02974390983581543,-0.1329132467508316,-0.05103343725204468,0.066184401512146,-0.13456140458583832,-0.051298558712005615,0.057501912117004395,-0.12935234606266022,0.016907811164855957,-0.18405526876449585,-0.0849214717745781,0.009470224380493164,0.004958748817443848,-0.1348499059677124,-0.0004145503044128418,0.08326232433319092,-0.11755941808223724,-0.008957386016845703,0.06584560871124268,-0.09824132919311523,0.06938302516937256,-0.14426642656326294,-0.0945572555065155,0.06334954500198364,0.010182857513427734,-0.13526326417922974,0.046884119510650635,0.0756920576095581,-0.1308104246854782,0.03314924240112305,0.06379485130310059,-0.11872377246618271
0.0,0.0,0.0,-0.056097447872161865,0.022946834564208984,-0.04828387498855591,-0.11626666784286499,0.026009082794189453,-0.088290736079216,-0.11783170700073242,0.04435241222381592,-0.1246718093752861,-0.07580751180648804,0.044449448585510254,-0.1543724685907364,-0.10135608911514282,-0.16057062149047852,-0.08097606152296066,-0.11851704120635986,-0.1842626929283142,-0.1323481947183609,-0.10856080055236816,-0.17972350120544434,-0.1529453843832016,-0.09521293640136719,-0.1847251057624817,-0.16387325525283813,-0.04328715801239014,-0.2070835828781128,-0.07939676940441132,-0.053592562675476074,-0.035730957984924316,-0.13213898241519928,-0.05381113290786743,0.06220066547393799,-0.13191865384578705,-0.053611934185028076,0.04764091968536377,-0.12459913641214371,0.0143357515335083,-0.19270074367523193,-0.08348756283521652,0.00688546895980835,-0.0036095380783081055,-0.13391269743442535,-0.0010449886322021484,0.07521486282348633,-0.11506476998329163,-0.007944226264953613,0.05464285612106323,-0.09414056688547134,0.06771081686019897,-0.1540328860282898,-0.09306091070175171,0.06093442440032959,0.001544952392578125,-0.13486285507678986,0.04605841636657715,0.06626665592193604,-0.13097047805786133,0.033846259117126465,0.052009522914886475,-0.11872430890798569
0.0,0.0,0.0,-0.0556563138961792,0.022626399993896484,-0.050483588129282,-0.11662840843200684,0.027238070964813232,-0.09095877408981323,-0.11976748704910278,0.044397950172424316,-0.12722013890743256,-0.0772707462310791,0.04528486728668213,-0.15627790987491608,-0.1016392707824707,-0.16441309452056885,-0.08350818604230881,-0.1219528317451477,-0.18181568384170532,-0.13595980405807495,-0.11100953817367554,-0.17669576406478882,-0.1548992395401001,-0.09620124101638794,-0.18252944946289062,-0.16368144750595093,-0.04369211196899414,-0.21122390031814575,-0.08075384795665741,-0.05676400661468506,-0.03980213403701782,-0.13461653888225555,-0.05562633275985718,0.05417203903198242,-0.13201284408569336,-0.05395990610122681,0.037111878395080566,-0.12156576663255692,0.013825833797454834,-0.19704777002334595,-0.08408655971288681,0.0041078925132751465,-0.006017863750457764,-0.13631686568260193,-0.0026462674140930176,0.06946945190429688,-0.11523249000310898,-0.00793445110321045,0.048632025718688965,-0.09108637273311615,0.06692451238632202,-0.15834379196166992,-0.09314712136983871,0.059378206729888916,-0.0033693313598632812,-0.13701166212558746,0.04547208547592163,0.05940389633178711,-0.132969930768013,0.034361958503723145,0.04617565870285034,-0.11910579353570938
0.0,0.0,0.0,-0.0560566782951355,0.024344921112060547,-0.04875696450471878,-0.11556285619735718,0.027720212936401367,-0.08721709996461868,-0.1179240345954895,0.04806160926818848,-0.12164689600467682,-0.07635843753814697,0.046187400817871094,-0.14941030740737915,-0.1029699444770813,-0.15742957592010498,-0.08154217898845673,-0.12115466594696045,-0.1854994297027588,-0.134317547082901,-0.10948848724365234,-0.18170708417892456,-0.15568436682224274,-0.09365874528884888,-0.18453502655029297,-0.16643139719963074,-0.04457497596740723,-0.20650488138198853,-0.07868478447198868,-0.051700055599212646,-0.042381465435028076,-0.13185957074165344,-0.049847424030303955,0.04898250102996826,-0.13179562985897064,-0.049768030643463135,0.03331643342971802,-0.12417659163475037,0.013226449489593506,-0.19422227144241333,-0.08174089342355728,0.008427798748016357,-0.006800055503845215,-0.13380186259746552,0.001262068748474121,0.07047510147094727,-0.11680654436349869,-0.00610959529876709,0.050612568855285645,-0.09620755165815353,0.06762933731079102,-0.15812569856643677,-0.09006858617067337,0.06336671113967896,-0.003365159034729004,-0.13368944823741913,0.04932934045791626,0.06041443347930908,-0.1316501647233963,0.03599727153778076,0.04711759090423584,-0.12020581215620041
0.0,0.0,0.0,-0.056662023067474365,0.02101534605026245,-0.048316098749637604,-0.11679601669311523,0.024189472198486328,-0.0873481035232544,-0.11963975429534912,0.04119706153869629,-0.12261372059583664,-0.07896596193313599,0.037000417709350586,-0.15115228295326233,-0.10471665859222412,-0.1647815704345703,-0.08142440766096115,-0.12297582626342773,-0.188296377658844,-0.13463173806667328,-0.11219125986099243,-0.18495118618011475,-0.15620607137680054,-0.09726613759994507,-0.19240260124206543,-0.16711580753326416,-0.046158015727996826,-0.21175134181976318,-0.07918333262205124,-0.0562894344329834,-0.04178512096405029,-0.13280212879180908,-0.05607050657272339,0.05135923624038696,-0.1323874145746231,-0.056619882583618164,0.03348320722579956,-0.12446767836809158,0.011698365211486816,-0.19755202531814575,-0.08286025375127792,0.004101753234863281,-0.008749246597290039,-0.13574397563934326,-0.004227936267852783,0.06845802068710327,-0.11789897829294205,-0.012005448341369629,0.04681342840194702,-0.09660383313894272,0.0657271146774292,-0.15998077392578125,-0.09176096320152283,0.05951446294784546,-0.006649136543273926,-0.1356891691684723,0.04463613033294678,0.05753350257873535,-0.13286669552326202,0.031628310680389404,0.04421508312225342,-0.12071738392114639
0.0,0.0,0.0,-0.057243406772613525,0.02037447690963745,-0.05096965655684471,-0.12043923139572144,0.025401830673217773,-0.09251821041107178,-0.12304705381393433,0.04559791088104248,-0.12992161512374878,-0.08026272058486938,0.04952692985534668,-0.16020384430885315,-0.10187101364135742,-0.16380244493484497,-0.0866767093539238,-0.12109363079071045,-0.17957258224487305,-0.13939745724201202,-0.11021018028259277,-0.17436856031417847,-0.15818755328655243,-0.09648716449737549,-0.17992842197418213,-0.16667619347572327,-0.04229140281677246,-0.2069607377052307,-0.08408565819263458,-0.056849122047424316,-0.03207361698150635,-0.13851894438266754,-0.05786687135696411,0.06225740909576416,-0.13572204113006592,-0.056764185428619385,0.04618120193481445,-0.1252359300851822,0.015318691730499268,-0.19096994400024414,-0.08744747936725616,0.0048065185546875,0.001520991325378418,-0.1400071680545807,-0.005079507827758789,0.07382208108901978,-0.11899346858263016,-0.012363791465759277,0.051404595375061035,-0.09486669301986694,0.0675552487373352,-0.15125679969787598,-0.09655720740556717,0.06032836437225342,-7.677078247070312e-05,-0.14003439247608185,0.044114649295806885,0.06142842769622803,-0.13523156940937042,0.03109908103942871,0.049050211906433105,-0.12088830024003983
0.0,0.0,0.0,-0.057244956493377686,0.02224409580230713,-0.04762587323784828,-0.11968398094177246,0.0266343355178833,-0.08736271411180496,-0.12269490957260132,0.04619920253753662,-0.12322264909744263,-0.08063054084777832,0.047327518463134766,-0.15319357812404633,-0.10471779108047485,-0.15752118825912476,-0.08422943204641342,-0.12165629863739014,-0.1810063123703003,-0.13434994220733643,-0.11069625616073608,-0.18124955892562866,-0.15653614699840546,-0.09524893760681152,-0.18581467866897583,-0.16951192915439606,-0.043883323669433594,-0.2053733468055725,-0.08269608020782471,-0.05177885293960571,-0.04309767484664917,-0.13340355455875397,-0.05285298824310303,0.050165653228759766,-0.1349913477897644,-0.05262702703475952,0.043323397636413574,-0.13057637214660645,0.014840364456176758,-0.1917925477027893,-0.08614616096019745,0.007231295108795166,-0.001981675624847412,-0.1358102262020111,-0.003313779830932617,0.07552969455718994,-0.12087567895650864,-0.011572420597076416,0.0607336163520813,-0.1036655381321907,0.06880068778991699,-0.15307670831680298,-0.09473149478435516,0.0624239444732666,0.0019381046295166016,-0.13525137305259705,0.04565560817718506,0.06593585014343262,-0.1323194056749344,0.031103432178497314,0.05548810958862305,-0.12213800102472305
0.0,0.0,0.0,-0.056983351707458496,0.022172212600708008,-0.05090157315135002,-0.12021154165267944,0.028636813163757324,-0.09251100569963455,-0.12314677238464355,0.04351705312728882,-0.12993353605270386,-0.08039063215255737,0.04229855537414551,-0.16105055809020996,-0.10367512702941895,-0.16177737712860107,-0.08529681712388992,-0.12154710292816162,-0.180137038230896,-0.13688963651657104,-0.10923892259597778,-0.17868489027023315,-0.15857534110546112,-0.09254598617553711,-0.18657058477401733,-0.17043688893318176,-0.04338949918746948,-0.2080053687095642,-0.08271981030702591,-0.05492669343948364,-0.042609989643096924,-0.13539445400238037,-0.05594813823699951,0.04734921455383301,-0.13607099652290344,-0.055019915103912354,0.03485506772994995,-0.12947310507297516,0.015225470066070557,-0.19417792558670044,-0.08579687029123306,0.006763756275177002,-0.004516482353210449,-0.1367882639169693,-0.003383636474609375,0.06721365451812744,-0.11941198259592056,-0.010926485061645508,0.04941648244857788,-0.09895449131727219,0.06859797239303589,-0.15600991249084473,-0.09450526535511017,0.0624772310256958,-0.004905521869659424,-0.13588351011276245,0.047197699546813965,0.0558781623840332,-0.1318579763174057,0.03429049253463745,0.044737935066223145,-0.11936590820550919
0.0,0.0,0.0,-0.05760258436203003,0.02134650945663452,-0.05149685963988304,-0.12048786878585815,0.027683496475219727,-0.09319209307432175,-0.12284785509109497,0.04258465766906738,-0.13077837228775024,-0.0797879695892334,0.041754841804504395,-0.16194136440753937,-0.10273301601409912,-0.16812050342559814,-0.08516362309455872,-0.12020915746688843,-0.18456614017486572,-0.13694272935390472,-0.10848361253738403,-0.18073362112045288,-0.15817517042160034,-0.09158545732498169,-0.18662822246551514,-0.16923542320728302,-0.04178720712661743,-0.21159261465072632,-0.08226227015256882,-0.05478096008300781,-0.040400922298431396,-0.13484570384025574,-0.05853551626205444,0.04768073558807373,-0.13499107956886292,-0.05846714973449707,0.035109639167785645,-0.1276342272758484,0.0167883038520813,-0.19512617588043213,-0.08520268648862839,0.006853818893432617,-0.0026345252990722656,-0.13635431230068207,-0.004641711711883545,0.06629151105880737,-0.1182730570435524,-0.011907994747161865,0.04892706871032715,-0.09675486385822296,0.06936883926391602,-0.15479826927185059,-0.09390329569578171,0.06255745887756348,-0.0033725500106811523,-0.13582199811935425,0.046710968017578125,0.05496037006378174,-0.13170893490314484,0.03429865837097168,0.04414522647857666,-0.11847347766160965
0.0,0.0,0.0,-0.05648082494735718,0.02127450704574585,-0.05048361420631409,-0.11877024173736572,0.027896225452423096,-0.09229552745819092,-0.12140095233917236,0.04276299476623535,-0.13039088249206543,-0.07947665452957153,0.04173552989959717,-0.16198700666427612,-0.10238659381866455,-0.16593414545059204,-0.08486403524875641,-0.12027651071548462,-0.1876915693283081,-0.1376998871564865,-0.10681039094924927,-0.18291759490966797,-0.15948599576950073,-0.088664710521698,-0.18537628650665283,-0.17057642340660095,-0.041660845279693604,-0.2110254168510437,-0.08252350986003876,-0.05267363786697388,-0.04410374164581299,-0.1351611167192459,-0.05585300922393799,0.04587841033935547,-0.13495701551437378,-0.05658477544784546,0.03465723991394043,-0.12730036675930023,0.016899824142456055,-0.19542580842971802,-0.0860268771648407,0.008432865142822266,-0.004192352294921875,-0.1376093477010727,-0.0026235580444335938,0.06801462173461914,-0.11974650621414185,-0.010430097579956055,0.051781535148620605,-0.09832251071929932,0.07044064998626709,-0.15509819984436035,-0.09514951705932617,0.06410980224609375,-0.0011969208717346191,-0.13684017956256866,0.0472722053527832,0.05919957160949707,-0.13261830806732178,0.03341412544250488,0.048334479331970215,-0.11944038420915604
0.0,0.0,0.0,-0.05683344602584839,0.022932589054107666,-0.046204499900341034,-0.11739236116409302,0.027877986431121826,-0.08481049537658691,-0.12015044689178467,0.04823225736618042,-0.11971115320920944,-0.07954257726669312,0.04586493968963623,-0.14901095628738403,-0.10388529300689697,-0.15599364042282104,-0.08161453157663345,-0.11915171146392822,-0.18156766891479492,-0.1342630237340927,-0.1075139045715332,-0.17967593669891357,-0.15975700318813324,-0.09250843524932861,-0.18710851669311523,-0.17494507133960724,-0.04424780607223511,-0.2034342885017395,-0.08065478503704071,-0.050174057483673096,-0.046888887882232666,-0.13320288062095642,-0.05275678634643555,0.0461387038230896,-0.1369810700416565,-0.05420660972595215,0.03431767225265503,-0.13400611281394958,0.01366269588470459,-0.19020473957061768,-0.08483981341123581,0.00945746898651123,-0.0029582977294921875,-0.1353856474161148,-0.0022161006927490234,0.07717752456665039,-0.12141197174787521,-0.01076728105545044,0.058690011501312256,-0.10476640611886978,0.06794118881225586,-0.15276503562927246,-0.09404046833515167,0.0628480315208435,0.0035275816917419434,-0.13465653359889984,0.045798659324645996,0.06940442323684692,-0.13211821019649506,0.031925201416015625,0.05558294057846069,-0.12237001955509186
0.0,0.0,0.0,-0.05693310499191284,0.0228193998336792,-0.046779416501522064,-0.1163979172706604,0.02425593137741089,-0.08510424941778183,-0.11930698156356812,0.03802633285522461,-0.11964714527130127,-0.07915955781936646,0.032313764095306396,-0.14788395166397095,-0.1049509048461914,-0.1654542088508606,-0.08032409101724625,-0.12259626388549805,-0.19776731729507446,-0.13336549699306488,-0.10893970727920532,-0.19226562976837158,-0.15737782418727875,-0.09137153625488281,-0.19334906339645386,-0.17073224484920502,-0.04568260908126831,-0.21239733695983887,-0.0787915289402008,-0.05166548490524292,-0.05504804849624634,-0.13234619796276093,-0.05119967460632324,0.04160517454147339,-0.1350919008255005,-0.05078864097595215,0.03105252981185913,-0.13053059577941895,0.012121260166168213,-0.19890648126602173,-0.08274969458580017,0.007165193557739258,-0.0149308443069458,-0.13431984186172485,-0.0022370219230651855,0.06787478923797607,-0.11920646578073502,-0.009245514869689941,0.05096405744552612,-0.10106617212295532,0.06647646427154541,-0.16190892457962036,-0.09173814207315445,0.06092262268066406,-0.009255766868591309,-0.13316477835178375,0.04645472764968872,0.057012856006622314,-0.13043934106826782,0.034812331199645996,0.043153464794158936,-0.11985446512699127
0.0,0.0,0.0,-0.0538288950920105,0.025387167930603027,-0.04728786647319794,-0.11214262247085571,0.02898925542831421,-0.08738444000482559,-0.11501044034957886,0.04645800590515137,-0.12359564006328583,-0.07685041427612305,0.04297971725463867,-0.15414872765541077,-0.10022127628326416,-0.1557714343070984,-0.08463457971811295,-0.11675870418548584,-0.1890549659729004,-0.13691440224647522,-0.1055557131767273,-0.18088865280151367,-0.1621042639017105,-0.09086042642593384,-0.17472529411315918,-0.17667794227600098,-0.041454434394836426,-0.20233678817749023,-0.08341524749994278,-0.04625070095062256,-0.05383443832397461,-0.1352425366640091,-0.04321974515914917,0.043760597705841064,-0.1396452933549881,-0.039128661155700684,0.046083688735961914,-0.137367844581604,0.015056371688842773,-0.18911093473434448,-0.0870015025138855,0.0106278657913208,-0.0067945122718811035,-0.13563703000545502,0.002331674098968506,0.07695668935775757,-0.12152115255594254,-0.002074003219604492,0.06691718101501465,-0.10533425956964493,0.06892871856689453,-0.1519419550895691,-0.09578932076692581,0.06339997053146362,-0.0020917654037475586,-0.13299499452114105,0.04878997802734375,0.06499075889587402,-0.12829604744911194,0.03821283578872681,0.054195940494537354,-0.11767027527093887
0.0,0.0,0.0,-0.05437535047531128,0.019078493118286133,-0.046296946704387665,-0.11520969867706299,0.015393257141113281,-0.08380328118801117,-0.12147408723831177,0.021212279796600342,-0.11719603836536407,-0.0828137993812561,0.013141810894012451,-0.14398324489593506,-0.10426169633865356,-0.17578262090682983,-0.07913028448820114,-0.12213701009750366,-0.201271653175354,-0.12878185510635376,-0.11077839136123657,-0.19360429048538208,-0.1505168378353119,-0.09554851055145264,-0.19686901569366455,-0.16303236782550812,-0.04638242721557617,-0.22382831573486328,-0.0769321545958519,-0.05624288320541382,-0.07610815763473511,-0.12595003843307495,-0.0534062385559082,0.01950228214263916,-0.12753194570541382,-0.049282610416412354,0.012676119804382324,-0.12348928302526474,0.009722769260406494,-0.21082866191864014,-0.0797879546880722,0.004041552543640137,-0.03225409984588623,-0.12821969389915466,-0.0047626495361328125,0.052345991134643555,-0.11335146427154541,-0.009372055530548096,0.039753079414367676,-0.09636683762073517,0.06302225589752197,-0.17167812585830688,-0.08766335248947144,0.05820554494857788,-0.024984359741210938,-0.12605541944503784,0.04172921180725098,0.04296475648880005,-0.12287083268165588,0.029234647750854492,0.03160446882247925,-0.113044872879982
0.0,0.0,0.0,-0.053694963455200195,0.02389705181121826,-0.04658452421426773,-0.11225533485412598,0.026991963386535645,-0.08547334372997284,-0.11590045690536499,0.04051178693771362,-0.12025889754295349,-0.07707935571670532,0.034568727016448975,-0.14951498806476593,-0.10003644227981567,-0.1559256911277771,-0.08244048058986664,-0.11608624458312988,-0.18053919076919556,-0.13352102041244507,-0.10535585880279541,-0.1791822910308838,-0.15856696665287018,-0.09147536754608154,-0.1857820749282837,-0.17395654320716858,-0.041972994804382324,-0.2045506238937378,-0.08099007606506348,-0.04810994863510132,-0.055612802505493164,-0.13202530145645142,-0.047438085079193115,0.04023629426956177,-0.1362927407026291,-0.04555213451385498,0.03770047426223755,-0.13425424695014954,0.014414012432098389,-0.1922701597213745,-0.08428515493869781,0.010396838188171387,-0.010447978973388672,-0.13338541984558105,0.0004965066909790039,0.07169455289840698,-0.12015223503112793,-0.005750715732574463,0.05847138166427612,-0.10462457686662674,0.06774622201919556,-0.15562289953231812,-0.0925440713763237,0.0625225305557251,-0.003698408603668213,-0.13131999969482422,0.04655647277832031,0.06171518564224243,-0.12838995456695557,0.034282386302948,0.04831510782241821,-0.11904710531234741
0.0,0.0,0.0,-0.054808199405670166,0.0228731632232666,-0.047836579382419586,-0.11349910497665405,0.026293516159057617,-0.08762277662754059,-0.11518418788909912,0.043794870376586914,-0.12344366312026978,-0.07578164339065552,0.04071706533432007,-0.1534688025712967,-0.0997917652130127,-0.16186201572418213,-0.08277685195207596,-0.11547660827636719,-0.19152146577835083,-0.13453084230422974,-0.10370486974716187,-0.18450790643692017,-0.15908803045749664,-0.08860725164413452,-0.18286025524139404,-0.17352673411369324,-0.03987622261047363,-0.20590031147003174,-0.08127106726169586,-0.04911911487579346,-0.05383199453353882,-0.1327631175518036,-0.052443861961364746,0.04175066947937012,-0.13675633072853088,-0.05254000425338745,0.03577154874801636,-0.1341591626405716,0.01745164394378662,-0.19000720977783203,-0.08488349616527557,0.010260820388793945,-0.0043811798095703125,-0.13417239487171173,-0.0017725229263305664,0.07628154754638672,-0.12039544433355331,-0.008943617343902588,0.060873985290527344,-0.10429894179105759,0.07088404893875122,-0.1500205397605896,-0.09369443356990814,0.06351560354232788,0.00482487678527832,-0.13287773728370667,0.046080827713012695,0.07020550966262817,-0.12961049377918243,0.033118247985839844,0.05703604221343994,-0.11962347477674484
0.0,0.0,0.0,-0.05485481023788452,0.02307271957397461,-0.0476236455142498,-0.11367189884185791,0.02625095844268799,-0.08653537184000015,-0.11532741785049438,0.044277846813201904,-0.12128777801990509,-0.07527655363082886,0.041726529598236084,-0.1504671424627304,-0.0995451807975769,-0.1589990258216858,-0.08232440799474716,-0.1154780387878418,-0.18497192859649658,-0.1335565447807312,-0.10394394397735596,-0.18172967433929443,-0.15826503932476044,-0.08782672882080078,-0.1847243309020996,-0.17309509217739105,-0.03966420888900757,-0.20469367504119873,-0.08044776320457458,-0.0470353364944458,-0.053086280822753906,-0.13133089244365692,-0.050166428089141846,0.03986018896102905,-0.13499315083026886,-0.050025224685668945,0.03265047073364258,-0.1322714388370514,0.017917513847351074,-0.19005745649337769,-0.08367238938808441,0.012955427169799805,-0.005854964256286621,-0.13288778066635132,0.00039756298065185547,0.07416582107543945,-0.11922924220561981,-0.00726473331451416,0.059021830558776855,-0.10311189293861389,0.07169085741043091,-0.15151745080947876,-0.09206686168909073,0.06587344408035278,0.0027241110801696777,-0.1318727731704712,0.04763895273208618,0.06810635328292847,-0.1293099820613861,0.033825814723968506,0.05562424659729004,-0.11975076049566269
0.0,0.0,0.0,-0.05552387237548828,0.02467823028564453,-0.04786482825875282,-0.11476057767868042,0.029026806354522705,-0.08669077605009079,-0.11663949489593506,0.04316520690917969,-0.12110626697540283,-0.07683300971984863,0.035790443420410156,-0.1497592329978943,-0.1031603217124939,-0.15968483686447144,-0.08355644345283508,-0.11971449851989746,-0.18718582391738892,-0.1338331401348114,-0.10635226964950562,-0.18956947326660156,-0.15696735680103302,-0.08832114934921265,-0.19471830129623413,-0.17073121666908264,-0.04293864965438843,-0.20855480432510376,-0.08141923695802689,-0.04993999004364014,-0.05530291795730591,-0.13200458884239197,-0.05111205577850342,0.03653156757354736,-0.13467082381248474,-0.05026650428771973,0.031531333923339844,-0.13115951418876648,0.015314936637878418,-0.19556176662445068,-0.0842694416642189,0.010176539421081543,-0.011805236339569092,-0.13401876389980316,-0.001107633113861084,0.06727051734924316,-0.11976119130849838,-0.008392035961151123,0.05428767204284668,-0.10304542630910873,0.06968706846237183,-0.15752869844436646,-0.09220312535762787,0.0641908049583435,-0.003882884979248047,-0.13316701352596283,0.047030627727508545,0.060926198959350586,-0.13088488578796387,0.03354454040527344,0.049998581409454346,-0.12117847055196762
0.0,0.0,0.0,-0.056357741355895996,0.019813477993011475,-0.04794084280729294,-0.11751878261566162,0.022449195384979248,-0.08667681366205215,-0.12055689096450806,0.03367936611175537,-0.12127112597227097,-0.07985073328018188,0.026642680168151855,-0.1495051085948944,-0.10496944189071655,-0.1701069474220276,-0.08123606443405151,-0.12334316968917847,-0.19651657342910767,-0.13192567229270935,-0.11099249124526978,-0.1959250569343567,-0.15402883291244507,-0.09373170137405396,-0.20147454738616943,-0.16687016189098358,-0.04411691427230835,-0.21848315000534058,-0.07918712496757507,-0.05573397874832153,-0.06639516353607178,-0.1300659030675888,-0.05675649642944336,0.027477681636810303,-0.13183626532554626,-0.05514305830001831,0.019644320011138916,-0.12755045294761658,0.014301300048828125,-0.20380651950836182,-0.08253345638513565,0.005592048168182373,-0.022276341915130615,-0.13360798358917236,-0.005470991134643555,0.05943840742111206,-0.11916936933994293,-0.012373685836791992,0.04636889696121216,-0.10201223194599152,0.06827843189239502,-0.1625928282737732,-0.09096238017082214,0.06121194362640381,-0.00920647382736206,-0.13311108946800232,0.04330134391784668,0.056010305881500244,-0.1316996067762375,0.029060184955596924,0.045110881328582764,-0.1224796399474144
0.0,0.0,0.0,-0.0577012300491333,0.020419061183929443,-0.04659038037061691,-0.11913758516311646,0.01849365234375,-0.0844755545258522,-0.12342488765716553,0.030904769897460938,-0.11862218379974365,-0.08310729265213013,0.025495171546936035,-0.14605098962783813,-0.10679745674133301,-0.17418700456619263,-0.07928466796875,-0.12577390670776367,-0.2075786590576172,-0.13087999820709229,-0.11445778608322144,-0.2074277400970459,-0.15223664045333862,-0.09874647855758667,-0.2129833698272705,-0.16395165026187897,-0.0473252534866333,-0.22366392612457275,-0.07753948122262955,-0.05971884727478027,-0.06891167163848877,-0.12912724912166595,-0.061656296253204346,0.03166067600250244,-0.12939347326755524,-0.06020045280456543,0.021008670330047607,-0.12350235134363174,0.010533928871154785,-0.20849937200546265,-0.08134160190820694,0.0049443840980529785,-0.02520674467086792,-0.13375689089298248,-0.007878601551055908,0.06079232692718506,-0.11778860539197922,-0.015629112720489502,0.04316645860671997,-0.09911251068115234,0.06442230939865112,-0.16627198457717896,-0.09001671522855759,0.06049710512161255,-0.015766918659210205,-0.133032888174057,0.041746437549591064,0.053471148014068604,-0.1307756006717682,0.027281522750854492,0.04109841585159302,-0.1207544282078743
0.0,0.0,0.0,-0.057339251041412354,0.020860016345977783,-0.0458064079284668,-0.11867719888687134,0.019170701503753662,-0.08342381566762924,-0.12334156036376953,0.031314969062805176,-0.11743051558732986,-0.08360111713409424,0.024464666843414307,-0.1450311839580536,-0.10646027326583862,-0.17193490266799927,-0.07833726704120636,-0.1253269910812378,-0.2035490870475769,-0.12974441051483154,-0.11426007747650146,-0.20512503385543823,-0.1522108018398285,-0.09836047887802124,-0.21412146091461182,-0.16511814296245575,-0.047061800956726074,-0.2216435670852661,-0.07707033306360245,-0.05796891450881958,-0.0676887035369873,-0.12841737270355225,-0.05934572219848633,0.031096279621124268,-0.12974432110786438,-0.05743908882141113,0.019985616207122803,-0.124973364174366,0.01087576150894165,-0.20692312717437744,-0.08125356584787369,0.004923403263092041,-0.02411782741546631,-0.13290126621723175,-0.007117152214050293,0.059614717960357666,-0.11795338988304138,-0.014061808586120605,0.04102402925491333,-0.10047274082899094,0.06528329849243164,-0.16567033529281616,-0.09024538844823837,0.06079113483428955,-0.01481252908706665,-0.13224183022975922,0.04209071397781372,0.053022682666778564,-0.13016724586486816,0.027678370475769043,0.03963625431060791,-0.12076353281736374
0.0,0.0,0.0,-0.05471700429916382,0.01880800724029541,-0.04680069163441658,-0.11624926328659058,0.014568805694580078,-0.0849628746509552,-0.12219077348709106,0.02837848663330078,-0.11935879290103912,-0.08218604326248169,0.025966644287109375,-0.14679157733917236,-0.10192137956619263,-0.1768452525138855,-0.07971343398094177,-0.12484085559844971,-0.20571118593215942,-0.13213269412517548,-0.11451584100723267,-0.1977708339691162,-0.1534334421157837,-0.09881895780563354,-0.2001609206199646,-0.1646185964345932,-0.043788254261016846,-0.2222025990486145,-0.07797791808843613,-0.05891484022140503,-0.06773054599761963,-0.13006699085235596,-0.060762226581573486,0.03191030025482178,-0.1298464983701706,-0.05852729082107544,0.017055869102478027,-0.1230897456407547,0.012689948081970215,-0.20451956987380981,-0.08181983977556229,0.00461423397064209,-0.02039933204650879,-0.1340859979391098,-0.008250713348388672,0.06613963842391968,-0.11668524891138077,-0.01507645845413208,0.046473026275634766,-0.09642614424228668,0.06554418802261353,-0.1612941026687622,-0.09070297330617905,0.05921041965484619,-0.011602997779846191,-0.13289955258369446,0.04007720947265625,0.05764412879943848,-0.12930740416049957,0.026399195194244385,0.043689727783203125,-0.11783462017774582
0.0,0.0,0.0,-0.05367600917816162,0.01806122064590454,-0.046575214713811874,-0.11414861679077148,0.012728095054626465,-0.084859699010849,-0.11972779035568237,0.022169053554534912,-0.11922246962785721,-0.07952791452407837,0.0183832049369812,-0.14663971960544586,-0.09998446702957153,-0.17796069383621216,-0.07894648611545563,-0.12096935510635376,-0.2025194764137268,-0.13130804896354675,-0.11174052953720093,-0.1938610076904297,-0.15256565809249878,-0.09878474473953247,-0.1983325481414795,-0.16375970840454102,-0.04262661933898926,-0.22327345609664917,-0.0771859884262085,-0.056221842765808105,-0.07675391435623169,-0.1292203813791275,-0.057970285415649414,0.02673119306564331,-0.12921732664108276,-0.05640113353729248,0.014109969139099121,-0.1225956603884697,0.01349794864654541,-0.20581430196762085,-0.08094211667776108,0.006428956985473633,-0.026978492736816406,-0.13392148911952972,-0.006676793098449707,0.06308943033218384,-0.11811608821153641,-0.014128923416137695,0.04369097948074341,-0.09893248975276947,0.06676417589187622,-0.16314804553985596,-0.0894327461719513,0.06150329113006592,-0.01610463857650757,-0.13144534826278687,0.042201876640319824,0.05449265241622925,-0.12854695320129395,0.027702152729034424,0.03942340612411499,-0.11803125590085983
0.0,0.0,0.0,-0.053595662117004395,0.01973593235015869,-0.04517705366015434,-0.11399292945861816,0.016852378845214844,-0.08247723430395126,-0.1199105978012085,0.031746506690979004,-0.11599161475896835,-0.0798606276512146,0.03264975547790527,-0.14286717772483826,-0.09845352172851562,-0.1681249737739563,-0.07882823050022125,-0.11741811037063599,-0.1884678602218628,-0.12885139882564545,-0.10867804288864136,-0.1767154335975647,-0.14957211911678314,-0.09669160842895508,-0.17885416746139526,-0.1611642986536026,-0.040957868099212646,-0.2124168872833252,-0.07753884047269821,-0.055159687995910645,-0.06365007162094116,-0.12660805881023407,-0.05532902479171753,0.035613179206848145,-0.1269533783197403,-0.05229997634887695,0.025794625282287598,-0.12192170321941376,0.01472175121307373,-0.19499719142913818,-0.08126367628574371,0.00587230920791626,-0.015415430068969727,-0.13085417449474335,-0.006559550762176514,0.07005375623703003,-0.11511384695768356,-0.012534677982330322,0.05115145444869995,-0.09738847613334656,0.06720727682113647,-0.15214979648590088,-0.08979854732751846,0.06008356809616089,-0.0019865036010742188,-0.12969955801963806,0.04087454080581665,0.06619209051132202,-0.12648604810237885,0.027639269828796387,0.050936996936798096,-0.11661086231470108
0.0,0.0,0.0,-0.053960323333740234,0.02410423755645752,-0.04641513153910637,-0.1145828366279602,0.028472959995269775,-0.08473137021064758,-0.11926329135894775,0.05318307876586914,-0.11912689357995987,-0.0781293511390686,0.05928540229797363,-0.14781856536865234,-0.09745723009109497,-0.1502399444580078,-0.08214113116264343,-0.11821621656417847,-0.16335034370422363,-0.1302904635667801,-0.10973405838012695,-0.15585863590240479,-0.15203990042209625,-0.0950930118560791,-0.15802079439163208,-0.1652519404888153,-0.038004159927368164,-0.19576126337051392,-0.08048225939273834,-0.052038371562957764,-0.03826320171356201,-0.1277344822883606,-0.0514373779296875,0.0524294376373291,-0.12946201860904694,-0.04696768522262573,0.04701423645019531,-0.1264648586511612,0.018557846546173096,-0.1790807843208313,-0.08347442001104355,0.005602657794952393,0.0075757503509521484,-0.13014906644821167,-0.006157338619232178,0.08533406257629395,-0.1156545877456665,-0.011398732662200928,0.07047748565673828,-0.0998491495847702,0.0713430643081665,-0.13742756843566895,-0.0915367528796196,0.0590704083442688,0.0161440372467041,-0.12932129204273224,0.04039573669433594,0.07843261957168579,-0.1262989342212677,0.02818542718887329,0.06519615650177002,-0.11724100261926651
0.0,0.0,0.0,-0.05463838577270508,0.02601677179336548,-0.045761626213788986,-0.11564469337463379,0.02903282642364502,-0.08462168276309967,-0.11843550205230713,0.053586721420288086,-0.119939886033535,-0.07536035776138306,0.06307697296142578,-0.1497652381658554,-0.09770047664642334,-0.1469365954399109,-0.08190653473138809,-0.11738407611846924,-0.1623159646987915,-0.12933333218097687,-0.10850745439529419,-0.15137755870819092,-0.1511862426996231,-0.09326910972595215,-0.1491764783859253,-0.16492265462875366,-0.03769642114639282,-0.19223564863204956,-0.08127932250499725,-0.047667860984802246,-0.03272056579589844,-0.128254234790802,-0.04987537860870361,0.060267090797424316,-0.131386861205101,-0.04732799530029297,0.05471229553222656,-0.13026823103427887,0.018953919410705566,-0.17531782388687134,-0.08499550074338913,0.009992837905883789,0.011277616024017334,-0.13135084509849548,-0.0049399733543396,0.09153354167938232,-0.11825952678918839,-0.012618720531463623,0.07696115970611572,-0.10435516387224197,0.07167291641235352,-0.13307899236679077,-0.09368327260017395,0.0630335807800293,0.0204160213470459,-0.13058440387248993,0.0426868200302124,0.08506894111633301,-0.12717464566230774,0.02857840061187744,0.07266080379486084,-0.11871692538261414
0.0,0.0,0.0,-0.056299805641174316,0.021986842155456543,-0.04512282833456993,-0.1186407208442688,0.01735377311706543,-0.08270657807588577,-0.12424665689468384,0.024494051933288574,-0.11674956232309341,-0.08302128314971924,0.01999831199645996,-0.14402979612350464,-0.10344588756561279,-0.17098093032836914,-0.07845644652843475,-0.12459224462509155,-0.19294440746307373,-0.1272323578596115,-0.11293840408325195,-0.1774836778640747,-0.146352156996727,-0.09690850973129272,-0.1769195795059204,-0.15710611641407013,-0.044802069664001465,-0.21527349948883057,-0.0772036761045456,-0.054523587226867676,-0.06907421350479126,-0.12519846856594086,-0.05645722150802612,0.03600198030471802,-0.12396769225597382,-0.054895997047424316,0.02510857582092285,-0.11841921508312225,0.01115870475769043,-0.19801175594329834,-0.08089778572320938,0.005140900611877441,-0.027681291103363037,-0.13066381216049194,-0.010226786136627197,0.06560301780700684,-0.11380230635404587,-0.018960118293762207,0.050373852252960205,-0.09568437933921814,0.06318682432174683,-0.1540929079055786,-0.08920921385288239,0.058356642723083496,-0.011680126190185547,-0.12875095009803772,0.03839313983917236,0.059828877449035645,-0.12443827837705612,0.02360004186630249,0.046942710876464844,-0.114239901304245
0.0,0.0,0.0,-0.05255502462387085,0.008262157440185547,-0.042636554688215256,-0.1123315691947937,-0.00441133975982666,-0.07864832878112793,-0.11918622255325317,-0.0036594271659851074,-0.1114417314529419,-0.08017534017562866,-0.008103132247924805,-0.13840211927890778,-0.09839504957199097,-0.19608241319656372,-0.07310555875301361,-0.1180693507194519,-0.20818078517913818,-0.11975203454494476,-0.1073792576789856,-0.20249229669570923,-0.14044637978076935,-0.09267854690551758,-0.2198619246482849,-0.1534402072429657,-0.04010045528411865,-0.23844701051712036,-0.07239837944507599,-0.053731679916381836,-0.10903197526931763,-0.11698063462972641,-0.05545860528945923,-0.007804512977600098,-0.11798073351383209,-0.05299478769302368,-0.0161399245262146,-0.11470235884189606,0.015912294387817383,-0.22039473056793213,-0.07618656009435654,0.0069258809089660645,-0.05540347099304199,-0.12405706942081451,-0.00785982608795166,0.036469221115112305,-0.11079983413219452,-0.014622986316680908,0.022655487060546875,-0.09524701535701752,0.06787139177322388,-0.1762484908103943,-0.08408644795417786,0.061224281787872314,-0.037423014640808105,-0.1201237365603447,0.04100733995437622,0.032135009765625,-0.11603652685880661,0.027525484561920166,0.018710017204284668,-0.10679291933774948
0.0,0.0,0.0,-0.05708593130111694,0.011389732360839844,-0.042599115520715714,-0.11752969026565552,0.002808690071105957,-0.07774055749177933,-0.12162935733795166,0.0025302767753601074,-0.10999811440706253,-0.08262640237808228,-0.008124947547912598,-0.13594499230384827,-0.10619819164276123,-0.1895495057106018,-0.07166124880313873,-0.12425398826599121,-0.2204047441482544,-0.12054404616355896,-0.11200076341629028,-0.2205716371536255,-0.14140920341014862,-0.0962904691696167,-0.23234623670578003,-0.1532299518585205,-0.04810333251953125,-0.23859113454818726,-0.07086910307407379,-0.060517966747283936,-0.09339427947998047,-0.11930182576179504,-0.06238359212875366,0.0038870573043823242,-0.1200442761182785,-0.062061846256256104,-0.006856083869934082,-0.11510301381349564,0.008423924446105957,-0.22368192672729492,-0.07534779608249664,0.0008785128593444824,-0.04973912239074707,-0.12689152359962463,-0.010531246662139893,0.03889012336730957,-0.11352915316820145,-0.017840921878814697,0.02636706829071045,-0.09669211506843567,0.06127649545669556,-0.18193352222442627,-0.08407147973775864,0.056221187114715576,-0.03879404067993164,-0.12531223893165588,0.03880178928375244,0.03140056133270264,-0.12361336499452591,0.024851083755493164,0.023020505905151367,-0.1144786849617958
0.0,0.0,0.0,-0.058666765689849854,0.012166261672973633,-0.04720145836472511,-0.12255102396011353,0.00908881425857544,-0.08628639578819275,-0.1251707673072815,0.009772419929504395,-0.122168630361557,-0.08399909734725952,0.0037801265716552734,-0.15101411938667297,-0.10452282428741455,-0.1854645013809204,-0.07608052343130112,-0.12510567903518677,-0.20618993043899536,-0.12324859946966171,-0.11333328485488892,-0.19597268104553223,-0.13904394209384918,-0.09758096933364868,-0.20078718662261963,-0.14673572778701782,-0.046201348304748535,-0.22678720951080322,-0.07407181710004807,-0.06600654125213623,-0.07870560884475708,-0.1212756484746933,-0.06586605310440063,0.020529329776763916,-0.11810236424207687,-0.06205040216445923,0.008299112319946289,-0.10972663015127182,0.009729325771331787,-0.2112080454826355,-0.07764284312725067,-0.004885852336883545,-0.043843865394592285,-0.12608882784843445,-0.012416243553161621,0.0422438383102417,-0.10730081796646118,-0.016423165798187256,0.03311586380004883,-0.08656191825866699,0.06151968240737915,-0.16905999183654785,-0.08645623922348022,0.05238151550292969,-0.03505551815032959,-0.12471500784158707,0.036695659160614014,0.03268277645111084,-0.11947067826986313,0.023978114128112793,0.02749234437942505,-0.10706485062837601
0.0,0.0,0.0,-0.051473796367645264,0.021685421466827393,-0.04695839434862137,-0.10831379890441895,0.022906720638275146,-0.08613526076078415,-0.11093497276306152,0.033744215965270996,-0.12215511500835419,-0.072887122631073,0.028874516487121582,-0.1523531675338745,-0.0923190712928772,-0.1563146710395813,-0.07762584090232849,-0.11123067140579224,-0.1932784914970398,-0.127324640750885,-0.10150915384292603,-0.18492186069488525,-0.14859668910503387,-0.08694559335708618,-0.1778181791305542,-0.15970057249069214,-0.03598660230636597,-0.19948548078536987,-0.07564765959978104,-0.048774898052215576,-0.0627250075340271,-0.12489189207553864,-0.04937106370925903,0.03935915231704712,-0.12549449503421783,-0.046016156673431396,0.04418700933456421,-0.11947456002235413,0.0180208683013916,-0.18494778871536255,-0.07915438711643219,0.006700754165649414,-0.02125924825668335,-0.12851136922836304,-0.0014159083366394043,0.06582283973693848,-0.11268814653158188,-0.004821658134460449,0.06290692090988159,-0.09385192394256592,0.06858193874359131,-0.14715123176574707,-0.08764176070690155,0.06005561351776123,-0.010045528411865234,-0.12559862434864044,0.04639202356338501,0.057199716567993164,-0.12074902653694153,0.037019968032836914,0.05195415019989014,-0.10894063860177994
0.0,0.0,0.0,-0.05238640308380127,0.01610773801803589,-0.048554372042417526,-0.11213147640228271,0.012934565544128418,-0.08838529884815216,-0.11699289083480835,0.012289881706237793,-0.12466613948345184,-0.07858520746231079,0.002027750015258789,-0.154476597905159,-0.0967976450920105,-0.1773427128791809,-0.07687366008758545,-0.11658883094787598,-0.20069903135299683,-0.12727437913417816,-0.10756957530975342,-0.19591981172561646,-0.14605210721492767,-0.09380149841308594,-0.1961163878440857,-0.15405365824699402,-0.0399550199508667,-0.21814066171646118,-0.07454048097133636,-0.05614423751831055,-0.06909048557281494,-0.12521608173847198,-0.054585397243499756,0.025961875915527344,-0.12231598794460297,-0.04937398433685303,0.018619894981384277,-0.11125636100769043,0.015063881874084473,-0.20201486349105835,-0.07840528339147568,0.00036656856536865234,-0.03539758920669556,-0.12859509885311127,-0.0038003921508789062,0.04170823097229004,-0.10807915776968002,-0.004455924034118652,0.032343268394470215,-0.08382441848516464,0.06549680233001709,-0.16251391172409058,-0.08762369304895401,0.05416607856750488,-0.0308607816696167,-0.1279529482126236,0.042649924755096436,0.031007230281829834,-0.12153856456279755,0.035379767417907715,0.02579665184020996,-0.1058998554944992
0.0,0.0,0.0,-0.05475962162017822,0.017089903354644775,-0.04598929360508919,-0.11623471975326538,0.013723313808441162,-0.08369812369346619,-0.12249284982681274,0.011014282703399658,-0.11812730878591537,-0.08437913656234741,-0.0010401606559753418,-0.14637532830238342,-0.10195797681808472,-0.17714440822601318,-0.0737348273396492,-0.1201677918434143,-0.2024654746055603,-0.12120220065116882,-0.11135536432266235,-0.19809800386428833,-0.13938400149345398,-0.09865683317184448,-0.20297956466674805,-0.14832881093025208,-0.045716822147369385,-0.22177016735076904,-0.07232099026441574,-0.06198221445083618,-0.06971412897109985,-0.1199842020869255,-0.05994981527328491,0.026102066040039062,-0.11741609871387482,-0.054388999938964844,0.020356416702270508,-0.10813470184803009,0.009182631969451904,-0.20730918645858765,-0.07668252289295197,-0.004292428493499756,-0.03914684057235718,-0.12332580238580704,-0.01003342866897583,0.03783226013183594,-0.10298366099596024,-0.011202692985534668,0.029158294200897217,-0.08065662533044815,0.05987656116485596,-0.16784971952438354,-0.08647985011339188,0.04950714111328125,-0.030895233154296875,-0.1250818520784378,0.037212073802948,0.031015217304229736,-0.11931081116199493,0.029661238193511963,0.024953782558441162,-0.105379618704319
0.0,0.0,0.0,-0.054830074310302734,0.0167577862739563,-0.04641362279653549,-0.11435705423355103,0.014392495155334473,-0.0845055803656578,-0.1210293173789978,0.011085867881774902,-0.11923705041408539,-0.08492988348007202,-0.002989649772644043,-0.14755478501319885,-0.10173648595809937,-0.1747678518295288,-0.0739397257566452,-0.12053394317626953,-0.1992959976196289,-0.12066339701414108,-0.11186540126800537,-0.19599932432174683,-0.1369798481464386,-0.0997157096862793,-0.19701093435287476,-0.14440464973449707,-0.04584544897079468,-0.21899497509002686,-0.07205158472061157,-0.06260347366333008,-0.07121360301971436,-0.1192253902554512,-0.061865150928497314,0.028833508491516113,-0.11554571986198425,-0.056850552558898926,0.027021408081054688,-0.10537848621606827,0.008417963981628418,-0.204703688621521,-0.07589374482631683,-0.004356682300567627,-0.040476858615875244,-0.12382207065820694,-0.011752963066101074,0.038820743560791016,-0.10344294458627701,-0.014704287052154541,0.03119075298309326,-0.0807071253657341,0.05837273597717285,-0.16438281536102295,-0.08488809317350388,0.049305737018585205,-0.030880391597747803,-0.12423451244831085,0.03547370433807373,0.03202629089355469,-0.11830791085958481,0.025625884532928467,0.026851117610931396,-0.10416562110185623
0.0,0.0,0.0,-0.05066603422164917,0.010698378086090088,-0.04420389607548714,-0.10932987928390503,0.009525895118713379,-0.0815889835357666,-0.11703187227249146,0.00456690788269043,-0.1158716157078743,-0.08294916152954102,-0.011774420738220215,-0.14443214237689972,-0.09848445653915405,-0.18891501426696777,-0.07011807709932327,-0.11665433645248413,-0.20822077989578247,-0.11532678455114365,-0.109763503074646,-0.21235471963882446,-0.13330307602882385,-0.10030204057693481,-0.22066766023635864,-0.14270628988742828,-0.0426175594329834,-0.23186975717544556,-0.0691211074590683,-0.06058371067047119,-0.09388834238052368,-0.11440818756818771,-0.060243964195251465,0.0020412206649780273,-0.11346054077148438,-0.05657154321670532,0.0005239248275756836,-0.10605128109455109,0.01138681173324585,-0.2166743278503418,-0.07351460307836533,-0.003376781940460205,-0.05651521682739258,-0.1202327087521553,-0.008377254009246826,0.024491727352142334,-0.1036035344004631,-0.0102006196975708,0.020327448844909668,-0.08388112485408783,0.06163942813873291,-0.17437821626663208,-0.08265677839517593,0.051755547523498535,-0.04970133304595947,-0.1201411634683609,0.03894132375717163,0.013250350952148438,-0.11505599319934845,0.028821706771850586,0.01086193323135376,-0.10239481180906296
0.0,0.0,0.0,-0.051680564880371094,0.007526397705078125,-0.044766396284103394,-0.11012709140777588,0.0023003816604614258,-0.08177390694618225,-0.11680525541305542,-0.0034301280975341797,-0.1158064752817154,-0.08123886585235596,-0.017986178398132324,-0.14399859309196472,-0.09712916612625122,-0.1970459222793579,-0.06831299513578415,-0.11605876684188843,-0.2215362787246704,-0.11403235048055649,-0.10859149694442749,-0.22486716508865356,-0.13199801743030548,-0.09824198484420776,-0.2296622395515442,-0.14084909856319427,-0.041045963764190674,-0.24071580171585083,-0.06730108708143234,-0.05960327386856079,-0.0972476601600647,-0.11414694786071777,-0.06030750274658203,-0.0024809837341308594,-0.113393135368824,-0.05707430839538574,-0.006114661693572998,-0.10516773164272308,0.01273125410079956,-0.22442609071731567,-0.07213182002305984,-0.0027790069580078125,-0.061173856258392334,-0.12009866535663605,-0.008156239986419678,0.017975926399230957,-0.10326356440782547,-0.009633302688598633,0.012805938720703125,-0.0825020894408226,0.0626227855682373,-0.18053323030471802,-0.08187150210142136,0.051730573177337646,-0.05410856008529663,-0.12090356647968292,0.03770589828491211,0.007721066474914551,-0.11619244515895844,0.02689915895462036,0.005943953990936279,-0.10284142941236496
0.0,0.0,0.0,-0.050924837589263916,0.012097716331481934,-0.04437465965747833,-0.10794788599014282,0.00839996337890625,-0.08068912476301193,-0.11530286073684692,0.0027284622192382812,-0.11434672027826309,-0.08117961883544922,-0.014701128005981445,-0.14271163940429688,-0.09624814987182617,-0.19397324323654175,-0.06513363122940063,-0.11471247673034668,-0.216652512550354,-0.11124297231435776,-0.10860782861709595,-0.219923198223114,-0.13130125403404236,-0.0982060432434082,-0.22734993696212769,-0.14174394309520721,-0.0409664511680603,-0.23748409748077393,-0.06454826891422272,-0.057169318199157715,-0.09564757347106934,-0.11071065068244934,-0.05851268768310547,-0.0004944801330566406,-0.11047065258026123,-0.05477052927017212,-0.003951370716094971,-0.10250938683748245,0.012710273265838623,-0.22065812349319458,-0.07007040828466415,-0.0002168416976928711,-0.05741065740585327,-0.11692328006029129,-0.007512807846069336,0.01903235912322998,-0.10001835227012634,-0.009231209754943848,0.011184215545654297,-0.07934476435184479,0.06189042329788208,-0.1770363450050354,-0.08063911646604538,0.052732229232788086,-0.04707258939743042,-0.11872366070747375,0.03800821304321289,0.012843132019042969,-0.11374732851982117,0.02813035249710083,0.008763670921325684,-0.10028181970119476
0.0,0.0,0.0,-0.05065476894378662,0.01588118076324463,-0.042793333530426025,-0.10703247785568237,0.014822125434875488,-0.07795801758766174,-0.11447083950042725,0.010722577571868896,-0.11075332015752792,-0.08141839504241943,-0.006978154182434082,-0.13867691159248352,-0.0955161452293396,-0.18667733669281006,-0.0634693056344986,-0.113350510597229,-0.20905524492263794,-0.10885568708181381,-0.10769832134246826,-0.21081358194351196,-0.1294846385717392,-0.09705263376235962,-0.22039926052093506,-0.14081037044525146,-0.040459275245666504,-0.22946548461914062,-0.0639137476682663,-0.05687612295150757,-0.08513635396957397,-0.10985200852155685,-0.05862891674041748,0.010852694511413574,-0.11042064428329468,-0.0545191764831543,0.007341206073760986,-0.10335397720336914,0.01310497522354126,-0.21213436126708984,-0.0702541172504425,0.0007225871086120605,-0.048081398010253906,-0.11678779870271683,-0.007390737533569336,0.029947400093078613,-0.09997227042913437,-0.009042024612426758,0.023058176040649414,-0.0796176865696907,0.06194370985031128,-0.16846466064453125,-0.08157829195261002,0.05329465866088867,-0.036110520362854004,-0.11958877742290497,0.0384100079536438,0.025791525840759277,-0.11440340429544449,0.02914595603942871,0.02288055419921875,-0.10096260905265808
0.0,0.0,0.0,-0.052491843700408936,0.014793813228607178,-0.044380590319633484,-0.11278003454208374,0.01273435354232788,-0.08103173226118088,-0.12072104215621948,0.007741451263427734,-0.11432600766420364,-0.08478444814682007,-0.008336544036865234,-0.1416061520576477,-0.10103386640548706,-0.1752932071685791,-0.07114937156438828,-0.11808669567108154,-0.19719058275222778,-0.11669521033763885,-0.11070311069488525,-0.20366638898849487,-0.1340847909450531,-0.10104423761367798,-0.2167695164680481,-0.14347173273563385,-0.045584261417388916,-0.22349786758422852,-0.06979260593652725,-0.06346267461776733,-0.08223575353622437,-0.11611100286245346,-0.062178969383239746,0.016540050506591797,-0.11475300043821335,-0.05712229013442993,0.012909650802612305,-0.10736393183469772,0.008646667003631592,-0.21167713403701782,-0.07379830628633499,-0.00460439920425415,-0.04629385471343994,-0.1211819127202034,-0.011690318584442139,0.03538036346435547,-0.10453035682439804,-0.014599919319152832,0.026200413703918457,-0.08543434739112854,0.059606850147247314,-0.17223137617111206,-0.08260326087474823,0.050024211406707764,-0.037860870361328125,-0.12113596498966217,0.03444015979766846,0.026039719581604004,-0.11740303784608841,0.022302687168121338,0.019331634044647217,-0.10625219345092773
0.0,0.0,0.0,-0.05309271812438965,0.01444464921951294,-0.04559928551316261,-0.11342442035675049,0.013416945934295654,-0.08400126546621323,-0.1191110610961914,0.010703623294830322,-0.11936672776937485,-0.08173167705535889,-0.002265334129333496,-0.1487913280725479,-0.09847450256347656,-0.18188828229904175,-0.07091297209262848,-0.11595338582992554,-0.20101594924926758,-0.11702979356050491,-0.10855650901794434,-0.20195239782333374,-0.13395002484321594,-0.09879869222640991,-0.2115710973739624,-0.14242181181907654,-0.04263770580291748,-0.2245875597000122,-0.06995455920696259,-0.06087493896484375,-0.08453404903411865,-0.1165844202041626,-0.06235480308532715,0.01567310094833374,-0.11401616036891937,-0.05821883678436279,0.004225194454193115,-0.10520944744348526,0.011507093906402588,-0.2097628116607666,-0.07482539117336273,-0.0018546581268310547,-0.05054503679275513,-0.12225053459405899,-0.01053231954574585,0.03230351209640503,-0.10414043813943863,-0.013456463813781738,0.02061408758163452,-0.08361057192087173,0.061284780502319336,-0.16809618473052979,-0.08475273847579956,0.05146270990371704,-0.03900033235549927,-0.12276870012283325,0.03610110282897949,0.02418065071105957,-0.11790291965007782,0.025207996368408203,0.016060471534729004,-0.10566019266843796
0.0,0.0,0.0,-0.05448126792907715,0.010918676853179932,-0.04603958502411842,-0.11561459302902222,0.005341649055480957,-0.08399035036563873,-0.12382000684738159,-1.7881393432617188e-05,-0.11836819350719452,-0.0858106017112732,-0.012275099754333496,-0.14594735205173492,-0.10095345973968506,-0.18867218494415283,-0.07346882671117783,-0.12133049964904785,-0.20790886878967285,-0.11994978040456772,-0.11201053857803345,-0.20720314979553223,-0.1349630057811737,-0.09970098733901978,-0.21651381254196167,-0.14210091531276703,-0.045155227184295654,-0.23349976539611816,-0.07153211534023285,-0.06564712524414062,-0.08961904048919678,-0.1191842257976532,-0.06522321701049805,0.013791322708129883,-0.11513995379209518,-0.05895262956619263,0.007192075252532959,-0.10497458279132843,0.009186625480651855,-0.21921014785766602,-0.0752686858177185,-0.0062223076820373535,-0.04991573095321655,-0.12337314337491989,-0.014825165271759033,0.03256767988204956,-0.10405870527029037,-0.017281711101531982,0.018809974193572998,-0.08257077634334564,0.05955249071121216,-0.17771142721176147,-0.08407528698444366,0.047687530517578125,-0.03953176736831665,-0.12235142290592194,0.03199666738510132,0.024253368377685547,-0.11767005175352097,0.02179199457168579,0.012534677982330322,-0.10542174428701401
0.0,0.0,0.0,-0.05621379613876343,0.012005209922790527,-0.04368506744503975,-0.11618655920028687,0.0016719698905944824,-0.07967869192361832,-0.12200099229812622,-0.002530217170715332,-0.11223956197500229,-0.08494973182678223,-0.014668822288513184,-0.13842928409576416,-0.10252177715301514,-0.1924085021018982,-0.07296484708786011,-0.12188386917114258,-0.22012317180633545,-0.11877528578042984,-0.11135208606719971,-0.22146809101104736,-0.13542287051677704,-0.09731459617614746,-0.22941738367080688,-0.14412882924079895,-0.04542654752731323,-0.23877376317977905,-0.07166154682636261,-0.06473702192306519,-0.09866118431091309,-0.11732739210128784,-0.06526696681976318,0.004292607307434082,-0.11480139940977097,-0.06013953685760498,0.0026129484176635742,-0.10684389621019363,0.009915590286254883,-0.22371578216552734,-0.07540153712034225,-0.0041741132736206055,-0.05309629440307617,-0.12259001284837723,-0.014007389545440674,0.03366553783416748,-0.10443788021802902,-0.017384350299835205,0.024914145469665527,-0.0843714103102684,0.06137198209762573,-0.18098032474517822,-0.0839242935180664,0.05078500509262085,-0.042475223541259766,-0.12224595993757248,0.03360849618911743,0.0257493257522583,-0.11743687838315964,0.022141695022583008,0.018395066261291504,-0.10545840859413147
0.0,0.0,0.0,-0.05553466081619263,0.018439114093780518,-0.04427992179989815,-0.11595863103866577,0.014429211616516113,-0.08176051080226898,-0.12118834257125854,0.021763920783996582,-0.11622761189937592,-0.08334881067276001,0.017469942569732666,-0.14485125243663788,-0.10013765096664429,-0.16778665781021118,-0.07479119300842285,-0.115730881690979,-0.20098334550857544,-0.12091395258903503,-0.1064034104347229,-0.19993233680725098,-0.13923856616020203,-0.09390079975128174,-0.19934314489364624,-0.1493285596370697,-0.043488264083862305,-0.21307110786437988,-0.07392504066228867,-0.05728834867477417,-0.06985831260681152,-0.12030084431171417,-0.059548914432525635,0.032484591007232666,-0.11959415674209595,-0.05676758289337158,0.032232463359832764,-0.11352166533470154,0.011915028095245361,-0.19866734743118286,-0.07802652567625046,0.0018908381462097168,-0.029169559478759766,-0.1249232292175293,-0.008355379104614258,0.05648547410964966,-0.10846935212612152,-0.012979626655578613,0.04718780517578125,-0.09043694287538528,0.06358832120895386,-0.15885746479034424,-0.08691437542438507,0.054915666580200195,-0.01482158899307251,-0.12430336326360703,0.038216352462768555,0.052289605140686035,-0.11964696645736694,0.02705204486846924,0.04257464408874512,-0.10869927704334259
0.0,0.0,0.0,-0.05723679065704346,0.017669320106506348,-0.04911622405052185,-0.11972332000732422,0.014209508895874023,-0.08932075649499893,-0.12493723630905151,0.02019280195236206,-0.12544377148151398,-0.08497220277786255,0.015160322189331055,-0.15495912730693817,-0.1002911925315857,-0.17023032903671265,-0.08400660008192062,-0.11987930536270142,-0.1979280710220337,-0.13258983194828033,-0.10979807376861572,-0.1959233283996582,-0.1492549031972885,-0.09578412771224976,-0.19770807027816772,-0.15723487734794617,-0.04217487573623657,-0.21447664499282837,-0.08165308833122253,-0.05995476245880127,-0.06030958890914917,-0.13187353312969208,-0.06223791837692261,0.03809535503387451,-0.12856325507164001,-0.05899369716644287,0.0345228910446167,-0.11883559823036194,0.013745546340942383,-0.19837868213653564,-0.08466511219739914,0.0009186267852783203,-0.024269819259643555,-0.13475924730300903,-0.008973181247711182,0.05440473556518555,-0.11436015367507935,-0.01352924108505249,0.044525146484375,-0.09174381196498871,0.06471884250640869,-0.15736651420593262,-0.09304371476173401,0.05516552925109863,-0.014829456806182861,-0.13457493484020233,0.0389520525932312,0.04841494560241699,-0.12938198447227478,0.027399122714996338,0.04026353359222412,-0.11583037674427032
0.0,0.0,0.0,-0.05618518590927124,0.01758730411529541,-0.04784632474184036,-0.11818331480026245,0.018271327018737793,-0.08698631078004837,-0.12247961759567261,0.026266515254974365,-0.12243768572807312,-0.08199214935302734,0.024306178092956543,-0.15189316868782043,-0.10089260339736938,-0.17207032442092896,-0.0792798399925232,-0.11870443820953369,-0.18866640329360962,-0.12677592039108276,-0.11003857851028442,-0.18607383966445923,-0.1438833475112915,-0.09702855348587036,-0.18777596950531006,-0.1518973857164383,-0.04161602258682251,-0.21251100301742554,-0.07785899937152863,-0.05812430381774902,-0.054443955421447754,-0.1271369606256485,-0.06366682052612305,0.04245448112487793,-0.12439592182636261,-0.06297755241394043,0.037523627281188965,-0.1147058978676796,0.015464544296264648,-0.19469720125198364,-0.08189217001199722,0.0019459724426269531,-0.021486639976501465,-0.1315506398677826,-0.009899139404296875,0.05772089958190918,-0.11190348863601685,-0.01584780216217041,0.050391316413879395,-0.08936318755149841,0.06626778841018677,-0.15197426080703735,-0.09122562408447266,0.056574881076812744,-0.009232163429260254,-0.13289760053157806,0.03892797231674194,0.055256783962249756,-0.1276279091835022,0.02633655071258545,0.051375508308410645,-0.1135409027338028
0.0,0.0,0.0,-0.05602288246154785,0.016057074069976807,-0.047561485320329666,-0.11804395914077759,0.013871729373931885,-0.08656417578458786,-0.12261182069778442,0.021701812744140625,-0.12194398790597916,-0.08230066299438477,0.019706428050994873,-0.15098276734352112,-0.09901940822601318,-0.17402976751327515,-0.07890161871910095,-0.1181483268737793,-0.1931789517402649,-0.12637583911418915,-0.10946249961853027,-0.18967044353485107,-0.14246602356433868,-0.09663480520248413,-0.19097906351089478,-0.14965108036994934,-0.04070812463760376,-0.21372449398040771,-0.07738382369279861,-0.05922985076904297,-0.05556732416152954,-0.1268753558397293,-0.06271737813949585,0.041894495487213135,-0.12311608344316483,-0.06003469228744507,0.03437227010726929,-0.11240659654140472,0.01567530632019043,-0.19581466913223267,-0.0814250186085701,0.0012646317481994629,-0.021829724311828613,-0.13035151362419128,-0.008959710597991943,0.055687785148620605,-0.1093912124633789,-0.013515472412109375,0.045447587966918945,-0.08595506101846695,0.0662851333618164,-0.1534293293952942,-0.09087640047073364,0.05579036474227905,-0.01087266206741333,-0.13161960244178772,0.03903740644454956,0.05186980962753296,-0.12600825726985931,0.027471065521240234,0.044750869274139404,-0.11165423691272736
0.0,0.0,0.0,-0.05549556016921997,0.015717506408691406,-0.047750819474458694,-0.11654365062713623,0.01306915283203125,-0.08807437866926193,-0.12168169021606445,0.02104496955871582,-0.12505094707012177,-0.08375126123428345,0.016467154026031494,-0.15588945150375366,-0.09765082597732544,-0.17452079057693481,-0.08069407194852829,-0.11685222387313843,-0.2036939263343811,-0.1309821903705597,-0.10777801275253296,-0.1977730393409729,-0.15081359446048737,-0.09449374675750732,-0.19296932220458984,-0.16057129204273224,-0.03903573751449585,-0.21553713083267212,-0.07964891940355301,-0.05602210760116577,-0.06194627285003662,-0.13008597493171692,-0.058911144733428955,0.037790775299072266,-0.12819668650627136,-0.05572867393493652,0.03793466091156006,-0.11913562566041946,0.017166614532470703,-0.19618868827819824,-0.08416440337896347,0.0032058358192443848,-0.01954519748687744,-0.13310371339321136,-0.007613956928253174,0.057320237159729004,-0.11238660663366318,-0.01215428113937378,0.04610276222229004,-0.08950014412403107,0.06771528720855713,-0.15291941165924072,-0.09415610134601593,0.055973947048187256,-0.007393002510070801,-0.13371886312961578,0.039582133293151855,0.054499924182891846,-0.12697400152683258,0.029728055000305176,0.04439574480056763,-0.11217888444662094
0.0,0.0,0.0,-0.05437737703323364,0.01933079957962036,-0.0474962554872036,-0.1137881875038147,0.020260930061340332,-0.08750636130571365,-0.11777734756469727,0.035946547985076904,-0.12423102557659149,-0.07960814237594604,0.035359859466552734,-0.15484365820884705,-0.09489095211029053,-0.16327565908432007,-0.08098400384187698,-0.11393368244171143,-0.19115835428237915,-0.13114771246910095,-0.10498124361038208,-0.18467587232589722,-0.15129117667675018,-0.09158855676651001,-0.18045449256896973,-0.16172108054161072,-0.03732717037200928,-0.20530939102172852,-0.07982374727725983,-0.05307847261428833,-0.05329573154449463,-0.13010945916175842,-0.056780457496643066,0.04750192165374756,-0.1292693167924881,-0.05425757169723511,0.04686373472213745,-0.12192409485578537,0.018072068691253662,-0.18743103742599487,-0.08408525586128235,0.00635761022567749,-0.01161348819732666,-0.13363111019134521,-0.005958199501037598,0.0694471001625061,-0.11498229950666428,-0.011799454689025879,0.05802440643310547,-0.09428653120994568,0.06862086057662964,-0.145252525806427,-0.09363028407096863,0.05964934825897217,0.0004439353942871094,-0.1334066540002823,0.042000532150268555,0.06471401453018188,-0.12799975275993347,0.030769288539886475,0.05434763431549072,-0.11518938094377518
0.0,0.0,0.0,-0.05285555124282837,0.016356468200683594,-0.04716407135128975,-0.11196315288543701,0.016926944255828857,-0.08682917058467865,-0.11670571565628052,0.03896218538284302,-0.12316259741783142,-0.07805138826370239,0.04346734285354614,-0.1530970185995102,-0.09313589334487915,-0.16223281621932983,-0.08170561492443085,-0.1115715503692627,-0.1884392499923706,-0.13132095336914062,-0.10437697172164917,-0.18062251806259155,-0.1506342887878418,-0.09379720687866211,-0.17026925086975098,-0.16019807755947113,-0.03572821617126465,-0.2039177417755127,-0.08037620037794113,-0.052168965339660645,-0.044133543968200684,-0.1300031840801239,-0.05318361520767212,0.05293560028076172,-0.12909556925296783,-0.049735844135284424,0.05458950996398926,-0.12184081226587296,0.01965010166168213,-0.18509310483932495,-0.08430690318346024,0.006145656108856201,-0.003747105598449707,-0.13303431868553162,-0.003735363483428955,0.07512229681015015,-0.11417940258979797,-0.00852745771408081,0.06416016817092896,-0.09344130009412766,0.07027584314346313,-0.14214086532592773,-0.09352613240480423,0.059558212757110596,0.007573843002319336,-0.1332871913909912,0.0430452823638916,0.07005536556243896,-0.12799380719661713,0.03256028890609741,0.05869626998901367,-0.1151212826371193
0.0,0.0,0.0,-0.05641967058181763,0.01505589485168457,-0.046049319207668304,-0.11787587404251099,0.012482643127441406,-0.08510580658912659,-0.12118041515350342,0.03389263153076172,-0.12060573697090149,-0.08066684007644653,0.03962814807891846,-0.14955055713653564,-0.09629136323928833,-0.16694629192352295,-0.08076034486293793,-0.11368197202682495,-0.19279974699020386,-0.13105155527591705,-0.10570770502090454,-0.18237310647964478,-0.15159398317337036,-0.09528672695159912,-0.17617523670196533,-0.1624804586172104,-0.0377010703086853,-0.2083837389945984,-0.07968025654554367,-0.05362224578857422,-0.05665320158004761,-0.12908993661403656,-0.05585604906082153,0.04344892501831055,-0.12885022163391113,-0.05367326736450195,0.0401918888092041,-0.12298857420682907,0.018339455127716064,-0.18939357995986938,-0.08376922458410263,0.005655527114868164,-0.012548446655273438,-0.13219477236270905,-0.005941569805145264,0.07107651233673096,-0.11466474831104279,-0.011795520782470703,0.05762934684753418,-0.09575191140174866,0.06993836164474487,-0.14618104696273804,-0.09301269799470901,0.05938607454299927,0.0015003085136413574,-0.13226281106472015,0.040978431701660156,0.0674443244934082,-0.12784384191036224,0.028259575366973877,0.055591583251953125,-0.11665613949298859
0.0,0.0,0.0,-0.05793428421020508,0.016134798526763916,-0.046778056770563126,-0.12123531103134155,0.010230481624603271,-0.08612899482250214,-0.12451142072677612,0.029068052768707275,-0.12220386415719986,-0.0818711519241333,0.03513425588607788,-0.15187948942184448,-0.09809225797653198,-0.1691698431968689,-0.08184737712144852,-0.11597692966461182,-0.20120292901992798,-0.13190054893493652,-0.10780346393585205,-0.19448107481002808,-0.15131469070911407,-0.09570914506912231,-0.18647903203964233,-0.16101233661174774,-0.0386662483215332,-0.21243786811828613,-0.0807376578450203,-0.05549746751785278,-0.0490986704826355,-0.13088008761405945,-0.05678826570510864,0.04903221130371094,-0.12930230796337128,-0.0534244179725647,0.04614454507827759,-0.12161905318498611,0.018241941928863525,-0.1938191056251526,-0.08495519310235977,0.00328826904296875,-0.012688398361206055,-0.13359850645065308,-0.006266176700592041,0.06740576028823853,-0.11390452831983566,-0.01035308837890625,0.055814921855926514,-0.09283917397260666,0.07032948732376099,-0.15090054273605347,-0.09456193447113037,0.0578879714012146,-0.0028606653213500977,-0.13488899171352386,0.04138803482055664,0.06159895658493042,-0.1295492798089981,0.031073331832885742,0.051696836948394775,-0.11661940813064575
0.0,0.0,0.0,-0.059692203998565674,0.01698678731918335,-0.04854034632444382,-0.12525594234466553,0.010732114315032959,-0.08962833881378174,-0.13006055355072021,0.017754316329956055,-0.1271989345550537,-0.08714276552200317,0.017530202865600586,-0.1581607609987259,-0.10330021381378174,-0.1768409013748169,-0.0831494852900505,-0.1206514835357666,-0.20170289278030396,-0.13430389761924744,-0.11165893077850342,-0.19761496782302856,-0.15399254858493805,-0.09977090358734131,-0.20062357187271118,-0.1642415076494217,-0.04380679130554199,-0.2217245101928711,-0.08247122913599014,-0.05895477533340454,-0.06353306770324707,-0.13377799093723297,-0.059274911880493164,0.036440253257751465,-0.13118542730808258,-0.054801106452941895,0.03009510040283203,-0.12241794168949127,0.013727724552154541,-0.20406800508499146,-0.08745093643665314,0.00231015682220459,-0.02890181541442871,-0.13745367527008057,-0.007073163986206055,0.052429020404815674,-0.11568211019039154,-0.011403918266296387,0.041369736194610596,-0.09275206923484802,0.06639343500137329,-0.15999341011047363,-0.09814081341028214,0.05661213397979736,-0.015195488929748535,-0.13913869857788086,0.040538907051086426,0.04886913299560547,-0.13284197449684143,0.029269039630889893,0.03858780860900879,-0.11893097311258316
0.0,0.0,0.0,-0.05936157703399658,0.012986063957214355,-0.04675300791859627,-0.12287265062332153,0.005512118339538574,-0.08517929166555405,-0.12813794612884521,0.021120309829711914,-0.11999192088842392,-0.08510911464691162,0.027326107025146484,-0.14785191416740417,-0.10127896070480347,-0.17570829391479492,-0.08172066509723663,-0.11894428730010986,-0.19836413860321045,-0.1303735226392746,-0.11028563976287842,-0.19119328260421753,-0.14773929119110107,-0.09897303581237793,-0.1885216236114502,-0.15647318959236145,-0.042220115661621094,-0.218311607837677,-0.08052803575992584,-0.06067824363708496,-0.050124943256378174,-0.1300586611032486,-0.058816492557525635,0.04388272762298584,-0.1282585710287094,-0.05376279354095459,0.03860783576965332,-0.12076138705015182,0.014597117900848389,-0.19893401861190796,-0.08456537872552872,-0.0013810992240905762,-0.012552857398986816,-0.1331128627061844,-0.008382678031921387,0.06312966346740723,-0.1138237938284874,-0.010758399963378906,0.048668622970581055,-0.09307727962732315,0.06705492734909058,-0.15448254346847534,-0.09401249885559082,0.05474048852920532,-0.005021035671234131,-0.1349613517522812,0.0388525128364563,0.05674636363983154,-0.13076497614383698,0.027933120727539062,0.04577481746673584,-0.11863169819116592
0.0,0.0,0.0,-0.05497246980667114,0.011449277400970459,-0.046198442578315735,-0.1168355941772461,0.00440061092376709,-0.08431907743215561,-0.12368547916412354,0.02344423532485962,-0.11835505068302155,-0.08231723308563232,0.029438138008117676,-0.14574091136455536,-0.09792965650558472,-0.17486220598220825,-0.08221500366926193,-0.11671406030654907,-0.19506561756134033,-0.13312840461730957,-0.10847371816635132,-0.1904659867286682,-0.1544928252696991,-0.0978652834892273,-0.19008076190948486,-0.16590556502342224,-0.03916376829147339,-0.21837908029556274,-0.08039920777082443,-0.055308759212493896,-0.06136000156402588,-0.1297069936990738,-0.05340522527694702,0.03017204999923706,-0.12937363982200623,-0.04975682497024536,0.026487350463867188,-0.1230558305978775,0.017601609230041504,-0.19927209615707397,-0.08363654464483261,0.002071559429168701,-0.011358916759490967,-0.13144367933273315,-0.007115423679351807,0.06327086687088013,-0.11374747008085251,-0.011575639247894287,0.04609471559524536,-0.09429021179676056,0.07054764032363892,-0.1555994749069214,-0.09209024906158447,0.057099103927612305,-0.0031879544258117676,-0.13176143169403076,0.03976404666900635,0.05787402391433716,-0.1278984397649765,0.028298914432525635,0.04323512315750122,-0.11645415425300598
0.0,0.0,0.0,-0.056446373462677,0.014515399932861328,-0.04811900109052658,-0.11826914548873901,0.010579526424407959,-0.08794999122619629,-0.1230282187461853,0.03046417236328125,-0.1238275021314621,-0.08178013563156128,0.03610789775848389,-0.15295660495758057,-0.0972738265991211,-0.17752915620803833,-0.08443285524845123,-0.11594372987747192,-0.19774991273880005,-0.1342298537492752,-0.10808241367340088,-0.18758851289749146,-0.15380093455314636,-0.09640973806381226,-0.17841178178787231,-0.16367146372795105,-0.03737515211105347,-0.21874386072158813,-0.08255530893802643,-0.05432707071304321,-0.050031840801239014,-0.13136890530586243,-0.05559813976287842,0.04159444570541382,-0.13038530945777893,-0.05227428674697876,0.040162503719329834,-0.12364038079977036,0.019456446170806885,-0.19687968492507935,-0.08584945648908615,0.0039092302322387695,-0.007062375545501709,-0.1333371251821518,-0.006840229034423828,0.06375366449356079,-0.11467746645212173,-0.011709630489349365,0.048486173152923584,-0.0945635661482811,0.07119405269622803,-0.1505523920059204,-0.09460749477148056,0.05912899971008301,0.0003191232681274414,-0.1341858208179474,0.040858566761016846,0.05990314483642578,-0.12904860079288483,0.028731942176818848,0.048683226108551025,-0.11630132794380188
0.0,0.0,0.0,-0.058279216289520264,0.01743483543395996,-0.050326358526945114,-0.12367039918899536,0.014216959476470947,-0.09284225106239319,-0.1281874179840088,0.025476038455963135,-0.13154274225234985,-0.08565247058868408,0.028321027755737305,-0.1642884910106659,-0.09939414262771606,-0.1750989556312561,-0.08660762012004852,-0.11638671159744263,-0.19592934846878052,-0.13835352659225464,-0.10884976387023926,-0.19287961721420288,-0.16048559546470642,-0.09725338220596313,-0.19764983654022217,-0.17278002202510834,-0.03758728504180908,-0.21659928560256958,-0.08545559644699097,-0.054887473583221436,-0.0563012957572937,-0.1373414248228073,-0.05890464782714844,0.039756834506988525,-0.13749685883522034,-0.05562800168991089,0.03592723608016968,-0.1310327649116516,0.020369231700897217,-0.19615328311920166,-0.08983930200338364,0.0056416988372802734,-0.013410806655883789,-0.14054910838603973,-0.006907045841217041,0.061296939849853516,-0.12238939106464386,-0.012249767780303955,0.047570228576660156,-0.10180845111608505,0.07262295484542847,-0.15142279863357544,-0.09986937791109085,0.060815393924713135,-0.007791996002197266,-0.14011907577514648,0.04218477010726929,0.05436098575592041,-0.1341816782951355,0.02957671880722046,0.04557013511657715,-0.1208672747015953
0.0,0.0,0.0,-0.059462547302246094,0.017160773277282715,-0.048865120857954025,-0.12386000156402588,0.012084484100341797,-0.0890040248632431,-0.12789344787597656,0.027532100677490234,-0.12523075938224792,-0.08447390794754028,0.0337061882019043,-0.15497718751430511,-0.09926730394363403,-0.17181384563446045,-0.08479765057563782,-0.11606842279434204,-0.1946580410003662,-0.13460414111614227,-0.10919821262359619,-0.1927037239074707,-0.15407107770442963,-0.0981605052947998,-0.19443410634994507,-0.1643114537000656,-0.03877156972885132,-0.21524739265441895,-0.08293279260396957,-0.056099116802215576,-0.04469728469848633,-0.1332557201385498,-0.05965590476989746,0.0482865571975708,-0.13192228972911835,-0.057263970375061035,0.04327797889709473,-0.12439797073602676,0.01861751079559326,-0.19503295421600342,-0.08637170493602753,0.0036664605140686035,-0.005242347717285156,-0.13556908071041107,-0.008034944534301758,0.0663992166519165,-0.11631748825311661,-0.013145208358764648,0.05093204975128174,-0.09515786170959473,0.07046818733215332,-0.1502407193183899,-0.09537391364574432,0.05879086256027222,-6.115436553955078e-05,-0.1366356760263443,0.04044824838638306,0.06037461757659912,-0.13176436722278595,0.028386354446411133,0.05025839805603027,-0.1187460795044899
0.0,0.0,0.0,-0.0587497353553772,0.01513051986694336,-0.049289900809526443,-0.1232941746711731,0.009043097496032715,-0.08973082154989243,-0.12737184762954712,0.020869135856628418,-0.12639693915843964,-0.08413201570510864,0.024963021278381348,-0.156590074300766,-0.10005611181259155,-0.17859244346618652,-0.08232386410236359,-0.11598080396652222,-0.1987687349319458,-0.13338610529899597,-0.10899972915649414,-0.19631820917129517,-0.15429902076721191,-0.09773379564285278,-0.2037065625190735,-0.16560840606689453,-0.03961759805679321,-0.22284406423568726,-0.08092343807220459,-0.05805689096450806,-0.050363242626190186,-0.13286681473255157,-0.06260031461715698,0.044283151626586914,-0.13201066851615906,-0.05985879898071289,0.03675079345703125,-0.12390758842229843,0.018043577671051025,-0.20321547985076904,-0.08526378870010376,0.0026407241821289062,-0.009876728057861328,-0.13476698100566864,-0.00966346263885498,0.06008648872375488,-0.11432748287916183,-0.014593183994293213,0.0404011607170105,-0.09184578061103821,0.07000458240509033,-0.15817934274673462,-0.09546078741550446,0.056074678897857666,-0.001924753189086914,-0.13645662367343903,0.0377773642539978,0.05734419822692871,-0.13089734315872192,0.026930630207061768,0.04349172115325928,-0.11687955260276794
0.0,0.0,0.0,-0.057506561279296875,0.017548739910125732,-0.04805426299571991,-0.11972665786743164,0.014050602912902832,-0.0869591161608696,-0.12474101781845093,0.03322553634643555,-0.12191171944141388,-0.08289748430252075,0.040286898612976074,-0.1504715085029602,-0.09843164682388306,-0.16923117637634277,-0.08318105340003967,-0.11544477939605713,-0.19274383783340454,-0.13235537707805634,-0.10832726955413818,-0.18858295679092407,-0.1520346701145172,-0.09697699546813965,-0.18769949674606323,-0.16257619857788086,-0.038174211978912354,-0.21359038352966309,-0.08116757869720459,-0.05627173185348511,-0.038233399391174316,-0.1311093121767044,-0.06026589870452881,0.05560445785522461,-0.13088847696781158,-0.058435797691345215,0.05405157804489136,-0.1243300586938858,0.018969476222991943,-0.1933419108390808,-0.0843406617641449,0.0029307007789611816,0.002980828285217285,-0.13284267485141754,-0.009255588054656982,0.07400274276733398,-0.11495649814605713,-0.014448404312133789,0.05721557140350342,-0.09506379812955856,0.07064366340637207,-0.14808642864227295,-0.0929252952337265,0.05688285827636719,0.010607242584228516,-0.1338614672422409,0.03803527355194092,0.070426344871521,-0.12992271780967712,0.02642810344696045,0.05800527334213257,-0.1177881732583046
0.0,0.0,0.0,-0.05729490518569946,0.014191687107086182,-0.049707043915987015,-0.12053424119949341,0.011739850044250488,-0.08988089859485626,-0.12362515926361084,0.03001546859741211,-0.12588755786418915,-0.07917541265487671,0.037544846534729004,-0.15594568848609924,-0.09737759828567505,-0.17638933658599854,-0.0839558020234108,-0.11395114660263062,-0.1882997751235962,-0.13543997704982758,-0.10746091604232788,-0.18640565872192383,-0.15725339949131012,-0.09656763076782227,-0.19624674320220947,-0.1690267026424408,-0.03604847192764282,-0.21655648946762085,-0.08260837197303772,-0.05449420213699341,-0.041794419288635254,-0.13589785993099213,-0.06127661466598511,0.05208700895309448,-0.13572905957698822,-0.06013268232345581,0.04344165325164795,-0.1277504861354828,0.022167205810546875,-0.19444739818572998,-0.0869164764881134,0.006866037845611572,-0.001914680004119873,-0.1375899314880371,-0.007666051387786865,0.06853818893432617,-0.11745912581682205,-0.014545738697052002,0.04981517791748047,-0.09465377777814865,0.07346999645233154,-0.14835691452026367,-0.09705790132284164,0.06021147966384888,0.00589299201965332,-0.1394631564617157,0.041208744049072266,0.06420731544494629,-0.13415087759494781,0.029387712478637695,0.0510331392288208,-0.11985162645578384
0.0,0.0,0.0,-0.058503150939941406,0.012366712093353271,-0.049174532294273376,-0.12333697080612183,0.007715702056884766,-0.09024610370397568,-0.12783056497573853,0.021853208541870117,-0.12744763493537903,-0.08404284715652466,0.028422772884368896,-0.15853852033615112,-0.10121732950210571,-0.17795288562774658,-0.08411624282598495,-0.11627048254013062,-0.19181036949157715,-0.13350757956504822,-0.10980480909347534,-0.19177645444869995,-0.1536039263010025,-0.10039222240447998,-0.1971098780632019,-0.16476668417453766,-0.040978431701660156,-0.22096550464630127,-0.08313113451004028,-0.05803960561752319,-0.05157977342605591,-0.1333768367767334,-0.06114470958709717,0.04277622699737549,-0.13237828016281128,-0.05797380208969116,0.04098540544509888,-0.12488093972206116,0.016994893550872803,-0.20052874088287354,-0.08746184408664703,0.0028318166732788086,-0.010721683502197266,-0.135836660861969,-0.008834302425384521,0.06051182746887207,-0.11553850024938583,-0.014028728008270264,0.0460352897644043,-0.09364613145589828,0.0688023567199707,-0.15439534187316895,-0.09759234637022018,0.05643194913864136,-0.0013952255249023438,-0.13759222626686096,0.03848862648010254,0.057633042335510254,-0.131464421749115,0.027127206325531006,0.04521620273590088,-0.11749608814716339
0.0,0.0,0.0,-0.056978702545166016,0.010227382183074951,-0.04877462610602379,-0.12008523941040039,0.0069841742515563965,-0.09041839092969894,-0.12536722421646118,0.02709108591079712,-0.12874877452850342,-0.08284866809844971,0.036650002002716064,-0.16076740622520447,-0.0977984070777893,-0.17951905727386475,-0.08279475569725037,-0.1138884425163269,-0.19647842645645142,-0.13240689039230347,-0.10916298627853394,-0.19098979234695435,-0.15185092389583588,-0.1016731858253479,-0.18648439645767212,-0.16179460287094116,-0.03873533010482788,-0.2184651494026184,-0.08236206322908401,-0.05757546424865723,-0.04835546016693115,-0.13221415877342224,-0.0569843053817749,0.04505026340484619,-0.13112559914588928,-0.05095529556274414,0.04454457759857178,-0.12339755892753601,0.018109261989593506,-0.196069598197937,-0.08739649504423141,0.0013845562934875488,-0.00648653507232666,-0.13457563519477844,-0.006801128387451172,0.06307750940322876,-0.11353836953639984,-0.009709060192108154,0.04749041795730591,-0.09129103273153305,0.0690232515335083,-0.1486104130744934,-0.09835599362850189,0.054898738861083984,0.004925668239593506,-0.13634175062179565,0.03816068172454834,0.06346499919891357,-0.12883354723453522,0.028128206729888916,0.050967276096343994,-0.11400029808282852
0.0,0.0,0.0,-0.05361366271972656,0.013405442237854004,-0.04863729327917099,-0.11208534240722656,0.012230336666107178,-0.08993914723396301,-0.11581850051879883,0.03482651710510254,-0.1276056468486786,-0.07577812671661377,0.041787922382354736,-0.15888436138629913,-0.09266173839569092,-0.1727461814880371,-0.08421023190021515,-0.11021214723587036,-0.1865728497505188,-0.13473853468894958,-0.10540109872817993,-0.17407143115997314,-0.1561506688594818,-0.09715074300765991,-0.16377532482147217,-0.16728898882865906,-0.034189581871032715,-0.20955735445022583,-0.08279656618833542,-0.05047166347503662,-0.03680109977722168,-0.13217231631278992,-0.0490378737449646,0.05247217416763306,-0.13312363624572754,-0.04442363977432251,0.051241397857666016,-0.12790440022945404,0.02212083339691162,-0.18696212768554688,-0.08655903488397598,0.00622713565826416,0.002991318702697754,-0.13273821771144867,-0.0011257529258728027,0.07219409942626953,-0.11384155601263046,-0.004022479057312012,0.05667608976364136,-0.09408688545227051,0.07331150770187378,-0.1414167284965515,-0.09607452899217606,0.05956774950027466,0.011952877044677734,-0.13297544419765472,0.042604923248291016,0.07090198993682861,-0.12636230885982513,0.03240710496902466,0.05866318941116333,-0.1130351722240448
0.0,0.0,0.0,-0.053619325160980225,0.010009527206420898,-0.04876939207315445,-0.11135119199752808,0.00595700740814209,-0.0909690260887146,-0.11312586069107056,0.027182698249816895,-0.1300649493932724,-0.07221204042434692,0.037283480167388916,-0.16313466429710388,-0.08929479122161865,-0.17595666646957397,-0.08357023447751999,-0.10398167371749878,-0.1959209442138672,-0.13608278334140778,-0.09995317459106445,-0.18684488534927368,-0.15811479091644287,-0.09268409013748169,-0.17914247512817383,-0.16911405324935913,-0.030682504177093506,-0.21304309368133545,-0.08244259655475616,-0.047738492488861084,-0.04461449384689331,-0.13338403403759003,-0.04983633756637573,0.04810422658920288,-0.13282893598079681,-0.04653298854827881,0.043484270572662354,-0.12524428963661194,0.025912582874298096,-0.19005131721496582,-0.0869104340672493,0.010339856147766113,-0.002756655216217041,-0.1344793736934662,0.0017036199569702148,0.06954222917556763,-0.11358828097581863,-0.0014518499374389648,0.05392664670944214,-0.0914052352309227,0.07649338245391846,-0.1433931589126587,-0.09728186577558517,0.06299060583114624,0.012016355991363525,-0.1353844851255417,0.045955777168273926,0.07137376070022583,-0.12841583788394928,0.03666430711746216,0.057443082332611084,-0.11390520632266998
0.0,0.0,0.0,-0.05361461639404297,0.01146852970123291,-0.04792342334985733,-0.11083483695983887,0.008468449115753174,-0.08996887505054474,-0.11289125680923462,0.030449271202087402,-0.12902507185935974,-0.07216668128967285,0.04218721389770508,-0.16210277378559113,-0.08894479274749756,-0.17164987325668335,-0.08289483934640884,-0.10155880451202393,-0.18856847286224365,-0.13308359682559967,-0.09912896156311035,-0.1791285276412964,-0.1533878892660141,-0.09470444917678833,-0.17272847890853882,-0.16402290761470795,-0.030223190784454346,-0.20691555738449097,-0.08226887136697769,-0.04905432462692261,-0.03522610664367676,-0.13229487836360931,-0.05242079496383667,0.0640249252319336,-0.132118359208107,-0.04917299747467041,0.061524033546447754,-0.12584224343299866,0.026308715343475342,-0.18413978815078735,-0.08683459460735321,0.010789990425109863,0.0018166303634643555,-0.13387832045555115,0.0018900036811828613,0.07849645614624023,-0.11359116435050964,-0.0016064047813415527,0.06432175636291504,-0.0928550735116005,0.07673132419586182,-0.1377614140510559,-0.09710100293159485,0.06355041265487671,0.01584339141845703,-0.1347658634185791,0.04619920253753662,0.07775187492370605,-0.12781795859336853,0.03613835573196411,0.06411826610565186,-0.11428135633468628
0.0,0.0,0.0,-0.05492973327636719,0.012281835079193115,-0.04671424254775047,-0.11271482706069946,0.007684588432312012,-0.08610517531633377,-0.11595737934112549,0.030600905418395996,-0.12184926867485046,-0.076690673828125,0.03982436656951904,-0.1515962779521942,-0.0919075608253479,-0.1710243821144104,-0.08247699588537216,-0.10653293132781982,-0.1881064772605896,-0.13296614587306976,-0.10271728038787842,-0.18614691495895386,-0.1554655283689499,-0.09648799896240234,-0.18609118461608887,-0.16789738833904266,-0.03302419185638428,-0.21159780025482178,-0.08082999289035797,-0.04923969507217407,-0.040718019008636475,-0.13005699217319489,-0.052035748958587646,0.05558741092681885,-0.13043858110904694,-0.050681352615356445,0.056532979011535645,-0.12491985410451889,0.02331531047821045,-0.19069236516952515,-0.08420845866203308,0.007912695407867432,-0.002492189407348633,-0.1310565173625946,-0.0027180910110473633,0.07179951667785645,-0.11256633698940277,-0.00783085823059082,0.05721467733383179,-0.0931171402335167,0.07413268089294434,-0.1467989683151245,-0.0929715484380722,0.060935020446777344,0.008490145206451416,-0.13152016699314117,0.04182940721511841,0.06939482688903809,-0.1264154464006424,0.03046935796737671,0.05621159076690674,-0.1141597330570221
0.0,0.0,0.0,-0.05419045686721802,0.014911770820617676,-0.047369591891765594,-0.11213123798370361,0.014444470405578613,-0.08715039491653442,-0.11636269092559814,0.03693211078643799,-0.12296119332313538,-0.07738959789276123,0.04212266206741333,-0.1524183303117752,-0.09267669916152954,-0.16823077201843262,-0.0849834606051445,-0.10869038105010986,-0.18618649244308472,-0.13844536244869232,-0.10304903984069824,-0.18075329065322876,-0.16287578642368317,-0.09442943334579468,-0.17879986763000488,-0.17615492641925812,-0.03429323434829712,-0.20850306749343872,-0.08321558684110641,-0.04913967847824097,-0.03706002235412598,-0.13507351279258728,-0.05091094970703125,0.05660820007324219,-0.13630466163158417,-0.049923837184906006,0.054561614990234375,-0.13106189668178558,0.021947383880615234,-0.187863290309906,-0.08664965629577637,0.008326947689056396,0.0005015134811401367,-0.13549891114234924,-0.002417623996734619,0.07524144649505615,-0.11674194037914276,-0.008394062519073486,0.060891151428222656,-0.09661534428596497,0.07284128665924072,-0.14461678266525269,-0.09558483213186264,0.061082661151885986,0.01109248399734497,-0.1360972672700882,0.04177898168563843,0.0723412036895752,-0.13153089582920074,0.02961587905883789,0.05987769365310669,-0.11916296929121017
0.0,0.0,0.0,-0.05750584602355957,0.015907645225524902,-0.04760302975773811,-0.11868643760681152,0.011551082134246826,-0.0881008505821228,-0.12323075532913208,0.02778804302215576,-0.12500186264514923,-0.08255898952484131,0.03106313943862915,-0.1563035398721695,-0.09664726257324219,-0.16828519105911255,-0.0828901156783104,-0.1121443510055542,-0.19311034679412842,-0.1356426328420639,-0.1081305742263794,-0.19926726818084717,-0.16047172248363495,-0.10046607255935669,-0.21129512786865234,-0.17489764094352722,-0.03694707155227661,-0.2127246856689453,-0.08166741579771042,-0.053727924823760986,-0.0477217435836792,-0.13395456969738007,-0.05738955736160278,0.05294734239578247,-0.13480788469314575,-0.05533784627914429,0.05181682109832764,-0.12896360456943512,0.01957756280899048,-0.1933274269104004,-0.08583831787109375,0.003925204277038574,-0.006569981575012207,-0.13569654524326324,-0.008941709995269775,0.07293862104415894,-0.11701700836420059,-0.01542818546295166,0.05959153175354004,-0.09663905948400497,0.07087856531143188,-0.1491519808769226,-0.09547332674264908,0.05679255723953247,0.0028401613235473633,-0.13597433269023895,0.03634631633758545,0.06657689809799194,-0.13083799183368683,0.022904276847839355,0.055790066719055176,-0.11826968938112259
0.0,0.0,0.0,-0.05644267797470093,0.015935778617858887,-0.043642282485961914,-0.11568927764892578,0.008901715278625488,-0.08141548931598663,-0.1195521354675293,0.029916107654571533,-0.11651626974344254,-0.07871496677398682,0.03820168972015381,-0.14591436088085175,-0.0944473147392273,-0.1659165620803833,-0.07768359035253525,-0.10879015922546387,-0.2019418478012085,-0.1276557743549347,-0.10866725444793701,-0.2056143879890442,-0.15056446194648743,-0.1055554747581482,-0.21418046951293945,-0.16386142373085022,-0.035076022148132324,-0.20787054300308228,-0.07787227630615234,-0.05143672227859497,-0.04092484712600708,-0.12773290276527405,-0.05558222532272339,0.057927489280700684,-0.12885019183158875,-0.05495208501815796,0.054109811782836914,-0.1243206113576889,0.021058320999145508,-0.18572747707366943,-0.08306290954351425,0.00610661506652832,-0.0026247501373291016,-0.1312198042869568,-0.007163822650909424,0.0781131386756897,-0.11324072629213333,-0.014360547065734863,0.06398862600326538,-0.09435027837753296,0.0720895528793335,-0.13965272903442383,-0.09334779530763626,0.059701621532440186,0.009432196617126465,-0.13281863927841187,0.038341522216796875,0.07372051477432251,-0.1278485208749771,0.023805975914001465,0.06272292137145996,-0.11627258360385895
0.0,0.0,0.0,-0.054030001163482666,0.01837289333343506,-0.04599174112081528,-0.11263871192932129,0.013698995113372803,-0.08653514087200165,-0.11793243885040283,0.03167295455932617,-0.12481377273797989,-0.07829409837722778,0.03208112716674805,-0.1574048101902008,-0.09530383348464966,-0.17040973901748657,-0.07759424299001694,-0.11278122663497925,-0.21189141273498535,-0.12569883465766907,-0.11490702629089355,-0.21825218200683594,-0.14503730833530426,-0.11265778541564941,-0.2202736735343933,-0.15535099804401398,-0.036550045013427734,-0.21185767650604248,-0.07762367278337479,-0.0545768141746521,-0.048313260078430176,-0.12624162435531616,-0.05802488327026367,0.05039703845977783,-0.12506495416164398,-0.05463212728500366,0.04774177074432373,-0.11817560344934464,0.019917726516723633,-0.1897220015525818,-0.08303026109933853,0.00597834587097168,-0.012976348400115967,-0.13068945705890656,-0.006428718566894531,0.06601458787918091,-0.10997963696718216,-0.013130009174346924,0.05534076690673828,-0.08867127448320389,0.0708627700805664,-0.14205515384674072,-0.09380904585123062,0.06023514270782471,-0.0004023313522338867,-0.13307763636112213,0.04005634784698486,0.06295514106750488,-0.12620607018470764,0.025569558143615723,0.05479586124420166,-0.1125505194067955
0.0,0.0,0.0,-0.054186880588531494,0.01776975393295288,-0.04562005773186684,-0.11324948072433472,0.013798296451568604,-0.08488745242357254,-0.11887949705123901,0.03316599130630493,-0.1218273788690567,-0.07875317335128784,0.03371232748031616,-0.153370663523674,-0.09704077243804932,-0.1677369475364685,-0.07614851742982864,-0.11349469423294067,-0.20344549417495728,-0.12473876029253006,-0.11622554063796997,-0.21302443742752075,-0.14472532272338867,-0.11421030759811401,-0.22291529178619385,-0.15575800836086273,-0.037253618240356445,-0.2107965350151062,-0.07621611654758453,-0.05526554584503174,-0.04509633779525757,-0.12614235281944275,-0.06017071008682251,0.05641007423400879,-0.1244511678814888,-0.057654738426208496,0.051550328731536865,-0.11672418564558029,0.019775867462158203,-0.18898320198059082,-0.08189186453819275,0.005917489528656006,-0.014472901821136475,-0.13222254812717438,-0.008164703845977783,0.06876963376998901,-0.11123210191726685,-0.016573548316955566,0.059129536151885986,-0.08888548612594604,0.07029169797897339,-0.14066463708877563,-0.0927177220582962,0.05990713834762573,0.0009194612503051758,-0.13540051877498627,0.03950989246368408,0.06633538007736206,-0.12954340875148773,0.02438443899154663,0.05985385179519653,-0.11590038985013962
0.0,0.0,0.0,-0.054191648960113525,0.010314643383026123,-0.04623325541615486,-0.10845917463302612,-0.010522007942199707,-0.08372744172811508,-0.1128045916557312,-0.007582902908325195,-0.11842033267021179,-0.08001023530960083,-0.020153701305389404,-0.1476176232099533,-0.08274567127227783,-0.1808178424835205,-0.07257585972547531,-0.1012120246887207,-0.16366201639175415,-0.11969464272260666,-0.10484963655471802,-0.12545478343963623,-0.13974851369857788,-0.10333013534545898,-0.11981582641601562,-0.1506117433309555,-0.02521747350692749,-0.20506173372268677,-0.07121910154819489,-0.042107462882995605,-0.04185521602630615,-0.11659151315689087,-0.04939335584640503,0.05202305316925049,-0.12083010375499725,-0.04866194725036621,0.039050281047821045,-0.11970307677984238,0.02943253517150879,-0.17771393060684204,-0.07488415390253067,0.012491941452026367,-0.007410407066345215,-0.12082041054964066,-0.0034927725791931152,0.07303804159164429,-0.10841011255979538,-0.012334585189819336,0.05827891826629639,-0.093973308801651,0.07691550254821777,-0.12953758239746094,-0.08329358696937561,0.0643962025642395,0.003653585910797119,-0.11887302249670029,0.04184085130691528,0.06648457050323486,-0.11505626142024994,0.02621084451675415,0.05899465084075928,-0.1055232584476471
